accident_id,ST_CASE,VE_TOTAL,VE_FORMS,PEDS,PERSONS,COUNTY,county_name,CITY,city_name,DAY,MONTH,YEAR,HOUR,MINUTE,NHS,FUNC_SYS,func_sys_lit,ROAD_FNC,road_fnc_lit,RD_OWNER,rd_owner_lit,TWAY_ID,TWAY_ID2,LATITUDE,LONGITUD,SP_JUR,sp_jur_lit,HARM_EV,harm_ev_lit,MAN_COLL,man_coll_lit,RELJCT1,RELJCT2,TYP_INT,WRK_ZONE,REL_ROAD,LGT_COND,lgt_cond_lit,WEATHER,weather_lit,SCH_BUS,CF1,CF2,CF3,cf1_lit,cf2_lit,cf3_lit,FATALS,A_INTER,a_inter_lit,A_ROADFC,a_road_fc_lit,A_TOD,a_tod_lit,A_DOW,a_dow_lit,A_LT,a_lt_lit,A_SPCRA,a_spcra_lit,A_PED,a_ped_lit,A_PED_F,a_ped_f_lit,A_PEDAL,a_pedal_lit,A_PEDAL_F,a_pedal_f_lit,A_POLPUR,a_polour_lit,A_POSBAC,a_posbac_lit,A_DIST,a_dist_lit,A_DROWSY,a_drowsy_lit,INDIAN_RES,indian_res_lit
2012040146,40146,1,1,0,1,25,YAVAPAI,0,NONE LISTED,29,3,2012,14,42,1,,.,1,Rural-Principal Arterial-Interstate,,.,I-17,,34.130102780,-112.150002780,0,No Special Jurisdiction,24,Guardrail Face,0,Not a Collision with Motor Vehicle In-Transport,0,1,1,0,3,1,Daylight,1,Clear,No,0,0,0,None,None,None,1,1,Interstate,1,"Interstate, principal arterial",1,Daytime,1,Weekday,2,Other Crash,2,Other Crash,2,Other Crash,2,Other Crash,2,Other Crash,2,Other Crash,2,Other Crash,2,All Drivers With ZERO BAC Testing Crash,2,Other Crash,2,Other Crash,0,Not Tribal Lands
2012040147,40147,3,3,0,3,13,MARICOPA,475,SUN CITY,30,3,2012,9,5,1,,.,13,Urban-Other Principal Arterial,,.,US-60,107TH AVE,33.602780560,-112.290027780,0,No Special Jurisdiction,12,Motor Vehicle In-Transport,6,Angle,0,2,2,0,1,1,Daylight,1,Clear,No,0,0,0,None,None,None,1,2,Non-Interstate,3,"Principal arterial, other",1,Daytime,1,Weekday,2,Other Crash,2,Other Crash,2,Other Crash,2,Other Crash,2,Other Crash,2,Other Crash,2,Other Crash,3,Unknown BAC Crash,2,Other Crash,2,Other Crash,0,Not Tribal Lands
2012040148,40148,2,2,0,2,19,PIMA,530,TUCSON,31,3,2012,1,15,0,,.,14,Urban-Minor Arterial,,.,RUTHRAUFF RD,RUTH ST,32.293397220,-111.004938890,0,No Special Jurisdiction,12,Motor Vehicle In-Transport,1,Front-to-Rear,0,2,3,0,1,3,Dark - Lighted,1,Clear,No,0,0,0,None,None,None,1,2,Non-Interstate,4,Minor arterial,2,Nighttime,2,Weekend,1,Large Truck Involved Crash,2,Other Crash,2,Other Crash,2,Other Crash,2,Other Crash,2,Other Crash,2,Other Crash,1,Driver With Positive BAC Testing Crash,2,Other Crash,2,Other Crash,0,Not Tribal Lands
2012040149,40149,1,1,0,2,7,GILA,0,NONE LISTED,31,3,2012,10,24,0,,.,3,Rural-Minor Arterial,,.,US-60,,33.363227780,-110.941988890,0,No Special Jurisdiction,31,"Post, Pole or Other Supports",0,Not a Collision with Motor Vehicle In-Transport,0,1,1,0,4,1,Daylight,1,Clear,No,0,0,0,None,None,None,1,2,Non-Interstate,4,Minor arterial,1,Daytime,2,Weekend,2,Other Crash,1,Speeding Involved Crash,2,Other Crash,2,Other Crash,2,Other Crash,2,Other Crash,2,Other Crash,2,All Drivers With ZERO BAC Testing Crash,2,Other Crash,2,Other Crash,0,Not Tribal Lands
2012040150,40150,1,1,0,1,5,COCONINO,0,NONE LISTED,31,3,2012,12,53,1,,.,1,Rural-Principal Arterial-Interstate,,.,I-17,,34.809563890,-111.605058330,0,No Special Jurisdiction,58,Ground,0,Not a Collision with Motor Vehicle In-Transport,0,1,1,0,5,9,Unknown,99,Unknown,No,0,0,0,None,None,None,1,1,Interstate,1,"Interstate, principal arterial",1,Daytime,2,Weekend,2,Other Crash,2,Other Crash,2,Other Crash,2,Other Crash,2,Other Crash,2,Other Crash,2,Other Crash,2,All Drivers With ZERO BAC Testing Crash,2,Other Crash,2,Other Crash,0,Not Tribal Lands
2012040153,40153,1,1,1,1,19,PIMA,530,TUCSON,7,3,2012,8,40,1,,.,13,Urban-Other Principal Arterial,,.,ALVERNON WAY,BROADWAY RD,32.221219440,-110.909522220,0,No Special Jurisdiction,8,Pedestrian,0,Not a Collision with Motor Vehicle In-Transport,0,3,2,0,1,1,Daylight,1,Clear,No,0,0,0,None,None,None,1,2,Non-Interstate,3,"Principal arterial, other",1,Daytime,1,Weekday,2,Other Crash,2,Other Crash,1,Pedestrian Involved Crash,1,Involving a pedestrian fatality,2,Other Crash,2,Other Crash,2,Other Crash,3,Unknown BAC Crash,2,Other Crash,2,Other Crash,0,Not Tribal Lands
2012040154,40154,1,1,1,1,19,PIMA,530,TUCSON,20,3,2012,12,7,1,,.,13,Urban-Other Principal Arterial,,.,ALVERNON WAY,,32.232158330,-110.909675000,0,No Special Jurisdiction,8,Pedestrian,0,Not a Collision with Motor Vehicle In-Transport,0,4,1,0,4,1,Daylight,1,Clear,No,0,0,0,None,None,None,1,2,Non-Interstate,3,"Principal arterial, other",1,Daytime,1,Weekday,2,Other Crash,2,Other Crash,1,Pedestrian Involved Crash,1,Involving a pedestrian fatality,2,Other Crash,2,Other Crash,2,Other Crash,2,All Drivers With ZERO BAC Testing Crash,2,Other Crash,2,Other Crash,0,Not Tribal Lands
2012040155,40155,2,2,0,4,13,MARICOPA,80,CHANDLER,22,3,2012,18,36,0,,.,15,Urban-Collector,,.,PECOS RD,EMMETT DR,33.291788890,-111.798338890,0,No Special Jurisdiction,12,Motor Vehicle In-Transport,6,Angle,0,2,2,0,1,1,Daylight,1,Clear,No,0,0,0,None,None,None,1,2,Non-Interstate,5,Collector,2,Nighttime,1,Weekday,2,Other Crash,2,Other Crash,2,Other Crash,2,Other Crash,2,Other Crash,2,Other Crash,2,Other Crash,3,Unknown BAC Crash,2,Other Crash,2,Other Crash,0,Not Tribal Lands
2012040156,40156,1,1,0,1,19,PIMA,530,TUCSON,24,3,2012,20,0,0,,.,14,Urban-Minor Arterial,,.,CAMINO SECO,PLACITA DEL ESCHELA,32.225916670,-110.806725000,0,No Special Jurisdiction,33,Curb,0,Not a Collision with Motor Vehicle In-Transport,0,3,3,0,4,3,Dark - Lighted,1,Clear,No,0,0,0,None,None,None,1,2,Non-Interstate,4,Minor arterial,2,Nighttime,2,Weekend,2,Other Crash,2,Other Crash,2,Other Crash,2,Other Crash,2,Other Crash,2,Other Crash,2,Other Crash,2,All Drivers With ZERO BAC Testing Crash,2,Other Crash,2,Other Crash,0,Not Tribal Lands
2012040157,40157,1,1,1,2,13,MARICOPA,420,SCOTTSDALE,23,3,2012,18,52,0,,.,15,Urban-Collector,,.,VIA LINDA,96TH ST,33.571725000,-111.874088890,0,No Special Jurisdiction,8,Pedestrian,0,Not a Collision with Motor Vehicle In-Transport,0,3,2,0,1,5,Dusk,1,Clear,No,0,0,0,None,None,None,1,2,Non-Interstate,5,Collector,2,Nighttime,2,Weekend,2,Other Crash,2,Other Crash,1,Pedestrian Involved Crash,1,Involving a pedestrian fatality,2,Other Crash,2,Other Crash,2,Other Crash,2,All Drivers With ZERO BAC Testing Crash,2,Other Crash,2,Other Crash,0,Not Tribal Lands
2012040158,40158,1,1,0,4,13,MARICOPA,420,SCOTTSDALE,25,3,2012,0,10,1,,.,12,Urban-Principal Arterial-Other Freeways or Expressways,,.,SR-101,,33.638405560,-111.890138890,0,No Special Jurisdiction,25,Concrete Traffic Barrier,0,Not a Collision with Motor Vehicle In-Transport,0,1,1,0,3,3,Dark - Lighted,1,Clear,No,19,0,0,Recent/Previous Crash scene Nearby,None,None,1,2,Non-Interstate,2,"Freeway and expressway, principal arterial",2,Nighttime,2,Weekend,2,Other Crash,1,Speeding Involved Crash,2,Other Crash,2,Other Crash,2,Other Crash,2,Other Crash,2,Other Crash,2,All Drivers With ZERO BAC Testing Crash,1,Involving a Distracted Driver,2,Other Crash,0,Not Tribal Lands
2012040159,40159,1,1,0,1,13,MARICOPA,189,GILA BEND,23,2,2012,99,99,0,,.,4,Rural-Major Collector,,.,OLD US 80,,32.953822220,-112.699613890,0,No Special Jurisdiction,43,Other Fixed Object,0,Not a Collision with Motor Vehicle In-Transport,0,1,1,0,6,6,Dark - Unknown Lighting,99,Unknown,No,0,0,0,None,None,None,1,2,Non-Interstate,5,Collector,3,Unknown,1,Weekday,2,Other Crash,2,Other Crash,2,Other Crash,2,Other Crash,2,Other Crash,2,Other Crash,2,Other Crash,1,Driver With Positive BAC Testing Crash,2,Other Crash,2,Other Crash,0,Not Tribal Lands
2012040160,40160,2,2,0,6,3,COCHISE,0,NONE LISTED,7,3,2012,7,25,1,,.,1,Rural-Principal Arterial-Interstate,,.,I-10,,32.362383330,-109.645925000,0,No Special Jurisdiction,12,Motor Vehicle In-Transport,7,Sideswipe - Same Direction,0,1,1,0,1,1,Daylight,1,Clear,No,0,0,0,None,None,None,1,1,Interstate,1,"Interstate, principal arterial",1,Daytime,1,Weekday,2,Other Crash,2,Other Crash,2,Other Crash,2,Other Crash,2,Other Crash,2,Other Crash,2,Other Crash,3,Unknown BAC Crash,2,Other Crash,2,Other Crash,0,Not Tribal Lands
2012040161,40161,3,3,0,3,19,PIMA,530,TUCSON,13,3,2012,15,44,1,,.,11,Urban-Principal Arterial-Interstate,,.,I-10,,32.121925000,-110.869550000,0,No Special Jurisdiction,12,Motor Vehicle In-Transport,99,Unknown,0,1,1,0,1,1,Daylight,1,Clear,No,0,0,0,None,None,None,2,1,Interstate,1,"Interstate, principal arterial",1,Daytime,1,Weekday,2,Other Crash,2,Other Crash,2,Other Crash,2,Other Crash,2,Other Crash,2,Other Crash,2,Other Crash,3,Unknown BAC Crash,2,Other Crash,2,Other Crash,0,Not Tribal Lands
2012040162,40162,1,1,0,1,3,COCHISE,0,NONE LISTED,14,3,2012,99,99,1,,.,1,Rural-Principal Arterial-Interstate,,.,I-10,,32.358875000,-109.681686110,0,No Special Jurisdiction,35,Embankment,0,Not a Collision with Motor Vehicle In-Transport,1,19,1,0,4,2,Dark - Not Lighted,1,Clear,No,0,0,0,None,None,None,1,1,Interstate,1,"Interstate, principal arterial",3,Unknown,1,Weekday,2,Other Crash,1,Speeding Involved Crash,2,Other Crash,2,Other Crash,2,Other Crash,2,Other Crash,2,Other Crash,3,Unknown BAC Crash,2,Other Crash,2,Other Crash,0,Not Tribal Lands
2012040163,40163,2,2,0,3,13,MARICOPA,200,GLENDALE,18,3,2012,16,46,0,,.,15,Urban-Collector,,.,MISSOURI AVE,57TH AVE,33.516772220,-112.181900000,0,No Special Jurisdiction,12,Motor Vehicle In-Transport,6,Angle,0,2,2,0,1,5,Dusk,10,Cloudy,No,0,0,0,None,None,None,1,2,Non-Interstate,5,Collector,1,Daytime,2,Weekend,2,Other Crash,2,Other Crash,2,Other Crash,2,Other Crash,2,Other Crash,2,Other Crash,2,Other Crash,3,Unknown BAC Crash,2,Other Crash,2,Other Crash,0,Not Tribal Lands
2012040165,40165,4,4,0,6,21,PINAL,0,NONE LISTED,30,3,2012,15,2,0,,.,4,Rural-Major Collector,,.,SR-177,,33.233416670,-111.092216670,0,No Special Jurisdiction,1,Rollover/Overturn,0,Not a Collision with Motor Vehicle In-Transport,0,1,1,0,1,1,Daylight,1,Clear,No,0,0,0,None,None,None,2,2,Non-Interstate,5,Collector,1,Daytime,1,Weekday,2,Other Crash,1,Speeding Involved Crash,2,Other Crash,2,Other Crash,2,Other Crash,2,Other Crash,2,Other Crash,3,Unknown BAC Crash,2,Other Crash,2,Other Crash,0,Not Tribal Lands
2012040168,40168,1,1,4,1,13,MARICOPA,200,GLENDALE,10,3,2012,20,9,0,,.,14,Urban-Minor Arterial,,.,NORTHERN AVE,,33.553077780,-112.155225000,0,No Special Jurisdiction,33,Curb,0,Not a Collision with Motor Vehicle In-Transport,0,1,1,0,4,3,Dark - Lighted,1,Clear,No,0,0,0,None,None,None,1,2,Non-Interstate,4,Minor arterial,2,Nighttime,2,Weekend,2,Other Crash,2,Other Crash,1,Pedestrian Involved Crash,1,Involving a pedestrian fatality,2,Other Crash,2,Other Crash,2,Other Crash,2,All Drivers With ZERO BAC Testing Crash,2,Other Crash,2,Other Crash,0,Not Tribal Lands
2012040169,40169,2,2,0,2,19,PIMA,0,NONE LISTED,12,3,2012,14,12,0,,.,14,Urban-Minor Arterial,,.,CAMPBELL AVE,CAMINO MIRAVAL,32.306625000,-110.936691670,0,No Special Jurisdiction,12,Motor Vehicle In-Transport,1,Front-to-Rear,0,2,2,0,1,1,Daylight,1,Clear,No,0,0,0,None,None,None,1,2,Non-Interstate,4,Minor arterial,1,Daytime,1,Weekday,2,Other Crash,1,Speeding Involved Crash,2,Other Crash,2,Other Crash,2,Other Crash,2,Other Crash,2,Other Crash,3,Unknown BAC Crash,2,Other Crash,2,Other Crash,0,Not Tribal Lands
2012040170,40170,1,1,0,2,1,APACHE,183,FORT DEFIANCE,13,3,2012,1,34,0,,.,14,Urban-Minor Arterial,,.,BIA 12,,99.999900000,999.999900000,3,Indian Reservation,38,Fence,0,Not a Collision with Motor Vehicle In-Transport,0,1,1,0,5,6,Dark - Unknown Lighting,99,Unknown,No,0,0,0,None,None,None,1,2,Non-Interstate,4,Minor arterial,2,Nighttime,1,Weekday,2,Other Crash,2,Other Crash,2,Other Crash,2,Other Crash,2,Other Crash,2,Other Crash,2,Other Crash,1,Driver With Positive BAC Testing Crash,2,Other Crash,2,Other Crash,1,Tribal Lands
2012040171,40171,1,1,0,1,17,NAVAJO,0,NONE LISTED,13,3,2012,16,33,0,,.,6,Rural-Local Road or Street,,.,BIA 65,,99.999900000,999.999900000,3,Indian Reservation,35,Embankment,0,Not a Collision with Motor Vehicle In-Transport,0,1,1,0,4,1,Daylight,99,Unknown,No,0,0,0,None,None,None,1,2,Non-Interstate,6,Local,1,Daytime,1,Weekday,2,Other Crash,1,Speeding Involved Crash,2,Other Crash,2,Other Crash,2,Other Crash,2,Other Crash,2,Other Crash,3,Unknown BAC Crash,2,Other Crash,2,Other Crash,1,Tribal Lands
2012040172,40172,1,1,1,2,13,MARICOPA,370,PHOENIX,14,3,2012,19,6,0,,.,13,Urban-Other Principal Arterial,,.,35TH AVE,GEORGIA AVE,33.514519440,-112.134227780,0,No Special Jurisdiction,9,Pedalcyclist,0,Not a Collision with Motor Vehicle In-Transport,0,2,2,0,1,3,Dark - Lighted,1,Clear,No,0,0,0,None,None,None,1,2,Non-Interstate,3,"Principal arterial, other",2,Nighttime,1,Weekday,2,Other Crash,1,Speeding Involved Crash,2,Other Crash,2,Other Crash,1,Pedalcyclist Involved Crash,1,Involving a pedacyclist fatality,2,Other Crash,2,All Drivers With ZERO BAC Testing Crash,2,Other Crash,2,Other Crash,0,Not Tribal Lands
2012040173,40173,1,1,1,1,3,COCHISE,431,SIERRA VISTA,15,3,2012,2,33,1,,.,13,Urban-Other Principal Arterial,,.,SR-90,,31.603586110,-110.328805560,0,No Special Jurisdiction,8,Pedestrian,0,Not a Collision with Motor Vehicle In-Transport,0,1,1,0,1,6,Dark - Unknown Lighting,99,Unknown,No,0,0,0,None,None,None,1,2,Non-Interstate,3,"Principal arterial, other",2,Nighttime,1,Weekday,2,Other Crash,1,Speeding Involved Crash,1,Pedestrian Involved Crash,1,Involving a pedestrian fatality,2,Other Crash,2,Other Crash,2,Other Crash,1,Driver With Positive BAC Testing Crash,2,Other Crash,2,Other Crash,0,Not Tribal Lands
2012040174,40174,1,1,1,1,13,MARICOPA,370,PHOENIX,17,3,2012,4,19,0,,.,13,Urban-Other Principal Arterial,,.,24TH ST,,33.421508330,-112.030366670,0,No Special Jurisdiction,8,Pedestrian,0,Not a Collision with Motor Vehicle In-Transport,0,1,1,0,1,3,Dark - Lighted,1,Clear,No,0,0,0,None,None,None,1,2,Non-Interstate,3,"Principal arterial, other",2,Nighttime,2,Weekend,2,Other Crash,2,Other Crash,1,Pedestrian Involved Crash,1,Involving a pedestrian fatality,2,Other Crash,2,Other Crash,2,Other Crash,2,All Drivers With ZERO BAC Testing Crash,2,Other Crash,2,Other Crash,0,Not Tribal Lands
2012040175,40175,1,1,0,8,13,MARICOPA,370,PHOENIX,18,3,2012,2,58,1,,.,11,Urban-Principal Arterial-Interstate,,.,I-17 RAMP,,33.463697220,-112.109855560,0,No Special Jurisdiction,43,Other Fixed Object,0,Not a Collision with Motor Vehicle In-Transport,1,5,1,0,4,3,Dark - Lighted,2,Rain,No,0,0,0,None,None,None,1,1,Interstate,1,"Interstate, principal arterial",2,Nighttime,2,Weekend,2,Other Crash,1,Speeding Involved Crash,2,Other Crash,2,Other Crash,2,Other Crash,2,Other Crash,2,Other Crash,1,Driver With Positive BAC Testing Crash,2,Other Crash,2,Other Crash,0,Not Tribal Lands
2012040176,40176,2,2,0,5,13,MARICOPA,420,SCOTTSDALE,18,3,2012,19,19,0,,.,15,Urban-Collector,,.,CHAPARRAL RD,DOBSON RD,33.509461110,-111.874041670,3,Indian Reservation,12,Motor Vehicle In-Transport,99,Unknown,0,99,9,0,99,9,Unknown,99,Unknown,No,0,0,0,None,None,None,2,2,Non-Interstate,5,Collector,2,Nighttime,2,Weekend,2,Other Crash,2,Other Crash,2,Other Crash,2,Other Crash,2,Other Crash,2,Other Crash,2,Other Crash,1,Driver With Positive BAC Testing Crash,2,Other Crash,2,Other Crash,1,Tribal Lands
2012040177,40177,2,2,0,4,13,MARICOPA,370,PHOENIX,21,3,2012,20,34,0,,.,13,Urban-Other Principal Arterial,,.,SHEA BLVD,40TH ST,33.582733330,-111.995705560,0,No Special Jurisdiction,12,Motor Vehicle In-Transport,6,Angle,0,2,2,0,1,3,Dark - Lighted,1,Clear,No,0,0,0,None,None,None,1,2,Non-Interstate,3,"Principal arterial, other",2,Nighttime,1,Weekday,2,Other Crash,2,Other Crash,2,Other Crash,2,Other Crash,2,Other Crash,2,Other Crash,2,Other Crash,2,All Drivers With ZERO BAC Testing Crash,2,Other Crash,2,Other Crash,0,Not Tribal Lands
2012040179,40179,1,1,1,1,13,MARICOPA,370,PHOENIX,22,3,2012,19,34,0,,.,14,Urban-Minor Arterial,,.,27TH AVE,,33.491905560,-112.117027780,0,No Special Jurisdiction,8,Pedestrian,0,Not a Collision with Motor Vehicle In-Transport,0,1,1,0,1,3,Dark - Lighted,1,Clear,No,0,0,0,None,None,None,1,2,Non-Interstate,4,Minor arterial,2,Nighttime,1,Weekday,2,Other Crash,2,Other Crash,1,Pedestrian Involved Crash,1,Involving a pedestrian fatality,2,Other Crash,2,Other Crash,2,Other Crash,2,All Drivers With ZERO BAC Testing Crash,2,Other Crash,2,Other Crash,0,Not Tribal Lands
2012040180,40180,1,1,1,1,13,MARICOPA,290,MESA,23,3,2012,19,23,0,,.,13,Urban-Other Principal Arterial,,.,STAPLEY RD,,33.425505560,-111.805300000,0,No Special Jurisdiction,8,Pedestrian,0,Not a Collision with Motor Vehicle In-Transport,0,1,1,0,1,9,Unknown,99,Unknown,No,0,0,0,None,None,None,1,2,Non-Interstate,3,"Principal arterial, other",2,Nighttime,2,Weekend,2,Other Crash,2,Other Crash,1,Pedestrian Involved Crash,1,Involving a pedestrian fatality,2,Other Crash,2,Other Crash,2,Other Crash,3,Unknown BAC Crash,2,Other Crash,2,Other Crash,0,Not Tribal Lands
2012040181,40181,1,1,1,1,5,COCONINO,0,NONE LISTED,23,3,2012,20,27,0,,.,6,Rural-Local Road or Street,,.,BIA 2,,35.642066670,-110.758538890,3,Indian Reservation,8,Pedestrian,0,Not a Collision with Motor Vehicle In-Transport,0,1,1,0,1,2,Dark - Not Lighted,1,Clear,No,0,0,0,None,None,None,1,2,Non-Interstate,6,Local,2,Nighttime,2,Weekend,2,Other Crash,1,Speeding Involved Crash,1,Pedestrian Involved Crash,1,Involving a pedestrian fatality,2,Other Crash,2,Other Crash,2,Other Crash,3,Unknown BAC Crash,2,Other Crash,2,Other Crash,1,Tribal Lands
2012040182,40182,3,3,0,7,13,MARICOPA,370,PHOENIX,24,3,2012,10,7,0,,.,13,Urban-Other Principal Arterial,,.,THUNDERBIRD RD,,33.610650000,-112.148897220,0,No Special Jurisdiction,12,Motor Vehicle In-Transport,6,Angle,0,1,1,0,1,1,Daylight,1,Clear,No,0,0,0,None,None,None,1,2,Non-Interstate,3,"Principal arterial, other",1,Daytime,2,Weekend,2,Other Crash,2,Other Crash,2,Other Crash,2,Other Crash,2,Other Crash,2,Other Crash,2,Other Crash,2,All Drivers With ZERO BAC Testing Crash,2,Other Crash,2,Other Crash,0,Not Tribal Lands
2012040183,40183,1,1,0,3,1,APACHE,0,NONE LISTED,25,3,2012,13,55,0,,.,6,Rural-Local Road or Street,,.,BIA 6460,,36.778555560,-110.032852780,3,Indian Reservation,1,Rollover/Overturn,0,Not a Collision with Motor Vehicle In-Transport,0,1,1,0,4,1,Daylight,1,Clear,No,6,0,0,"Inadequate Construction or Poor Design of Roadway,",None,None,2,2,Non-Interstate,6,Local,1,Daytime,2,Weekend,2,Other Crash,1,Speeding Involved Crash,2,Other Crash,2,Other Crash,2,Other Crash,2,Other Crash,2,Other Crash,3,Unknown BAC Crash,1,Involving a Distracted Driver,2,Other Crash,1,Tribal Lands
2012040184,40184,1,1,0,1,13,MARICOPA,370,PHOENIX,25,3,2012,17,46,0,,.,15,Urban-Collector,,.,HAPPY VALLEY RD,,99.999900000,999.999900000,0,No Special Jurisdiction,33,Curb,0,Not a Collision with Motor Vehicle In-Transport,0,1,1,0,3,9,Unknown,99,Unknown,No,0,0,0,None,None,None,1,2,Non-Interstate,5,Collector,1,Daytime,2,Weekend,2,Other Crash,1,Speeding Involved Crash,2,Other Crash,2,Other Crash,2,Other Crash,2,Other Crash,2,Other Crash,1,Driver With Positive BAC Testing Crash,2,Other Crash,2,Other Crash,0,Not Tribal Lands
2012040185,40185,1,1,0,5,1,APACHE,0,NONE LISTED,26,3,2012,2,40,0,,.,4,Rural-Major Collector,,.,US-191,,36.309833330,-109.610177780,3,Indian Reservation,1,Rollover/Overturn,0,Not a Collision with Motor Vehicle In-Transport,0,1,1,0,4,2,Dark - Not Lighted,1,Clear,No,0,0,0,None,None,None,2,2,Non-Interstate,5,Collector,2,Nighttime,2,Weekend,2,Other Crash,2,Other Crash,2,Other Crash,2,Other Crash,2,Other Crash,2,Other Crash,2,Other Crash,3,Unknown BAC Crash,2,Other Crash,2,Other Crash,1,Tribal Lands
2012040186,40186,2,2,0,2,13,MARICOPA,290,MESA,27,3,2012,23,8,0,,.,13,Urban-Other Principal Arterial,,.,MAIN ST,,33.414777780,-111.867555560,0,No Special Jurisdiction,12,Motor Vehicle In-Transport,7,Sideswipe - Same Direction,0,1,1,0,1,3,Dark - Lighted,1,Clear,No,0,0,0,None,None,None,1,2,Non-Interstate,3,"Principal arterial, other",2,Nighttime,1,Weekday,2,Other Crash,2,Other Crash,2,Other Crash,2,Other Crash,2,Other Crash,2,Other Crash,2,Other Crash,1,Driver With Positive BAC Testing Crash,2,Other Crash,2,Other Crash,0,Not Tribal Lands
2012040187,40187,2,2,0,2,13,MARICOPA,80,CHANDLER,27,3,2012,15,56,0,,.,13,Urban-Other Principal Arterial,,.,WARNER RD,,33.335105560,-111.860127780,0,No Special Jurisdiction,12,Motor Vehicle In-Transport,6,Angle,0,8,1,0,1,1,Daylight,1,Clear,No,0,0,0,None,None,None,1,2,Non-Interstate,3,"Principal arterial, other",1,Daytime,1,Weekday,2,Other Crash,2,Other Crash,2,Other Crash,2,Other Crash,2,Other Crash,2,Other Crash,2,Other Crash,3,Unknown BAC Crash,2,Other Crash,2,Other Crash,0,Not Tribal Lands
2012040188,40188,2,2,0,2,13,MARICOPA,290,MESA,27,3,2012,20,5,0,,.,13,Urban-Other Principal Arterial,,.,BASELINE RD,EXTENSION RD,33.378761110,-111.848719440,0,No Special Jurisdiction,12,Motor Vehicle In-Transport,6,Angle,0,2,2,0,1,3,Dark - Lighted,1,Clear,No,0,0,0,None,None,None,1,2,Non-Interstate,3,"Principal arterial, other",2,Nighttime,1,Weekday,2,Other Crash,2,Other Crash,2,Other Crash,2,Other Crash,2,Other Crash,2,Other Crash,2,Other Crash,3,Unknown BAC Crash,2,Other Crash,2,Other Crash,0,Not Tribal Lands
2012040189,40189,2,2,0,3,13,MARICOPA,370,PHOENIX,28,3,2012,12,50,0,,.,13,Urban-Other Principal Arterial,,.,7TH ST,NORTHERN AVE,33.552744440,-112.065216670,0,No Special Jurisdiction,12,Motor Vehicle In-Transport,6,Angle,0,2,2,0,1,1,Daylight,1,Clear,No,0,0,0,None,None,None,1,2,Non-Interstate,3,"Principal arterial, other",1,Daytime,1,Weekday,2,Other Crash,2,Other Crash,2,Other Crash,2,Other Crash,2,Other Crash,2,Other Crash,2,Other Crash,2,All Drivers With ZERO BAC Testing Crash,2,Other Crash,2,Other Crash,0,Not Tribal Lands
2012040191,40191,1,1,0,2,19,PIMA,0,NONE LISTED,30,3,2012,21,36,1,,.,1,Rural-Principal Arterial-Interstate,,.,I-19,,31.773480560,-111.031663890,0,No Special Jurisdiction,38,Fence,0,Not a Collision with Motor Vehicle In-Transport,0,1,1,0,10,2,Dark - Not Lighted,1,Clear,No,0,0,0,None,None,None,1,1,Interstate,1,"Interstate, principal arterial",2,Nighttime,2,Weekend,2,Other Crash,2,Other Crash,2,Other Crash,2,Other Crash,2,Other Crash,2,Other Crash,2,Other Crash,2,All Drivers With ZERO BAC Testing Crash,2,Other Crash,2,Other Crash,0,Not Tribal Lands
2012040192,40192,1,1,0,5,19,PIMA,530,TUCSON,31,3,2012,2,37,0,,.,14,Urban-Minor Arterial,,.,STARR PASS BLVD,,32.206905560,-111.006111110,0,No Special Jurisdiction,1,Rollover/Overturn,0,Not a Collision with Motor Vehicle In-Transport,0,1,1,0,4,2,Dark - Not Lighted,1,Clear,No,0,0,0,None,None,None,1,2,Non-Interstate,4,Minor arterial,2,Nighttime,2,Weekend,2,Other Crash,1,Speeding Involved Crash,2,Other Crash,2,Other Crash,2,Other Crash,2,Other Crash,2,Other Crash,1,Driver With Positive BAC Testing Crash,2,Other Crash,2,Other Crash,0,Not Tribal Lands
2012040193,40193,3,3,0,3,13,MARICOPA,370,PHOENIX,31,3,2012,6,42,0,,.,13,Urban-Other Principal Arterial,,.,51ST AVE,,33.411177780,-112.169200000,0,No Special Jurisdiction,33,Curb,0,Not a Collision with Motor Vehicle In-Transport,0,1,1,0,3,4,Dawn,1,Clear,No,0,0,0,None,None,None,1,2,Non-Interstate,3,"Principal arterial, other",1,Daytime,2,Weekend,2,Other Crash,1,Speeding Involved Crash,2,Other Crash,2,Other Crash,2,Other Crash,2,Other Crash,2,Other Crash,1,Driver With Positive BAC Testing Crash,2,Other Crash,2,Other Crash,0,Not Tribal Lands
2012040194,40194,1,1,1,1,21,PINAL,70,CASA GRANDE,31,3,2012,19,17,0,,.,13,Urban-Other Principal Arterial,,.,FLORENCE BLVD,,32.879630560,-111.695886110,0,No Special Jurisdiction,8,Pedestrian,0,Not a Collision with Motor Vehicle In-Transport,0,1,1,0,1,3,Dark - Lighted,1,Clear,No,0,0,0,None,None,None,1,2,Non-Interstate,3,"Principal arterial, other",2,Nighttime,2,Weekend,2,Other Crash,2,Other Crash,1,Pedestrian Involved Crash,1,Involving a pedestrian fatality,2,Other Crash,2,Other Crash,2,Other Crash,2,All Drivers With ZERO BAC Testing Crash,2,Other Crash,2,Other Crash,0,Not Tribal Lands
2012040195,40195,2,2,0,3,13,MARICOPA,368,PEORIA,31,3,2012,21,33,0,,.,14,Urban-Minor Arterial,,.,75TH AVE,PARADISE LN,33.634163890,-112.220044440,0,No Special Jurisdiction,1,Rollover/Overturn,0,Not a Collision with Motor Vehicle In-Transport,0,2,3,0,1,3,Dark - Lighted,1,Clear,No,0,0,0,None,None,None,1,2,Non-Interstate,4,Minor arterial,2,Nighttime,2,Weekend,2,Other Crash,1,Speeding Involved Crash,2,Other Crash,2,Other Crash,2,Other Crash,2,Other Crash,2,Other Crash,2,All Drivers With ZERO BAC Testing Crash,2,Other Crash,2,Other Crash,0,Not Tribal Lands