accident_id,ST_CASE,VE_TOTAL,VE_FORMS,PEDS,PERSONS,COUNTY,county_name,CITY,city_name,DAY,MONTH,YEAR,HOUR,MINUTE,NHS,FUNC_SYS,func_sys_lit,ROAD_FNC,road_fnc_lit,RD_OWNER,rd_owner_lit,TWAY_ID,TWAY_ID2,LATITUDE,LONGITUD,SP_JUR,sp_jur_lit,HARM_EV,harm_ev_lit,MAN_COLL,man_coll_lit,RELJCT1,RELJCT2,TYP_INT,WRK_ZONE,REL_ROAD,LGT_COND,lgt_cond_lit,WEATHER,weather_lit,SCH_BUS,CF1,CF2,CF3,cf1_lit,cf2_lit,cf3_lit,FATALS,A_INTER,a_inter_lit,A_ROADFC,a_road_fc_lit,A_TOD,a_tod_lit,A_DOW,a_dow_lit,A_LT,a_lt_lit,A_SPCRA,a_spcra_lit,A_PED,a_ped_lit,A_PED_F,a_ped_f_lit,A_PEDAL,a_pedal_lit,A_PEDAL_F,a_pedal_f_lit,A_POLPUR,a_polour_lit,A_POSBAC,a_posbac_lit,A_DIST,a_dist_lit,A_DROWSY,a_drowsy_lit,INDIAN_RES,indian_res_lit
2012040430,40430,1,1,0,1,7,GILA,0,NONE LISTED,8,8,2012,10,46,0,,.,3,Rural-Minor Arterial,,.,US-60,,33.803922220,-110.482452780,0,No Special Jurisdiction,35,Embankment,0,Not a Collision with Motor Vehicle In-Transport,0,1,1,0,6,9,Unknown,99,Unknown,No,0,0,0,None,None,None,1,2,Non-Interstate,4,Minor arterial,1,Daytime,1,Weekday,2,Other Crash,2,Other Crash,2,Other Crash,2,Other Crash,2,Other Crash,2,Other Crash,2,Other Crash,3,Unknown BAC Crash,2,Other Crash,2,Other Crash,1,Tribal Lands
2012040431,40431,1,1,0,4,25,YAVAPAI,0,NONE LISTED,8,8,2012,17,55,1,,.,1,Rural-Principal Arterial-Interstate,,.,I-17,,34.365444440,-112.115391670,0,No Special Jurisdiction,1,Rollover/Overturn,0,Not a Collision with Motor Vehicle In-Transport,0,1,1,0,1,1,Daylight,10,Cloudy,No,0,0,0,None,None,None,1,1,Interstate,1,"Interstate, principal arterial",1,Daytime,1,Weekday,2,Other Crash,2,Other Crash,2,Other Crash,2,Other Crash,2,Other Crash,2,Other Crash,2,Other Crash,3,Unknown BAC Crash,1,Involving a Distracted Driver,1,Involving a Drowsy Driver,0,Not Tribal Lands
2012040432,40432,2,2,0,2,13,MARICOPA,80,CHANDLER,9,8,2012,4,8,1,,.,12,Urban-Principal Arterial-Other Freeways or Expressways,,.,SR-101 RAMP,,33.295358330,-111.893822220,0,No Special Jurisdiction,25,Concrete Traffic Barrier,0,Not a Collision with Motor Vehicle In-Transport,1,5,1,0,4,3,Dark - Lighted,1,Clear,No,0,0,0,None,None,None,1,2,Non-Interstate,2,"Freeway and expressway, principal arterial",2,Nighttime,1,Weekday,2,Other Crash,1,Speeding Involved Crash,2,Other Crash,2,Other Crash,2,Other Crash,2,Other Crash,2,Other Crash,2,All Drivers With ZERO BAC Testing Crash,2,Other Crash,2,Other Crash,0,Not Tribal Lands
2012040433,40433,1,1,1,1,13,MARICOPA,290,MESA,9,8,2012,21,34,0,,.,13,Urban-Other Principal Arterial,,.,BROADWAY RD,MACDONALD,33.407841670,-111.834238890,0,No Special Jurisdiction,8,Pedestrian,0,Not a Collision with Motor Vehicle In-Transport,0,3,2,0,1,3,Dark - Lighted,1,Clear,No,0,0,0,None,None,None,1,2,Non-Interstate,3,"Principal arterial, other",2,Nighttime,1,Weekday,2,Other Crash,2,Other Crash,1,Pedestrian Involved Crash,1,Involving a pedestrian fatality,2,Other Crash,2,Other Crash,2,Other Crash,3,Unknown BAC Crash,2,Other Crash,2,Other Crash,0,Not Tribal Lands
2012040434,40434,1,1,0,1,13,MARICOPA,370,PHOENIX,11,8,2012,2,30,1,,.,11,Urban-Principal Arterial-Interstate,,.,I-10,,33.427816670,-112.035930560,0,No Special Jurisdiction,25,Concrete Traffic Barrier,0,Not a Collision with Motor Vehicle In-Transport,1,18,1,0,3,3,Dark - Lighted,1,Clear,No,0,0,0,None,None,None,1,1,Interstate,1,"Interstate, principal arterial",2,Nighttime,2,Weekend,2,Other Crash,1,Speeding Involved Crash,2,Other Crash,2,Other Crash,2,Other Crash,2,Other Crash,2,Other Crash,1,Driver With Positive BAC Testing Crash,2,Other Crash,2,Other Crash,0,Not Tribal Lands
2012040436,40436,2,2,0,2,25,YAVAPAI,0,NONE LISTED,15,8,2012,21,38,1,,.,1,Rural-Principal Arterial-Interstate,,.,I-17,,34.203883330,-112.123619440,0,No Special Jurisdiction,12,Motor Vehicle In-Transport,7,Sideswipe - Same Direction,0,1,1,0,1,2,Dark - Not Lighted,1,Clear,No,0,0,0,None,None,None,1,1,Interstate,1,"Interstate, principal arterial",2,Nighttime,1,Weekday,2,Other Crash,2,Other Crash,2,Other Crash,2,Other Crash,2,Other Crash,2,Other Crash,2,Other Crash,3,Unknown BAC Crash,2,Other Crash,2,Other Crash,0,Not Tribal Lands
2012040437,40437,1,1,0,2,19,PIMA,295,MARANA,17,8,2012,5,4,1,,.,1,Rural-Principal Arterial-Interstate,,.,I-10,,32.416277780,-111.152425000,0,No Special Jurisdiction,1,Rollover/Overturn,0,Not a Collision with Motor Vehicle In-Transport,0,1,1,0,4,2,Dark - Not Lighted,10,Cloudy,No,0,0,0,None,None,None,1,1,Interstate,1,"Interstate, principal arterial",2,Nighttime,1,Weekday,2,Other Crash,2,Other Crash,2,Other Crash,2,Other Crash,2,Other Crash,2,Other Crash,2,Other Crash,3,Unknown BAC Crash,2,Other Crash,2,Other Crash,0,Not Tribal Lands
2012040438,40438,3,3,0,7,5,COCONINO,0,NONE LISTED,17,8,2012,14,52,0,,.,4,Rural-Major Collector,,.,SR-98,,36.593641670,-111.161380560,3,Indian Reservation,12,Motor Vehicle In-Transport,8,Sideswipe - Opposite Direction,0,1,1,0,1,1,Daylight,10,Cloudy,No,0,0,0,None,None,None,3,2,Non-Interstate,5,Collector,1,Daytime,1,Weekday,1,Large Truck Involved Crash,2,Other Crash,2,Other Crash,2,Other Crash,2,Other Crash,2,Other Crash,2,Other Crash,3,Unknown BAC Crash,2,Other Crash,2,Other Crash,1,Tribal Lands
2012040439,40439,1,1,0,3,5,COCONINO,336,PAGE,18,8,2012,1,53,0,,.,6,Rural-Local Road or Street,,.,LAKE SHORE DR,,36.960844440,-111.493455560,0,No Special Jurisdiction,1,Rollover/Overturn,0,Not a Collision with Motor Vehicle In-Transport,0,1,1,0,1,2,Dark - Not Lighted,1,Clear,No,0,0,0,None,None,None,1,2,Non-Interstate,6,Local,2,Nighttime,2,Weekend,2,Other Crash,1,Speeding Involved Crash,2,Other Crash,2,Other Crash,2,Other Crash,2,Other Crash,2,Other Crash,1,Driver With Positive BAC Testing Crash,2,Other Crash,2,Other Crash,0,Not Tribal Lands
2012040440,40440,1,1,0,1,13,MARICOPA,370,PHOENIX,18,8,2012,16,19,1,,.,11,Urban-Principal Arterial-Interstate,,.,I-10,,33.462591670,-112.199483330,0,No Special Jurisdiction,1,Rollover/Overturn,0,Not a Collision with Motor Vehicle In-Transport,1,18,1,0,3,1,Daylight,1,Clear,No,0,0,0,None,None,None,1,1,Interstate,1,"Interstate, principal arterial",1,Daytime,2,Weekend,2,Other Crash,1,Speeding Involved Crash,2,Other Crash,2,Other Crash,2,Other Crash,2,Other Crash,2,Other Crash,2,All Drivers With ZERO BAC Testing Crash,2,Other Crash,2,Other Crash,0,Not Tribal Lands
2012040441,40441,2,2,0,3,13,MARICOPA,290,MESA,19,8,2012,19,37,0,,.,14,Urban-Minor Arterial,,.,UNIVERSITY DR,,33.422741670,-111.759763890,0,No Special Jurisdiction,12,Motor Vehicle In-Transport,6,Angle,0,8,1,0,1,3,Dark - Lighted,1,Clear,No,0,0,0,None,None,None,1,2,Non-Interstate,4,Minor arterial,2,Nighttime,2,Weekend,2,Other Crash,1,Speeding Involved Crash,2,Other Crash,2,Other Crash,2,Other Crash,2,Other Crash,2,Other Crash,3,Unknown BAC Crash,2,Other Crash,2,Other Crash,0,Not Tribal Lands
2012040442,40442,2,2,0,3,13,MARICOPA,190,GILBERT,21,8,2012,12,34,0,,.,14,Urban-Minor Arterial,,.,WILLIAMS FIELD RD,,33.306891670,-111.730716670,0,No Special Jurisdiction,12,Motor Vehicle In-Transport,2,Front-to-Front,0,1,1,0,1,1,Daylight,1,Clear,No,0,0,0,None,None,None,2,2,Non-Interstate,4,Minor arterial,1,Daytime,1,Weekday,2,Other Crash,2,Other Crash,2,Other Crash,2,Other Crash,2,Other Crash,2,Other Crash,2,Other Crash,1,Driver With Positive BAC Testing Crash,2,Other Crash,2,Other Crash,0,Not Tribal Lands
2012040443,40443,1,1,1,1,13,MARICOPA,420,SCOTTSDALE,21,8,2012,23,50,1,,.,12,Urban-Principal Arterial-Other Freeways or Expressways,,.,SR-101,,33.618361110,-111.891513890,0,No Special Jurisdiction,8,Pedestrian,0,Not a Collision with Motor Vehicle In-Transport,1,18,1,0,1,3,Dark - Lighted,2,Rain,No,19,0,0,Recent/Previous Crash scene Nearby,None,None,1,2,Non-Interstate,2,"Freeway and expressway, principal arterial",2,Nighttime,1,Weekday,2,Other Crash,1,Speeding Involved Crash,1,Pedestrian Involved Crash,1,Involving a pedestrian fatality,2,Other Crash,2,Other Crash,2,Other Crash,3,Unknown BAC Crash,2,Other Crash,2,Other Crash,0,Not Tribal Lands
2012040444,40444,2,2,0,3,25,YAVAPAI,0,NONE LISTED,26,8,2012,11,0,0,,.,4,Rural-Major Collector,,.,SR-89,,34.493797220,-112.499386110,0,No Special Jurisdiction,1,Rollover/Overturn,0,Not a Collision with Motor Vehicle In-Transport,0,1,1,0,1,1,Daylight,1,Clear,No,0,0,0,None,None,None,1,2,Non-Interstate,5,Collector,1,Daytime,2,Weekend,2,Other Crash,2,Other Crash,2,Other Crash,2,Other Crash,2,Other Crash,2,Other Crash,2,Other Crash,3,Unknown BAC Crash,2,Other Crash,2,Other Crash,0,Not Tribal Lands
2012040445,40445,2,2,0,8,13,MARICOPA,60,BUCKEYE,26,8,2012,21,2,1,,.,13,Urban-Other Principal Arterial,,.,SR-85,BROADWAY RD,33.406388890,-112.625511110,0,No Special Jurisdiction,12,Motor Vehicle In-Transport,6,Angle,0,2,2,0,1,2,Dark - Not Lighted,1,Clear,No,0,0,0,None,None,None,2,2,Non-Interstate,3,"Principal arterial, other",2,Nighttime,2,Weekend,2,Other Crash,2,Other Crash,2,Other Crash,2,Other Crash,2,Other Crash,2,Other Crash,2,Other Crash,3,Unknown BAC Crash,2,Other Crash,2,Other Crash,0,Not Tribal Lands
2012040447,40447,1,1,0,1,25,YAVAPAI,0,NONE LISTED,27,8,2012,16,38,1,,.,2,Rural-Principal Arterial-Other,,.,SR-69,,34.383427780,-112.210447220,0,No Special Jurisdiction,31,"Post, Pole or Other Supports",0,Not a Collision with Motor Vehicle In-Transport,0,1,1,0,3,1,Daylight,10,Cloudy,No,0,0,0,None,None,None,1,2,Non-Interstate,3,"Principal arterial, other",1,Daytime,1,Weekday,2,Other Crash,2,Other Crash,2,Other Crash,2,Other Crash,2,Other Crash,2,Other Crash,2,Other Crash,1,Driver With Positive BAC Testing Crash,2,Other Crash,2,Other Crash,0,Not Tribal Lands
2012040448,40448,1,1,0,1,27,YUMA,0,NONE LISTED,27,8,2012,18,8,0,,.,6,Rural-Local Road or Street,,.,DIAMOND DR,,32.678583330,-113.997461110,0,No Special Jurisdiction,35,Embankment,0,Not a Collision with Motor Vehicle In-Transport,0,1,1,0,6,5,Dusk,1,Clear,No,0,0,0,None,None,None,1,2,Non-Interstate,6,Local,2,Nighttime,1,Weekday,2,Other Crash,2,Other Crash,2,Other Crash,2,Other Crash,2,Other Crash,2,Other Crash,2,Other Crash,1,Driver With Positive BAC Testing Crash,1,Involving a Distracted Driver,2,Other Crash,0,Not Tribal Lands
2012040449,40449,2,2,0,3,21,PINAL,70,CASA GRANDE,30,8,2012,14,21,0,,.,16,Urban-Local Road or Street,,.,FLORENCE BLVD,CAMERON AVE,32.879541670,-111.747572220,0,No Special Jurisdiction,12,Motor Vehicle In-Transport,6,Angle,0,2,3,0,1,1,Daylight,1,Clear,No,0,0,0,None,None,None,1,2,Non-Interstate,6,Local,1,Daytime,1,Weekday,2,Other Crash,2,Other Crash,2,Other Crash,2,Other Crash,2,Other Crash,2,Other Crash,2,Other Crash,1,Driver With Positive BAC Testing Crash,2,Other Crash,2,Other Crash,0,Not Tribal Lands
2012040450,40450,1,1,2,1,13,MARICOPA,290,MESA,30,8,2012,20,20,0,,.,15,Urban-Collector,,.,8TH AVE,,33.400452780,-111.850141670,0,No Special Jurisdiction,8,Pedestrian,0,Not a Collision with Motor Vehicle In-Transport,0,1,1,0,1,2,Dark - Not Lighted,99,Unknown,No,0,0,0,None,None,None,1,2,Non-Interstate,5,Collector,2,Nighttime,1,Weekday,2,Other Crash,2,Other Crash,1,Pedestrian Involved Crash,1,Involving a pedestrian fatality,2,Other Crash,2,Other Crash,2,Other Crash,3,Unknown BAC Crash,2,Other Crash,2,Other Crash,0,Not Tribal Lands
2012040451,40451,2,2,0,5,13,MARICOPA,370,PHOENIX,20,8,2012,17,41,0,,.,13,Urban-Other Principal Arterial,,.,7TH ST,ORAIBI DR,33.663925000,-112.065652780,0,No Special Jurisdiction,1,Rollover/Overturn,0,Not a Collision with Motor Vehicle In-Transport,0,2,3,0,1,1,Daylight,10,Cloudy,No,0,0,0,None,None,None,2,2,Non-Interstate,3,"Principal arterial, other",1,Daytime,1,Weekday,2,Other Crash,1,Speeding Involved Crash,2,Other Crash,2,Other Crash,2,Other Crash,2,Other Crash,2,Other Crash,3,Unknown BAC Crash,2,Other Crash,2,Other Crash,0,Not Tribal Lands
2012040452,40452,1,1,0,2,19,PIMA,9999,UNKNOWN,2,7,2012,99,99,0,,.,9,Rural-Unknown Rural,,.,UNKNOWN RD,,99.999900000,999.999900000,3,Indian Reservation,99,Unknown,99,Unknown,0,99,9,0,99,9,Unknown,99,Unknown,No,0,0,0,None,None,None,1,3,Unknown,7,Unknown,3,Unknown,3,Unknown,2,Other Crash,2,Other Crash,2,Other Crash,2,Other Crash,2,Other Crash,2,Other Crash,2,Other Crash,2,All Drivers With ZERO BAC Testing Crash,2,Other Crash,2,Other Crash,1,Tribal Lands
2012040453,40453,1,1,1,1,13,MARICOPA,370,PHOENIX,12,7,2012,18,12,0,,.,14,Urban-Minor Arterial,,.,VAN BUREN ST,,33.451363890,-112.128772220,0,No Special Jurisdiction,8,Pedestrian,0,Not a Collision with Motor Vehicle In-Transport,0,1,1,0,1,1,Daylight,1,Clear,No,0,0,0,None,None,None,1,2,Non-Interstate,4,Minor arterial,2,Nighttime,1,Weekday,2,Other Crash,2,Other Crash,1,Pedestrian Involved Crash,1,Involving a pedestrian fatality,2,Other Crash,2,Other Crash,2,Other Crash,2,All Drivers With ZERO BAC Testing Crash,2,Other Crash,2,Other Crash,0,Not Tribal Lands
2012040454,40454,1,1,0,1,13,MARICOPA,370,PHOENIX,14,7,2012,1,48,0,,.,6,Rural-Local Road or Street,,.,NORTH VALLEY PKWY,,33.743844440,-112.108344440,0,No Special Jurisdiction,33,Curb,0,Not a Collision with Motor Vehicle In-Transport,0,1,1,0,3,3,Dark - Lighted,1,Clear,No,0,0,0,None,None,None,1,2,Non-Interstate,6,Local,2,Nighttime,2,Weekend,2,Other Crash,2,Other Crash,2,Other Crash,2,Other Crash,2,Other Crash,2,Other Crash,2,Other Crash,2,All Drivers With ZERO BAC Testing Crash,2,Other Crash,2,Other Crash,0,Not Tribal Lands
2012040455,40455,1,1,1,1,13,MARICOPA,158,EL MIRAGE,15,7,2012,22,1,0,,.,15,Urban-Collector,,.,GREENWAY RD,,99.999900000,999.999900000,0,No Special Jurisdiction,8,Pedestrian,0,Not a Collision with Motor Vehicle In-Transport,0,1,1,0,1,6,Dark - Unknown Lighting,99,Unknown,No,0,0,0,None,None,None,1,2,Non-Interstate,5,Collector,2,Nighttime,2,Weekend,2,Other Crash,2,Other Crash,1,Pedestrian Involved Crash,1,Involving a pedestrian fatality,2,Other Crash,2,Other Crash,2,Other Crash,3,Unknown BAC Crash,2,Other Crash,2,Other Crash,0,Not Tribal Lands
2012040456,40456,2,2,0,7,21,PINAL,0,NONE LISTED,21,7,2012,1,5,0,,.,3,Rural-Minor Arterial,,.,SR-87,,33.191030560,-111.817816670,3,Indian Reservation,12,Motor Vehicle In-Transport,2,Front-to-Front,0,1,1,0,1,2,Dark - Not Lighted,1,Clear,No,0,0,0,None,None,None,1,2,Non-Interstate,4,Minor arterial,2,Nighttime,2,Weekend,2,Other Crash,2,Other Crash,2,Other Crash,2,Other Crash,2,Other Crash,2,Other Crash,2,Other Crash,1,Driver With Positive BAC Testing Crash,2,Other Crash,2,Other Crash,1,Tribal Lands
2012040457,40457,1,1,0,1,17,NAVAJO,0,NONE LISTED,22,7,2012,1,13,0,,.,4,Rural-Major Collector,,.,US-163,,36.714241670,-110.251400000,3,Indian Reservation,99,Unknown,99,Unknown,0,99,9,0,99,6,Dark - Unknown Lighting,99,Unknown,No,0,0,0,None,None,None,1,2,Non-Interstate,5,Collector,2,Nighttime,2,Weekend,2,Other Crash,2,Other Crash,2,Other Crash,2,Other Crash,2,Other Crash,2,Other Crash,2,Other Crash,1,Driver With Positive BAC Testing Crash,2,Other Crash,2,Other Crash,1,Tribal Lands
2012040459,40459,1,1,1,2,13,MARICOPA,290,MESA,24,7,2012,0,27,0,,.,13,Urban-Other Principal Arterial,,.,APACHE TRL,,33.415125000,-111.628313890,0,No Special Jurisdiction,8,Pedestrian,0,Not a Collision with Motor Vehicle In-Transport,0,1,1,0,1,2,Dark - Not Lighted,10,Cloudy,No,0,0,0,None,None,None,1,2,Non-Interstate,3,"Principal arterial, other",2,Nighttime,1,Weekday,2,Other Crash,2,Other Crash,1,Pedestrian Involved Crash,1,Involving a pedestrian fatality,2,Other Crash,2,Other Crash,2,Other Crash,2,All Drivers With ZERO BAC Testing Crash,2,Other Crash,2,Other Crash,0,Not Tribal Lands
2012040460,40460,1,1,0,1,12,LA PAZ,0,NONE LISTED,24,7,2012,10,39,1,,.,1,Rural-Principal Arterial-Interstate,,.,I-10,,33.588350000,-113.479747220,0,No Special Jurisdiction,1,Rollover/Overturn,0,Not a Collision with Motor Vehicle In-Transport,0,1,1,0,2,1,Daylight,1,Clear,No,0,0,0,None,None,None,1,1,Interstate,1,"Interstate, principal arterial",1,Daytime,1,Weekday,2,Other Crash,1,Speeding Involved Crash,2,Other Crash,2,Other Crash,2,Other Crash,2,Other Crash,2,Other Crash,3,Unknown BAC Crash,2,Other Crash,1,Involving a Drowsy Driver,0,Not Tribal Lands
2012040461,40461,1,1,0,2,13,MARICOPA,0,NONE LISTED,29,7,2012,14,56,0,,.,6,Rural-Local Road or Street,,.,VULTURE MINE RD,,33.888900000,-112.815338890,0,No Special Jurisdiction,1,Rollover/Overturn,0,Not a Collision with Motor Vehicle In-Transport,0,1,1,0,1,1,Daylight,10,Cloudy,No,0,0,0,None,None,None,1,2,Non-Interstate,6,Local,1,Daytime,2,Weekend,2,Other Crash,2,Other Crash,2,Other Crash,2,Other Crash,2,Other Crash,2,Other Crash,2,Other Crash,2,All Drivers With ZERO BAC Testing Crash,1,Involving a Distracted Driver,2,Other Crash,0,Not Tribal Lands
2012040462,40462,2,2,0,3,25,YAVAPAI,0,NONE LISTED,30,7,2012,20,46,1,,.,2,Rural-Principal Arterial-Other,,.,US-93,,34.141191670,-112.976119440,0,No Special Jurisdiction,12,Motor Vehicle In-Transport,2,Front-to-Front,0,1,1,0,1,3,Dark - Lighted,1,Clear,No,0,0,0,None,None,None,2,2,Non-Interstate,3,"Principal arterial, other",2,Nighttime,1,Weekday,1,Large Truck Involved Crash,1,Speeding Involved Crash,2,Other Crash,2,Other Crash,2,Other Crash,2,Other Crash,2,Other Crash,1,Driver With Positive BAC Testing Crash,2,Other Crash,2,Other Crash,0,Not Tribal Lands
2012040463,40463,2,2,0,7,21,PINAL,0,NONE LISTED,28,7,2012,6,46,1,,.,1,Rural-Principal Arterial-Interstate,,.,I-10,,32.529852780,-111.286766670,0,No Special Jurisdiction,12,Motor Vehicle In-Transport,6,Angle,0,1,1,0,1,1,Daylight,1,Clear,No,0,0,0,None,None,None,1,1,Interstate,1,"Interstate, principal arterial",1,Daytime,2,Weekend,2,Other Crash,1,Speeding Involved Crash,2,Other Crash,2,Other Crash,2,Other Crash,2,Other Crash,2,Other Crash,3,Unknown BAC Crash,2,Other Crash,2,Other Crash,0,Not Tribal Lands
2012040464,40464,4,4,0,8,21,PINAL,0,NONE LISTED,28,7,2012,7,20,0,,.,3,Rural-Minor Arterial,,.,SR-77,,32.792919440,-110.674197220,0,No Special Jurisdiction,12,Motor Vehicle In-Transport,2,Front-to-Front,0,1,1,0,1,1,Daylight,10,Cloudy,No,0,0,0,None,None,None,1,2,Non-Interstate,4,Minor arterial,1,Daytime,2,Weekend,2,Other Crash,1,Speeding Involved Crash,2,Other Crash,2,Other Crash,2,Other Crash,2,Other Crash,2,Other Crash,1,Driver With Positive BAC Testing Crash,2,Other Crash,2,Other Crash,0,Not Tribal Lands
2012040465,40465,1,1,0,1,5,COCONINO,428,SEDONA,15,8,2012,15,29,0,,.,13,Urban-Other Principal Arterial,,.,SR-89A,,34.884886110,-111.744436110,0,No Special Jurisdiction,1,Rollover/Overturn,0,Not a Collision with Motor Vehicle In-Transport,0,1,1,0,1,1,Daylight,1,Clear,No,0,0,0,None,None,None,1,2,Non-Interstate,3,"Principal arterial, other",1,Daytime,1,Weekday,2,Other Crash,1,Speeding Involved Crash,2,Other Crash,2,Other Crash,2,Other Crash,2,Other Crash,2,Other Crash,1,Driver With Positive BAC Testing Crash,2,Other Crash,2,Other Crash,0,Not Tribal Lands
2012040466,40466,1,1,0,1,5,COCONINO,0,NONE LISTED,15,8,2012,22,50,1,,.,1,Rural-Principal Arterial-Interstate,,.,I-40,,35.223211110,-112.256208330,0,No Special Jurisdiction,1,Rollover/Overturn,0,Not a Collision with Motor Vehicle In-Transport,0,1,1,0,4,2,Dark - Not Lighted,10,Cloudy,No,0,0,0,None,None,None,1,1,Interstate,1,"Interstate, principal arterial",2,Nighttime,1,Weekday,2,Other Crash,2,Other Crash,2,Other Crash,2,Other Crash,2,Other Crash,2,Other Crash,2,Other Crash,1,Driver With Positive BAC Testing Crash,2,Other Crash,2,Other Crash,0,Not Tribal Lands
2012040467,40467,1,1,0,1,19,PIMA,530,TUCSON,22,8,2012,9,29,1,,.,1,Rural-Principal Arterial-Interstate,,.,I-10 RAMP,,32.063561110,-110.776066670,0,No Special Jurisdiction,1,Rollover/Overturn,0,Not a Collision with Motor Vehicle In-Transport,1,5,1,0,4,1,Daylight,2,Rain,No,0,0,0,None,None,None,1,1,Interstate,1,"Interstate, principal arterial",1,Daytime,1,Weekday,2,Other Crash,2,Other Crash,2,Other Crash,2,Other Crash,2,Other Crash,2,Other Crash,2,Other Crash,3,Unknown BAC Crash,2,Other Crash,2,Other Crash,0,Not Tribal Lands
2012040468,40468,6,6,0,7,19,PIMA,530,TUCSON,31,8,2012,21,31,1,,.,11,Urban-Principal Arterial-Interstate,,.,I-19,,32.174172220,-110.985783330,0,No Special Jurisdiction,12,Motor Vehicle In-Transport,7,Sideswipe - Same Direction,0,1,1,0,1,3,Dark - Lighted,1,Clear,No,14,0,0,"Motor Vehicle struck by falling cargo,or something",None,None,1,1,Interstate,1,"Interstate, principal arterial",2,Nighttime,2,Weekend,2,Other Crash,1,Speeding Involved Crash,2,Other Crash,2,Other Crash,2,Other Crash,2,Other Crash,2,Other Crash,1,Driver With Positive BAC Testing Crash,2,Other Crash,2,Other Crash,0,Not Tribal Lands
2012040469,40469,1,1,0,6,5,COCONINO,0,NONE LISTED,31,8,2012,23,50,0,,.,3,Rural-Minor Arterial,,.,SR-264,,36.019808330,-111.118111110,3,Indian Reservation,1,Rollover/Overturn,0,Not a Collision with Motor Vehicle In-Transport,0,1,1,0,1,2,Dark - Not Lighted,1,Clear,No,0,0,0,None,None,None,2,2,Non-Interstate,4,Minor arterial,2,Nighttime,2,Weekend,2,Other Crash,1,Speeding Involved Crash,2,Other Crash,2,Other Crash,2,Other Crash,2,Other Crash,2,Other Crash,3,Unknown BAC Crash,2,Other Crash,1,Involving a Drowsy Driver,1,Tribal Lands
2012040470,40470,1,1,0,2,7,GILA,0,NONE LISTED,18,7,2012,9,25,0,,.,4,Rural-Major Collector,,.,SR-87,,34.285961110,-111.338466670,0,No Special Jurisdiction,35,Embankment,0,Not a Collision with Motor Vehicle In-Transport,0,1,1,0,6,1,Daylight,1,Clear,No,0,0,0,None,None,None,1,2,Non-Interstate,5,Collector,1,Daytime,1,Weekday,2,Other Crash,2,Other Crash,2,Other Crash,2,Other Crash,2,Other Crash,2,Other Crash,2,Other Crash,3,Unknown BAC Crash,2,Other Crash,2,Other Crash,0,Not Tribal Lands
2012040471,40471,1,1,0,1,13,MARICOPA,370,PHOENIX,23,8,2012,5,33,1,,.,12,Urban-Principal Arterial-Other Freeways or Expressways,,.,SR-51 RAMP,,33.595816670,-112.010019440,0,No Special Jurisdiction,33,Curb,0,Not a Collision with Motor Vehicle In-Transport,1,5,1,0,4,4,Dawn,10,Cloudy,No,0,0,0,None,None,None,1,2,Non-Interstate,2,"Freeway and expressway, principal arterial",2,Nighttime,1,Weekday,2,Other Crash,2,Other Crash,2,Other Crash,2,Other Crash,2,Other Crash,2,Other Crash,2,Other Crash,2,All Drivers With ZERO BAC Testing Crash,2,Other Crash,2,Other Crash,0,Not Tribal Lands
2012040472,40472,4,4,0,10,19,PIMA,355,ORO VALLEY,11,8,2012,16,5,0,,.,13,Urban-Other Principal Arterial,,.,ORACLE RD,FIRST AVE,32.399588890,-110.955677780,0,No Special Jurisdiction,12,Motor Vehicle In-Transport,1,Front-to-Rear,0,3,2,0,1,1,Daylight,1,Clear,No,0,0,0,None,None,None,1,2,Non-Interstate,3,"Principal arterial, other",1,Daytime,2,Weekend,2,Other Crash,2,Other Crash,2,Other Crash,2,Other Crash,2,Other Crash,2,Other Crash,2,Other Crash,3,Unknown BAC Crash,1,Involving a Distracted Driver,2,Other Crash,0,Not Tribal Lands
2012040473,40473,1,1,1,1,13,MARICOPA,370,PHOENIX,21,8,2012,20,9,0,,.,13,Urban-Other Principal Arterial,,.,GREENWAY RD,,33.625297220,-112.113141670,0,No Special Jurisdiction,8,Pedestrian,0,Not a Collision with Motor Vehicle In-Transport,0,1,1,0,1,3,Dark - Lighted,10,Cloudy,No,0,0,0,None,None,None,1,2,Non-Interstate,3,"Principal arterial, other",2,Nighttime,1,Weekday,2,Other Crash,1,Speeding Involved Crash,1,Pedestrian Involved Crash,1,Involving a pedestrian fatality,2,Other Crash,2,Other Crash,2,Other Crash,1,Driver With Positive BAC Testing Crash,2,Other Crash,2,Other Crash,0,Not Tribal Lands
2012040474,40474,1,1,0,1,19,PIMA,0,NONE LISTED,12,8,2012,5,0,0,,.,16,Urban-Local Road or Street,,.,HIGHWAY DR,,32.302572220,-111.035019440,0,No Special Jurisdiction,43,Other Fixed Object,0,Not a Collision with Motor Vehicle In-Transport,0,1,1,0,6,2,Dark - Not Lighted,1,Clear,No,0,0,0,None,None,None,1,2,Non-Interstate,6,Local,2,Nighttime,2,Weekend,2,Other Crash,2,Other Crash,2,Other Crash,2,Other Crash,2,Other Crash,2,Other Crash,2,Other Crash,1,Driver With Positive BAC Testing Crash,1,Involving a Distracted Driver,2,Other Crash,0,Not Tribal Lands