accident_id,ST_CASE,VE_TOTAL,VE_FORMS,PEDS,PERSONS,COUNTY,county_name,CITY,city_name,DAY,MONTH,YEAR,HOUR,MINUTE,NHS,FUNC_SYS,func_sys_lit,ROAD_FNC,road_fnc_lit,RD_OWNER,rd_owner_lit,TWAY_ID,TWAY_ID2,LATITUDE,LONGITUD,SP_JUR,sp_jur_lit,HARM_EV,harm_ev_lit,MAN_COLL,man_coll_lit,RELJCT1,RELJCT2,TYP_INT,WRK_ZONE,REL_ROAD,LGT_COND,lgt_cond_lit,WEATHER,weather_lit,SCH_BUS,CF1,CF2,CF3,cf1_lit,cf2_lit,cf3_lit,FATALS,A_INTER,a_inter_lit,A_ROADFC,a_road_fc_lit,A_TOD,a_tod_lit,A_DOW,a_dow_lit,A_LT,a_lt_lit,A_SPCRA,a_spcra_lit,A_PED,a_ped_lit,A_PED_F,a_ped_f_lit,A_PEDAL,a_pedal_lit,A_PEDAL_F,a_pedal_f_lit,A_POLPUR,a_polour_lit,A_POSBAC,a_posbac_lit,A_DIST,a_dist_lit,A_DROWSY,a_drowsy_lit,INDIAN_RES,indian_res_lit
2012040702,40702,1,1,1,1,13,MARICOPA,370,PHOENIX,15,11,2012,18,37,0,,.,13,Urban-Other Principal Arterial,,.,19TH AVE,,33.574255560,-112.099627780,0,No Special Jurisdiction,8,Pedestrian,0,Not a Collision with Motor Vehicle In-Transport,0,1,1,0,1,3,Dark - Lighted,10,Cloudy,No,0,0,0,None,None,None,1,2,Non-Interstate,3,"Principal arterial, other",2,Nighttime,1,Weekday,2,Other Crash,2,Other Crash,1,Pedestrian Involved Crash,1,Involving a pedestrian fatality,2,Other Crash,2,Other Crash,2,Other Crash,2,All Drivers With ZERO BAC Testing Crash,2,Other Crash,2,Other Crash,0,Not Tribal Lands
2012040703,40703,1,1,1,1,13,MARICOPA,370,PHOENIX,18,11,2012,19,16,0,,.,13,Urban-Other Principal Arterial,,.,35TH AVE,,99.999900000,999.999900000,0,No Special Jurisdiction,8,Pedestrian,0,Not a Collision with Motor Vehicle In-Transport,0,1,1,0,1,9,Unknown,99,Unknown,No,0,0,0,None,None,None,1,2,Non-Interstate,3,"Principal arterial, other",2,Nighttime,2,Weekend,2,Other Crash,2,Other Crash,1,Pedestrian Involved Crash,1,Involving a pedestrian fatality,2,Other Crash,2,Other Crash,2,Other Crash,2,All Drivers With ZERO BAC Testing Crash,2,Other Crash,2,Other Crash,0,Not Tribal Lands
2012040704,40704,1,1,0,2,1,APACHE,0,NONE LISTED,19,11,2012,99,99,0,,.,6,Rural-Local Road or Street,,.,BIA 67,BIA 673,99.999900000,999.999900000,3,Indian Reservation,35,Embankment,0,Not a Collision with Motor Vehicle In-Transport,0,2,3,0,4,9,Unknown,99,Unknown,No,0,0,0,None,None,None,1,2,Non-Interstate,6,Local,3,Unknown,3,Unknown,2,Other Crash,1,Speeding Involved Crash,2,Other Crash,2,Other Crash,2,Other Crash,2,Other Crash,2,Other Crash,2,All Drivers With ZERO BAC Testing Crash,2,Other Crash,2,Other Crash,1,Tribal Lands
2012040705,40705,1,1,0,2,17,NAVAJO,0,NONE LISTED,21,11,2012,99,99,0,,.,6,Rural-Local Road or Street,,.,BIA 41,,99.999900000,999.999900000,3,Indian Reservation,99,Unknown,99,Unknown,0,99,9,0,99,9,Unknown,99,Unknown,No,0,0,0,None,None,None,1,2,Non-Interstate,6,Local,3,Unknown,1,Weekday,2,Other Crash,2,Other Crash,2,Other Crash,2,Other Crash,2,Other Crash,2,Other Crash,2,Other Crash,2,All Drivers With ZERO BAC Testing Crash,2,Other Crash,2,Other Crash,1,Tribal Lands
2012040706,40706,2,2,0,2,13,MARICOPA,80,CHANDLER,24,11,2012,17,7,0,,.,16,Urban-Local Road or Street,,.,OCOTILLO RD,SALT CEDAR ST,33.248063890,-111.804700000,0,No Special Jurisdiction,1,Rollover/Overturn,0,Not a Collision with Motor Vehicle In-Transport,0,2,3,0,1,1,Daylight,1,Clear,No,14,0,0,"Motor Vehicle struck by falling cargo,or something",None,None,1,2,Non-Interstate,6,Local,1,Daytime,2,Weekend,2,Other Crash,2,Other Crash,2,Other Crash,2,Other Crash,2,Other Crash,2,Other Crash,2,Other Crash,3,Unknown BAC Crash,2,Other Crash,2,Other Crash,0,Not Tribal Lands
2012040707,40707,7,7,0,11,13,MARICOPA,60,BUCKEYE,20,11,2012,23,44,1,,.,11,Urban-Principal Arterial-Interstate,,.,I-10,,33.444505560,-112.556519440,0,No Special Jurisdiction,12,Motor Vehicle In-Transport,1,Front-to-Rear,1,18,1,0,1,2,Dark - Not Lighted,1,Clear,No,14,19,0,"Motor Vehicle struck by falling cargo,or something",Recent/Previous Crash scene Nearby,None,1,1,Interstate,1,"Interstate, principal arterial",2,Nighttime,1,Weekday,1,Large Truck Involved Crash,1,Speeding Involved Crash,2,Other Crash,2,Other Crash,2,Other Crash,2,Other Crash,2,Other Crash,3,Unknown BAC Crash,1,Involving a Distracted Driver,2,Other Crash,0,Not Tribal Lands
2012040708,40708,2,2,0,4,21,PINAL,160,ELOY,6,12,2012,11,50,0,,.,4,Rural-Major Collector,,.,SR-87,MILLIGAN RD,32.734125000,-111.515797220,0,No Special Jurisdiction,12,Motor Vehicle In-Transport,6,Angle,0,2,7,0,1,1,Daylight,1,Clear,No,0,0,0,None,None,None,2,2,Non-Interstate,5,Collector,1,Daytime,1,Weekday,2,Other Crash,2,Other Crash,2,Other Crash,2,Other Crash,2,Other Crash,2,Other Crash,2,Other Crash,3,Unknown BAC Crash,2,Other Crash,2,Other Crash,0,Not Tribal Lands
2012040709,40709,1,1,0,1,19,PIMA,530,TUCSON,9,11,2012,19,49,0,,.,16,Urban-Local Road or Street,,.,CAMINTO CALLADO,,32.290058330,-110.937005560,0,No Special Jurisdiction,2,Fire/Explosion,0,Not a Collision with Motor Vehicle In-Transport,0,4,1,0,4,6,Dark - Unknown Lighting,98,Not Reported,No,0,0,0,None,None,None,1,2,Non-Interstate,6,Local,2,Nighttime,2,Weekend,2,Other Crash,2,Other Crash,2,Other Crash,2,Other Crash,2,Other Crash,2,Other Crash,2,Other Crash,1,Driver With Positive BAC Testing Crash,2,Other Crash,2,Other Crash,0,Not Tribal Lands
2012040710,40710,1,1,0,1,1,APACHE,470,SPRINGERVILLE,12,12,2012,4,40,0,,.,3,Rural-Minor Arterial,,.,US-180,,34.190086110,-109.320913890,0,No Special Jurisdiction,17,Boulder,0,Not a Collision with Motor Vehicle In-Transport,0,1,1,0,4,2,Dark - Not Lighted,1,Clear,No,0,0,0,None,None,None,1,2,Non-Interstate,4,Minor arterial,2,Nighttime,1,Weekday,1,Large Truck Involved Crash,2,Other Crash,2,Other Crash,2,Other Crash,2,Other Crash,2,Other Crash,2,Other Crash,1,Driver With Positive BAC Testing Crash,2,Other Crash,2,Other Crash,0,Not Tribal Lands
2012040711,40711,1,1,0,2,1,APACHE,0,NONE LISTED,2,12,2012,22,18,1,,.,1,Rural-Principal Arterial-Interstate,,.,I-40,,35.107361110,-109.602222220,0,No Special Jurisdiction,42,Tree (Standing Only),0,Not a Collision with Motor Vehicle In-Transport,0,1,1,0,4,2,Dark - Not Lighted,10,Cloudy,No,0,0,0,None,None,None,1,1,Interstate,1,"Interstate, principal arterial",2,Nighttime,2,Weekend,1,Large Truck Involved Crash,2,Other Crash,2,Other Crash,2,Other Crash,2,Other Crash,2,Other Crash,2,Other Crash,2,All Drivers With ZERO BAC Testing Crash,2,Other Crash,2,Other Crash,0,Not Tribal Lands
2012040712,40712,1,1,0,2,13,MARICOPA,200,GLENDALE,9,12,2012,6,49,0,,.,14,Urban-Minor Arterial,,.,67TH AVE,,33.521469440,-112.203122220,0,No Special Jurisdiction,30,Utility Pole/Light Support,0,Not a Collision with Motor Vehicle In-Transport,0,1,1,0,4,1,Daylight,1,Clear,No,0,0,0,None,None,None,2,2,Non-Interstate,4,Minor arterial,1,Daytime,2,Weekend,2,Other Crash,1,Speeding Involved Crash,2,Other Crash,2,Other Crash,2,Other Crash,2,Other Crash,2,Other Crash,1,Driver With Positive BAC Testing Crash,2,Other Crash,2,Other Crash,0,Not Tribal Lands
2012040713,40713,2,1,0,1,5,COCONINO,0,NONE LISTED,12,12,2012,7,9,0,,.,4,Rural-Major Collector,,.,TOWNSEND WINONA RD,,35.209686110,-111.416600000,0,No Special Jurisdiction,53,Mail Box,0,Not a Collision with Motor Vehicle In-Transport,0,1,1,0,4,4,Dawn,1,Clear,No,0,0,0,None,None,None,1,2,Non-Interstate,5,Collector,1,Daytime,1,Weekday,2,Other Crash,2,Other Crash,2,Other Crash,2,Other Crash,2,Other Crash,2,Other Crash,2,Other Crash,2,All Drivers With ZERO BAC Testing Crash,2,Other Crash,2,Other Crash,0,Not Tribal Lands
2012040714,40714,1,1,1,1,13,MARICOPA,200,GLENDALE,15,12,2012,3,31,1,,.,12,Urban-Principal Arterial-Other Freeways or Expressways,,.,SR-101 RAMP,,33.668444440,-112.199005560,0,No Special Jurisdiction,8,Pedestrian,0,Not a Collision with Motor Vehicle In-Transport,1,5,1,0,1,3,Dark - Lighted,2,Rain,No,19,0,0,Recent/Previous Crash scene Nearby,None,None,1,2,Non-Interstate,2,"Freeway and expressway, principal arterial",2,Nighttime,2,Weekend,2,Other Crash,2,Other Crash,1,Pedestrian Involved Crash,1,Involving a pedestrian fatality,2,Other Crash,2,Other Crash,2,Other Crash,3,Unknown BAC Crash,2,Other Crash,2,Other Crash,0,Not Tribal Lands
2012040715,40715,2,2,0,3,5,COCONINO,0,NONE LISTED,15,12,2012,12,44,0,,.,3,Rural-Minor Arterial,,.,OLD ROUTE 66,,35.246611110,-111.844066670,0,No Special Jurisdiction,12,Motor Vehicle In-Transport,2,Front-to-Front,0,1,1,0,1,1,Daylight,11,Blowing Snow,No,4,0,0,No or Obscured Pavement Marking,None,None,1,2,Non-Interstate,4,Minor arterial,1,Daytime,2,Weekend,2,Other Crash,1,Speeding Involved Crash,2,Other Crash,2,Other Crash,2,Other Crash,2,Other Crash,2,Other Crash,3,Unknown BAC Crash,2,Other Crash,2,Other Crash,0,Not Tribal Lands
2012040716,40716,2,2,0,7,19,PIMA,0,NONE LISTED,16,12,2012,0,8,1,,.,1,Rural-Principal Arterial-Interstate,,.,I-10,,31.998080560,-110.626291670,0,No Special Jurisdiction,1,Rollover/Overturn,0,Not a Collision with Motor Vehicle In-Transport,0,1,1,0,3,2,Dark - Not Lighted,1,Clear,No,14,0,0,"Motor Vehicle struck by falling cargo,or something",None,None,1,1,Interstate,1,"Interstate, principal arterial",2,Nighttime,2,Weekend,2,Other Crash,1,Speeding Involved Crash,2,Other Crash,2,Other Crash,2,Other Crash,2,Other Crash,2,Other Crash,1,Driver With Positive BAC Testing Crash,1,Involving a Distracted Driver,2,Other Crash,0,Not Tribal Lands
2012040717,40717,2,2,0,2,19,PIMA,0,NONE LISTED,18,12,2012,5,16,0,,.,4,Rural-Major Collector,,.,SANDARIO RD,PARK RD,32.147452780,-111.217738890,0,No Special Jurisdiction,1,Rollover/Overturn,0,Not a Collision with Motor Vehicle In-Transport,0,3,2,0,1,2,Dark - Not Lighted,1,Clear,No,14,0,0,"Motor Vehicle struck by falling cargo,or something",None,None,1,2,Non-Interstate,5,Collector,2,Nighttime,1,Weekday,2,Other Crash,2,Other Crash,2,Other Crash,2,Other Crash,2,Other Crash,2,Other Crash,2,Other Crash,2,All Drivers With ZERO BAC Testing Crash,2,Other Crash,2,Other Crash,0,Not Tribal Lands
2012040718,40718,1,1,2,3,13,MARICOPA,420,SCOTTSDALE,19,12,2012,12,3,0,,.,13,Urban-Other Principal Arterial,,.,FRANK LLOYD WRIGHT BLVD,DESERT COVE AVE,33.586258330,-111.835119440,0,No Special Jurisdiction,8,Pedestrian,0,Not a Collision with Motor Vehicle In-Transport,0,3,2,0,1,1,Daylight,1,Clear,No,0,0,0,None,None,None,1,2,Non-Interstate,3,"Principal arterial, other",1,Daytime,1,Weekday,2,Other Crash,2,Other Crash,1,Pedestrian Involved Crash,1,Involving a pedestrian fatality,2,Other Crash,2,Other Crash,2,Other Crash,2,All Drivers With ZERO BAC Testing Crash,2,Other Crash,2,Other Crash,0,Not Tribal Lands
2012040719,40719,1,1,0,2,21,PINAL,0,NONE LISTED,22,12,2012,15,22,1,,.,1,Rural-Principal Arterial-Interstate,,.,I-10,,32.569125000,-111.319216670,0,No Special Jurisdiction,1,Rollover/Overturn,0,Not a Collision with Motor Vehicle In-Transport,0,1,1,0,10,1,Daylight,1,Clear,No,0,0,0,None,None,None,1,1,Interstate,1,"Interstate, principal arterial",1,Daytime,2,Weekend,2,Other Crash,1,Speeding Involved Crash,2,Other Crash,2,Other Crash,2,Other Crash,2,Other Crash,2,Other Crash,3,Unknown BAC Crash,2,Other Crash,2,Other Crash,0,Not Tribal Lands
2012040720,40720,1,1,0,1,13,MARICOPA,370,PHOENIX,1,12,2012,11,54,0,,.,13,Urban-Other Principal Arterial,,.,DUNLAP AVE,,33.567547220,-112.092650000,0,No Special Jurisdiction,33,Curb,0,Not a Collision with Motor Vehicle In-Transport,0,1,1,0,4,1,Daylight,1,Clear,No,0,0,0,None,None,None,1,2,Non-Interstate,3,"Principal arterial, other",1,Daytime,2,Weekend,2,Other Crash,1,Speeding Involved Crash,2,Other Crash,2,Other Crash,2,Other Crash,2,Other Crash,2,Other Crash,2,All Drivers With ZERO BAC Testing Crash,2,Other Crash,2,Other Crash,0,Not Tribal Lands
2012040721,40721,1,1,0,1,13,MARICOPA,200,GLENDALE,2,12,2012,0,6,0,,.,14,Urban-Minor Arterial,,.,91ST AVE,,33.544505560,-112.255166670,0,No Special Jurisdiction,1,Rollover/Overturn,0,Not a Collision with Motor Vehicle In-Transport,0,1,1,0,1,3,Dark - Lighted,1,Clear,No,0,0,0,None,None,None,1,2,Non-Interstate,4,Minor arterial,2,Nighttime,2,Weekend,2,Other Crash,1,Speeding Involved Crash,2,Other Crash,2,Other Crash,2,Other Crash,2,Other Crash,2,Other Crash,1,Driver With Positive BAC Testing Crash,2,Other Crash,2,Other Crash,0,Not Tribal Lands
2012040722,40722,2,2,0,2,13,MARICOPA,370,PHOENIX,4,12,2012,18,21,0,,.,14,Urban-Minor Arterial,,.,MCDOWELL RD,26TH ST,33.465786110,-112.025816670,0,No Special Jurisdiction,12,Motor Vehicle In-Transport,6,Angle,0,3,3,0,1,3,Dark - Lighted,1,Clear,No,0,0,0,None,None,None,1,2,Non-Interstate,4,Minor arterial,2,Nighttime,1,Weekday,2,Other Crash,1,Speeding Involved Crash,2,Other Crash,2,Other Crash,2,Other Crash,2,Other Crash,2,Other Crash,3,Unknown BAC Crash,2,Other Crash,2,Other Crash,0,Not Tribal Lands
2012040723,40723,1,1,0,2,21,PINAL,0,NONE LISTED,8,12,2012,99,99,0,,.,9,Rural-Unknown Rural,,.,UNKNOWN RD,,99.999900000,999.999900000,3,Indian Reservation,3,Immersion or Partial Immersion,0,Not a Collision with Motor Vehicle In-Transport,0,99,9,0,6,9,Unknown,99,Unknown,No,0,0,0,None,None,None,1,3,Unknown,7,Unknown,3,Unknown,2,Weekend,2,Other Crash,2,Other Crash,2,Other Crash,2,Other Crash,2,Other Crash,2,Other Crash,2,Other Crash,2,All Drivers With ZERO BAC Testing Crash,2,Other Crash,2,Other Crash,1,Tribal Lands
2012040724,40724,1,1,1,2,13,MARICOPA,370,PHOENIX,11,12,2012,18,26,0,,.,14,Urban-Minor Arterial,,.,43RD AVE,,33.468222220,-112.151736110,0,No Special Jurisdiction,8,Pedestrian,0,Not a Collision with Motor Vehicle In-Transport,0,1,1,0,1,3,Dark - Lighted,1,Clear,No,0,0,0,None,None,None,1,2,Non-Interstate,4,Minor arterial,2,Nighttime,1,Weekday,2,Other Crash,2,Other Crash,1,Pedestrian Involved Crash,1,Involving a pedestrian fatality,2,Other Crash,2,Other Crash,2,Other Crash,2,All Drivers With ZERO BAC Testing Crash,2,Other Crash,2,Other Crash,0,Not Tribal Lands
2012040725,40725,1,1,1,1,13,MARICOPA,370,PHOENIX,12,12,2012,4,57,0,,.,14,Urban-Minor Arterial,,.,59TH AVE,,33.465550000,-112.186519440,0,No Special Jurisdiction,8,Pedestrian,0,Not a Collision with Motor Vehicle In-Transport,0,1,1,0,1,3,Dark - Lighted,1,Clear,No,0,0,0,None,None,None,1,2,Non-Interstate,4,Minor arterial,2,Nighttime,1,Weekday,2,Other Crash,2,Other Crash,1,Pedestrian Involved Crash,1,Involving a pedestrian fatality,2,Other Crash,2,Other Crash,2,Other Crash,2,All Drivers With ZERO BAC Testing Crash,2,Other Crash,2,Other Crash,0,Not Tribal Lands
2012040726,40726,1,1,0,1,12,LA PAZ,0,NONE LISTED,13,12,2012,17,5,0,,.,6,Rural-Local Road or Street,,.,SCOTT RD,,99.999900000,999.999900000,0,No Special Jurisdiction,3,Immersion or Partial Immersion,0,Not a Collision with Motor Vehicle In-Transport,0,1,1,0,6,1,Daylight,99,Unknown,No,0,0,0,None,None,None,1,2,Non-Interstate,6,Local,1,Daytime,1,Weekday,2,Other Crash,2,Other Crash,2,Other Crash,2,Other Crash,2,Other Crash,2,Other Crash,2,Other Crash,3,Unknown BAC Crash,2,Other Crash,2,Other Crash,0,Not Tribal Lands
2012040727,40727,2,2,0,2,13,MARICOPA,0,NONE LISTED,15,12,2012,2,14,0,,.,13,Urban-Other Principal Arterial,,.,MC-85,,33.403080560,-112.433483330,0,No Special Jurisdiction,12,Motor Vehicle In-Transport,2,Front-to-Front,0,1,1,0,1,2,Dark - Not Lighted,10,Cloudy,No,0,0,0,None,None,None,1,2,Non-Interstate,3,"Principal arterial, other",2,Nighttime,2,Weekend,2,Other Crash,2,Other Crash,2,Other Crash,2,Other Crash,2,Other Crash,2,Other Crash,2,Other Crash,1,Driver With Positive BAC Testing Crash,2,Other Crash,2,Other Crash,0,Not Tribal Lands
2012040728,40728,2,2,0,2,13,MARICOPA,0,NONE LISTED,16,12,2012,4,48,0,,.,15,Urban-Collector,,.,BROADWAY RD,,33.408494440,-112.216216670,0,No Special Jurisdiction,12,Motor Vehicle In-Transport,2,Front-to-Front,0,1,1,0,1,2,Dark - Not Lighted,10,Cloudy,No,0,0,0,None,None,None,1,2,Non-Interstate,5,Collector,2,Nighttime,2,Weekend,2,Other Crash,2,Other Crash,2,Other Crash,2,Other Crash,2,Other Crash,2,Other Crash,2,Other Crash,1,Driver With Positive BAC Testing Crash,2,Other Crash,2,Other Crash,0,Not Tribal Lands
2012040729,40729,2,2,0,2,13,MARICOPA,370,PHOENIX,18,12,2012,12,53,0,,.,16,Urban-Local Road or Street,,.,PIMA ST,13TH AVE,33.433088890,-112.089025000,0,No Special Jurisdiction,12,Motor Vehicle In-Transport,6,Angle,0,2,2,0,1,1,Daylight,1,Clear,No,0,0,0,None,None,None,1,2,Non-Interstate,6,Local,1,Daytime,1,Weekday,2,Other Crash,1,Speeding Involved Crash,2,Other Crash,2,Other Crash,2,Other Crash,2,Other Crash,2,Other Crash,3,Unknown BAC Crash,2,Other Crash,2,Other Crash,0,Not Tribal Lands
2012040730,40730,2,2,0,6,21,PINAL,0,NONE LISTED,22,12,2012,14,16,0,,.,6,Rural-Local Road or Street,,.,COMBS RD,GANTZEL RD,33.219933330,-111.563261110,0,No Special Jurisdiction,12,Motor Vehicle In-Transport,2,Front-to-Front,0,2,2,0,1,1,Daylight,1,Clear,No,0,0,0,None,None,None,1,2,Non-Interstate,6,Local,1,Daytime,2,Weekend,2,Other Crash,2,Other Crash,2,Other Crash,2,Other Crash,2,Other Crash,2,Other Crash,2,Other Crash,3,Unknown BAC Crash,2,Other Crash,2,Other Crash,0,Not Tribal Lands
2012040731,40731,2,2,0,3,13,MARICOPA,370,PHOENIX,21,12,2012,13,30,0,,.,13,Urban-Other Principal Arterial,,.,51ST AVE,,33.610122220,-112.168466670,0,No Special Jurisdiction,1,Rollover/Overturn,0,Not a Collision with Motor Vehicle In-Transport,0,8,1,0,1,1,Daylight,1,Clear,No,0,0,0,None,None,None,1,2,Non-Interstate,3,"Principal arterial, other",1,Daytime,1,Weekday,2,Other Crash,2,Other Crash,2,Other Crash,2,Other Crash,2,Other Crash,2,Other Crash,2,Other Crash,2,All Drivers With ZERO BAC Testing Crash,2,Other Crash,2,Other Crash,0,Not Tribal Lands
2012040732,40732,1,1,1,1,13,MARICOPA,370,PHOENIX,23,12,2012,3,25,0,,.,13,Urban-Other Principal Arterial,,.,19TH AVE,,33.546408330,-112.099580560,0,No Special Jurisdiction,8,Pedestrian,0,Not a Collision with Motor Vehicle In-Transport,0,1,1,0,1,3,Dark - Lighted,1,Clear,No,0,0,0,None,None,None,1,2,Non-Interstate,3,"Principal arterial, other",2,Nighttime,2,Weekend,2,Other Crash,2,Other Crash,1,Pedestrian Involved Crash,1,Involving a pedestrian fatality,2,Other Crash,2,Other Crash,2,Other Crash,2,All Drivers With ZERO BAC Testing Crash,2,Other Crash,2,Other Crash,0,Not Tribal Lands
2012040733,40733,1,1,0,1,21,PINAL,0,NONE LISTED,25,12,2012,13,33,0,,.,6,Rural-Local Road or Street,,.,DOVE RD,,33.016666670,-111.583333330,3,Indian Reservation,99,Unknown,99,Unknown,0,99,9,0,99,1,Daylight,99,Unknown,No,0,0,0,None,None,None,1,2,Non-Interstate,6,Local,1,Daytime,1,Weekday,2,Other Crash,2,Other Crash,2,Other Crash,2,Other Crash,2,Other Crash,2,Other Crash,2,Other Crash,1,Driver With Positive BAC Testing Crash,2,Other Crash,2,Other Crash,1,Tribal Lands
2012040734,40734,2,2,0,5,13,MARICOPA,80,CHANDLER,26,12,2012,12,33,0,,.,15,Urban-Collector,,.,GILBERT RD,OCOTILLO RD,33.248305560,-111.789466670,0,No Special Jurisdiction,12,Motor Vehicle In-Transport,6,Angle,0,2,2,0,1,1,Daylight,1,Clear,No,0,0,0,None,None,None,1,2,Non-Interstate,5,Collector,1,Daytime,1,Weekday,1,Large Truck Involved Crash,2,Other Crash,2,Other Crash,2,Other Crash,2,Other Crash,2,Other Crash,2,Other Crash,3,Unknown BAC Crash,1,Involving a Distracted Driver,2,Other Crash,0,Not Tribal Lands
2012040735,40735,2,2,0,2,13,MARICOPA,370,PHOENIX,26,12,2012,16,52,0,,.,13,Urban-Other Principal Arterial,,.,GREENWAY RD,40TH ST,33.626316670,-111.996058330,0,No Special Jurisdiction,12,Motor Vehicle In-Transport,6,Angle,0,2,2,0,1,1,Daylight,1,Clear,No,0,0,0,None,None,None,1,2,Non-Interstate,3,"Principal arterial, other",1,Daytime,1,Weekday,2,Other Crash,1,Speeding Involved Crash,2,Other Crash,2,Other Crash,2,Other Crash,2,Other Crash,2,Other Crash,2,All Drivers With ZERO BAC Testing Crash,2,Other Crash,2,Other Crash,0,Not Tribal Lands
2012040736,40736,1,1,0,1,13,MARICOPA,370,PHOENIX,27,12,2012,10,36,0,,.,15,Urban-Collector,,.,42ND ST,BLOOMFIELD RD,33.599880560,-111.992444440,0,No Special Jurisdiction,33,Curb,0,Not a Collision with Motor Vehicle In-Transport,0,3,3,0,4,1,Daylight,1,Clear,No,0,0,0,None,None,None,1,2,Non-Interstate,5,Collector,1,Daytime,1,Weekday,2,Other Crash,1,Speeding Involved Crash,2,Other Crash,2,Other Crash,2,Other Crash,2,Other Crash,2,Other Crash,2,All Drivers With ZERO BAC Testing Crash,2,Other Crash,2,Other Crash,0,Not Tribal Lands
2012040737,40737,1,1,1,1,13,MARICOPA,370,PHOENIX,28,12,2012,6,58,0,,.,13,Urban-Other Principal Arterial,,.,THOMAS RD,36TH ST,33.480452780,-112.004183330,0,No Special Jurisdiction,8,Pedestrian,0,Not a Collision with Motor Vehicle In-Transport,0,3,2,0,1,4,Dawn,1,Clear,No,0,0,0,None,None,None,1,2,Non-Interstate,3,"Principal arterial, other",1,Daytime,1,Weekday,2,Other Crash,2,Other Crash,1,Pedestrian Involved Crash,1,Involving a pedestrian fatality,2,Other Crash,2,Other Crash,2,Other Crash,2,All Drivers With ZERO BAC Testing Crash,2,Other Crash,2,Other Crash,0,Not Tribal Lands
2012040738,40738,1,1,0,3,13,MARICOPA,200,GLENDALE,30,12,2012,23,56,0,,.,15,Urban-Collector,,.,83RD AVE,,33.639791670,-112.233444440,0,No Special Jurisdiction,33,Curb,0,Not a Collision with Motor Vehicle In-Transport,0,1,1,0,3,3,Dark - Lighted,1,Clear,No,0,0,0,None,None,None,2,2,Non-Interstate,5,Collector,2,Nighttime,2,Weekend,2,Other Crash,2,Other Crash,2,Other Crash,2,Other Crash,2,Other Crash,2,Other Crash,2,Other Crash,1,Driver With Positive BAC Testing Crash,2,Other Crash,2,Other Crash,0,Not Tribal Lands
2012040739,40739,1,1,1,0,21,PINAL,0,NONE LISTED,14,7,2012,16,18,0,,.,16,Urban-Local Road or Street,,.,CHARLOU GAP RD,,32.554483330,-110.783866670,0,No Special Jurisdiction,8,Pedestrian,0,Not a Collision with Motor Vehicle In-Transport,0,1,1,0,1,1,Daylight,99,Unknown,No,0,0,0,None,None,None,1,2,Non-Interstate,6,Local,1,Daytime,2,Weekend,2,Other Crash,2,Other Crash,1,Pedestrian Involved Crash,1,Involving a pedestrian fatality,2,Other Crash,2,Other Crash,2,Other Crash,2,All Drivers With ZERO BAC Testing Crash,2,Other Crash,2,Other Crash,0,Not Tribal Lands
2012040740,40740,1,1,0,6,1,APACHE,0,NONE LISTED,4,12,2012,1,3,0,,.,3,Rural-Minor Arterial,,.,SR-264,,35.692800000,-109.263522220,3,Indian Reservation,99,Unknown,99,Unknown,0,99,9,0,99,6,Dark - Unknown Lighting,99,Unknown,No,0,0,0,None,None,None,3,2,Non-Interstate,4,Minor arterial,2,Nighttime,1,Weekday,2,Other Crash,2,Other Crash,2,Other Crash,2,Other Crash,2,Other Crash,2,Other Crash,2,Other Crash,2,All Drivers With ZERO BAC Testing Crash,2,Other Crash,2,Other Crash,1,Tribal Lands
2012040741,40741,1,1,1,1,13,MARICOPA,60,BUCKEYE,21,12,2012,13,0,0,,.,15,Urban-Collector,,.,YUMA RD,WATSON RD,33.435547220,-112.556100000,0,No Special Jurisdiction,8,Pedestrian,0,Not a Collision with Motor Vehicle In-Transport,0,3,2,0,1,1,Daylight,10,Cloudy,No,0,0,0,None,None,None,1,2,Non-Interstate,5,Collector,1,Daytime,1,Weekday,2,Other Crash,2,Other Crash,1,Pedestrian Involved Crash,1,Involving a pedestrian fatality,2,Other Crash,2,Other Crash,2,Other Crash,2,All Drivers With ZERO BAC Testing Crash,2,Other Crash,2,Other Crash,0,Not Tribal Lands
2012040742,40742,1,1,0,1,17,NAVAJO,0,NONE LISTED,8,9,2012,99,99,0,,.,4,Rural-Major Collector,,.,SR-87,,35.655619440,-110.491172220,3,Indian Reservation,99,Unknown,0,Not a Collision with Motor Vehicle In-Transport,0,99,9,0,99,9,Unknown,99,Unknown,No,0,0,0,None,None,None,1,2,Non-Interstate,5,Collector,3,Unknown,2,Weekend,2,Other Crash,2,Other Crash,2,Other Crash,2,Other Crash,2,Other Crash,2,Other Crash,2,Other Crash,3,Unknown BAC Crash,2,Other Crash,2,Other Crash,1,Tribal Lands
2012040743,40743,1,1,0,2,5,COCONINO,0,NONE LISTED,9,10,2012,11,25,0,,.,4,Rural-Major Collector,,.,SR-87,,99.999900000,999.999900000,1,National Park Service,42,Tree (Standing Only),0,Not a Collision with Motor Vehicle In-Transport,0,1,1,0,6,1,Daylight,99,Unknown,No,0,0,0,None,None,None,1,2,Non-Interstate,5,Collector,1,Daytime,1,Weekday,2,Other Crash,2,Other Crash,2,Other Crash,2,Other Crash,2,Other Crash,2,Other Crash,2,Other Crash,2,All Drivers With ZERO BAC Testing Crash,2,Other Crash,2,Other Crash,0,Not Tribal Lands