accident_id,ST_CASE,VE_TOTAL,VE_FORMS,PEDS,PERSONS,COUNTY,county_name,CITY,city_name,DAY,MONTH,YEAR,HOUR,MINUTE,NHS,FUNC_SYS,func_sys_lit,ROAD_FNC,road_fnc_lit,RD_OWNER,rd_owner_lit,TWAY_ID,TWAY_ID2,LATITUDE,LONGITUD,SP_JUR,sp_jur_lit,HARM_EV,harm_ev_lit,MAN_COLL,man_coll_lit,RELJCT1,RELJCT2,TYP_INT,WRK_ZONE,REL_ROAD,LGT_COND,lgt_cond_lit,WEATHER,weather_lit,SCH_BUS,CF1,CF2,CF3,cf1_lit,cf2_lit,cf3_lit,FATALS,A_INTER,a_inter_lit,A_ROADFC,a_road_fc_lit,A_TOD,a_tod_lit,A_DOW,a_dow_lit,A_LT,a_lt_lit,A_SPCRA,a_spcra_lit,A_PED,a_ped_lit,A_PED_F,a_ped_f_lit,A_PEDAL,a_pedal_lit,A_PEDAL_F,a_pedal_f_lit,A_POLPUR,a_polour_lit,A_POSBAC,a_posbac_lit,A_DIST,a_dist_lit,A_DROWSY,a_drowsy_lit,INDIAN_RES,indian_res_lit
2013040087,40087,2,2,0,2,19,PIMA,530,TUCSON,24,2,2013,5,17,1,,.,13,Urban-Other Principal Arterial,,.,GRANT RD,,32.250369440,-110.991447220,0,No Special Jurisdiction,33,Curb,0,Not a Collision with Motor Vehicle In-Transport,0,1,1,0,3,4,Dawn,1,Clear,No,0,0,0,None,None,None,1,2,Non-Interstate,3,"Principal arterial, other",2,Nighttime,2,Weekend,2,Other Crash,2,Other Crash,2,Other Crash,2,Other Crash,2,Other Crash,2,Other Crash,2,Other Crash,1,Driver With Positive BAC Testing Crash,2,Other Crash,2,Other Crash,0,Not Tribal Lands
2013040088,40088,1,1,0,1,5,COCONINO,0,NONE LISTED,27,2,2013,15,47,1,,.,11,Urban-Principal Arterial-Interstate,,.,I-17,,35.124522220,-111.681811110,0,No Special Jurisdiction,1,Rollover/Overturn,0,Not a Collision with Motor Vehicle In-Transport,0,1,1,0,3,1,Daylight,1,Clear,No,0,0,0,None,None,None,1,1,Interstate,1,"Interstate, principal arterial",1,Daytime,1,Weekday,2,Other Crash,1,Speeding Involved Crash,2,Other Crash,2,Other Crash,2,Other Crash,2,Other Crash,2,Other Crash,1,Driver With Positive BAC Testing Crash,2,Other Crash,2,Other Crash,0,Not Tribal Lands
2013040089,40089,6,6,0,7,13,MARICOPA,490,TEMPE,28,2,2013,5,20,1,,.,11,Urban-Principal Arterial-Interstate,,.,I-10,,33.406330560,-111.969763890,0,No Special Jurisdiction,12,Motor Vehicle In-Transport,7,Sideswipe - Same Direction,1,18,1,0,1,3,Dark - Lighted,1,Clear,No,14,0,0,"Motor Vehicle struck by falling cargo,or something",None,None,1,1,Interstate,1,"Interstate, principal arterial",2,Nighttime,1,Weekday,1,Large Truck Involved Crash,1,Speeding Involved Crash,2,Other Crash,2,Other Crash,2,Other Crash,2,Other Crash,2,Other Crash,3,Unknown BAC Crash,2,Other Crash,2,Other Crash,0,Not Tribal Lands
2013040090,40090,1,1,0,1,19,PIMA,0,NONE LISTED,2,2,2013,18,48,0,,.,16,Urban-Local Road or Street,,.,HARDSCRABBLE RD,,31.583311110,-111.299088890,0,No Special Jurisdiction,1,Rollover/Overturn,0,Not a Collision with Motor Vehicle In-Transport,0,1,1,0,2,3,Dark - Lighted,1,Clear,No,0,0,0,None,None,None,1,2,Non-Interstate,6,Local,2,Nighttime,2,Weekend,2,Other Crash,1,Speeding Involved Crash,2,Other Crash,2,Other Crash,2,Other Crash,2,Other Crash,2,Other Crash,1,Driver With Positive BAC Testing Crash,2,Other Crash,2,Other Crash,0,Not Tribal Lands
2013040091,40091,2,2,0,2,25,YAVAPAI,0,NONE LISTED,6,2,2013,15,18,1,,.,2,Rural-Principal Arterial-Other,,.,SR-69,MAIN ST,34.502911110,-112.244172220,0,No Special Jurisdiction,12,Motor Vehicle In-Transport,6,Angle,0,2,2,0,1,1,Daylight,1,Clear,No,0,0,0,None,None,None,1,2,Non-Interstate,3,"Principal arterial, other",1,Daytime,1,Weekday,2,Other Crash,2,Other Crash,2,Other Crash,2,Other Crash,2,Other Crash,2,Other Crash,2,Other Crash,3,Unknown BAC Crash,2,Other Crash,2,Other Crash,0,Not Tribal Lands
2013040092,40092,1,1,0,2,19,PIMA,407,SAHUARITA,25,2,2013,9,46,1,,.,11,Urban-Principal Arterial-Interstate,,.,I-19,,31.908183330,-110.985491670,0,No Special Jurisdiction,1,Rollover/Overturn,0,Not a Collision with Motor Vehicle In-Transport,1,19,1,0,3,1,Daylight,1,Clear,No,0,0,0,None,None,None,1,1,Interstate,1,"Interstate, principal arterial",1,Daytime,1,Weekday,2,Other Crash,2,Other Crash,2,Other Crash,2,Other Crash,2,Other Crash,2,Other Crash,2,Other Crash,3,Unknown BAC Crash,2,Other Crash,2,Other Crash,0,Not Tribal Lands
2013040093,40093,1,1,1,1,13,MARICOPA,60,BUCKEYE,27,2,2013,1,59,1,,.,11,Urban-Principal Arterial-Interstate,,.,I-10,,33.462288890,-112.475372220,0,No Special Jurisdiction,8,Pedestrian,0,Not a Collision with Motor Vehicle In-Transport,1,18,1,0,1,2,Dark - Not Lighted,1,Clear,No,0,0,0,None,None,None,1,1,Interstate,1,"Interstate, principal arterial",2,Nighttime,1,Weekday,2,Other Crash,2,Other Crash,1,Pedestrian Involved Crash,1,Involving a pedestrian fatality,2,Other Crash,2,Other Crash,2,Other Crash,3,Unknown BAC Crash,2,Other Crash,2,Other Crash,0,Not Tribal Lands
2013040094,40094,1,1,0,1,21,PINAL,297,MARICOPA WELLS,27,2,2013,13,37,0,,.,3,Rural-Minor Arterial,,.,JOHN WAYNE PKWY,,33.056352780,-112.048305560,0,No Special Jurisdiction,46,Traffic Signal Support,0,Not a Collision with Motor Vehicle In-Transport,0,1,1,0,3,1,Daylight,1,Clear,No,0,0,0,None,None,None,1,2,Non-Interstate,4,Minor arterial,1,Daytime,1,Weekday,2,Other Crash,1,Speeding Involved Crash,2,Other Crash,2,Other Crash,2,Other Crash,2,Other Crash,2,Other Crash,2,All Drivers With ZERO BAC Testing Crash,2,Other Crash,2,Other Crash,0,Not Tribal Lands
2013040095,40095,1,1,1,1,7,GILA,210,GLOBE,15,2,2013,5,50,0,,.,13,Urban-Other Principal Arterial,,.,US-60,,33.399697220,-110.790977780,0,No Special Jurisdiction,8,Pedestrian,0,Not a Collision with Motor Vehicle In-Transport,0,1,1,0,1,3,Dark - Lighted,1,Clear,No,0,0,0,None,None,None,1,2,Non-Interstate,3,"Principal arterial, other",2,Nighttime,1,Weekday,2,Other Crash,2,Other Crash,1,Pedestrian Involved Crash,1,Involving a pedestrian fatality,2,Other Crash,2,Other Crash,2,Other Crash,2,All Drivers With ZERO BAC Testing Crash,2,Other Crash,2,Other Crash,0,Not Tribal Lands
2013040096,40096,1,1,0,1,7,GILA,0,NONE LISTED,1,2,2013,12,46,0,,.,5,Rural-Minor Collector,,.,FOREST RD 64,,34.344472220,-111.191138890,0,No Special Jurisdiction,42,Tree (Standing Only),0,Not a Collision with Motor Vehicle In-Transport,0,1,1,0,4,1,Daylight,1,Clear,No,0,0,0,None,None,None,1,2,Non-Interstate,5,Collector,1,Daytime,1,Weekday,2,Other Crash,2,Other Crash,2,Other Crash,2,Other Crash,2,Other Crash,2,Other Crash,2,Other Crash,2,All Drivers With ZERO BAC Testing Crash,1,Involving a Distracted Driver,2,Other Crash,0,Not Tribal Lands
2013040097,40097,2,2,0,2,13,MARICOPA,370,PHOENIX,1,3,2013,2,51,1,,.,11,Urban-Principal Arterial-Interstate,,.,I-10,,33.461936110,-112.146161110,0,No Special Jurisdiction,12,Motor Vehicle In-Transport,99,Unknown,0,1,1,0,1,2,Dark - Not Lighted,1,Clear,No,19,0,0,Recent/Previous Crash scene Nearby,None,None,1,1,Interstate,1,"Interstate, principal arterial",2,Nighttime,1,Weekday,2,Other Crash,1,Speeding Involved Crash,2,Other Crash,2,Other Crash,2,Other Crash,2,Other Crash,2,Other Crash,1,Driver With Positive BAC Testing Crash,2,Other Crash,2,Other Crash,0,Not Tribal Lands
2013040098,40098,1,1,0,1,13,MARICOPA,0,NONE LISTED,3,3,2013,6,29,1,,.,2,Rural-Principal Arterial-Other,,.,SR-87,,33.641005560,-111.542544440,3,Indian Reservation,42,Tree (Standing Only),0,Not a Collision with Motor Vehicle In-Transport,0,1,1,0,4,4,Dawn,1,Clear,No,0,0,0,None,None,None,1,2,Non-Interstate,3,"Principal arterial, other",1,Daytime,2,Weekend,2,Other Crash,2,Other Crash,2,Other Crash,2,Other Crash,2,Other Crash,2,Other Crash,2,Other Crash,2,All Drivers With ZERO BAC Testing Crash,2,Other Crash,2,Other Crash,1,Tribal Lands
2013040099,40099,1,1,0,1,17,NAVAJO,0,NONE LISTED,3,3,2013,17,45,0,,.,5,Rural-Minor Collector,,.,SR-277,,34.508738890,-110.179066670,0,No Special Jurisdiction,1,Rollover/Overturn,0,Not a Collision with Motor Vehicle In-Transport,0,1,1,0,1,5,Dusk,1,Clear,No,0,0,0,None,None,None,1,2,Non-Interstate,5,Collector,1,Daytime,2,Weekend,2,Other Crash,1,Speeding Involved Crash,2,Other Crash,2,Other Crash,2,Other Crash,2,Other Crash,2,Other Crash,3,Unknown BAC Crash,2,Other Crash,2,Other Crash,0,Not Tribal Lands
2013040101,40101,2,2,0,2,21,PINAL,22,APACHE JUNCTION,6,3,2013,19,58,0,,.,14,Urban-Minor Arterial,,.,IRONWOOD DR,US-60 RAMP,33.385911110,-111.563355560,0,No Special Jurisdiction,12,Motor Vehicle In-Transport,6,Angle,1,2,2,0,1,3,Dark - Lighted,98,Not Reported,No,0,0,0,None,None,None,1,2,Non-Interstate,4,Minor arterial,2,Nighttime,1,Weekday,2,Other Crash,2,Other Crash,2,Other Crash,2,Other Crash,2,Other Crash,2,Other Crash,2,Other Crash,2,All Drivers With ZERO BAC Testing Crash,2,Other Crash,2,Other Crash,0,Not Tribal Lands
2013040103,40103,1,1,0,1,5,COCONINO,0,NONE LISTED,9,3,2013,15,39,1,,.,2,Rural-Principal Arterial-Other,,.,US-160,,36.238136110,-111.025877780,3,Indian Reservation,1,Rollover/Overturn,0,Not a Collision with Motor Vehicle In-Transport,0,1,1,0,4,1,Daylight,1,Clear,No,0,0,0,None,None,None,1,2,Non-Interstate,3,"Principal arterial, other",1,Daytime,2,Weekend,2,Other Crash,1,Speeding Involved Crash,2,Other Crash,2,Other Crash,2,Other Crash,2,Other Crash,2,Other Crash,3,Unknown BAC Crash,2,Other Crash,2,Other Crash,1,Tribal Lands
2013040104,40104,1,1,0,3,19,PIMA,0,NONE LISTED,10,3,2013,18,52,0,,.,16,Urban-Local Road or Street,,.,CAMPBELL AVE,INA RD,32.337308330,-110.926777780,0,No Special Jurisdiction,33,Curb,0,Not a Collision with Motor Vehicle In-Transport,0,3,6,0,3,2,Dark - Not Lighted,1,Clear,No,0,0,0,None,None,None,1,2,Non-Interstate,6,Local,2,Nighttime,2,Weekend,2,Other Crash,1,Speeding Involved Crash,2,Other Crash,2,Other Crash,2,Other Crash,2,Other Crash,2,Other Crash,1,Driver With Positive BAC Testing Crash,2,Other Crash,2,Other Crash,0,Not Tribal Lands
2013040106,40106,3,2,0,5,13,MARICOPA,370,PHOENIX,11,3,2013,14,42,1,,.,11,Urban-Principal Arterial-Interstate,,.,I-17 RAMP,,33.730438890,-112.121538890,0,No Special Jurisdiction,14,Parked Motor Vehicle,0,Not a Collision with Motor Vehicle In-Transport,1,5,1,0,2,1,Daylight,1,Clear,No,23,0,0,Indication of a Stalled/Disabled Vehicle,None,None,1,1,Interstate,1,"Interstate, principal arterial",1,Daytime,1,Weekday,1,Large Truck Involved Crash,1,Speeding Involved Crash,2,Other Crash,2,Other Crash,2,Other Crash,2,Other Crash,2,Other Crash,3,Unknown BAC Crash,2,Other Crash,2,Other Crash,0,Not Tribal Lands
2013040107,40107,1,1,1,1,19,PIMA,0,NONE LISTED,12,3,2013,7,36,0,,.,6,Rural-Local Road or Street,,.,TWIN LAKES DR,,32.487625000,-110.914330560,0,No Special Jurisdiction,8,Pedestrian,0,Not a Collision with Motor Vehicle In-Transport,0,1,1,0,4,2,Dark - Not Lighted,1,Clear,No,0,0,0,None,None,None,1,2,Non-Interstate,6,Local,1,Daytime,1,Weekday,2,Other Crash,2,Other Crash,1,Pedestrian Involved Crash,1,Involving a pedestrian fatality,2,Other Crash,2,Other Crash,2,Other Crash,3,Unknown BAC Crash,2,Other Crash,2,Other Crash,0,Not Tribal Lands
2013040109,40109,4,4,0,6,13,MARICOPA,370,PHOENIX,14,3,2013,14,8,1,,.,12,Urban-Principal Arterial-Other Freeways or Expressways,,.,SR-101,,33.668294440,-111.961225000,0,No Special Jurisdiction,25,Concrete Traffic Barrier,0,Not a Collision with Motor Vehicle In-Transport,1,19,1,0,4,1,Daylight,1,Clear,No,0,0,0,None,None,None,1,2,Non-Interstate,2,"Freeway and expressway, principal arterial",1,Daytime,1,Weekday,2,Other Crash,2,Other Crash,2,Other Crash,2,Other Crash,2,Other Crash,2,Other Crash,2,Other Crash,3,Unknown BAC Crash,2,Other Crash,2,Other Crash,0,Not Tribal Lands
2013040110,40110,1,1,1,2,19,PIMA,530,TUCSON,17,3,2013,7,58,0,,.,13,Urban-Other Principal Arterial,,.,22ND ST,LONGFELLOW AVE,32.207088890,-110.907458330,0,No Special Jurisdiction,8,Pedestrian,0,Not a Collision with Motor Vehicle In-Transport,0,3,3,0,1,4,Dawn,1,Clear,No,0,0,0,None,None,None,1,2,Non-Interstate,3,"Principal arterial, other",1,Daytime,2,Weekend,2,Other Crash,2,Other Crash,1,Pedestrian Involved Crash,1,Involving a pedestrian fatality,2,Other Crash,2,Other Crash,2,Other Crash,2,All Drivers With ZERO BAC Testing Crash,2,Other Crash,2,Other Crash,0,Not Tribal Lands
2013040111,40111,1,1,0,1,19,PIMA,530,TUCSON,17,3,2013,21,45,0,,.,15,Urban-Collector,,.,PANTANO RD,,32.197016670,-110.823930560,0,No Special Jurisdiction,31,"Post, Pole or Other Supports",0,Not a Collision with Motor Vehicle In-Transport,0,1,1,0,4,2,Dark - Not Lighted,1,Clear,No,0,0,0,None,None,None,1,2,Non-Interstate,5,Collector,2,Nighttime,2,Weekend,2,Other Crash,1,Speeding Involved Crash,2,Other Crash,2,Other Crash,2,Other Crash,2,Other Crash,2,Other Crash,1,Driver With Positive BAC Testing Crash,2,Other Crash,2,Other Crash,0,Not Tribal Lands
2013040113,40113,1,1,0,1,7,GILA,0,NONE LISTED,21,3,2013,14,47,0,,.,3,Rural-Minor Arterial,,.,US-60,,33.807627780,-110.475272220,0,No Special Jurisdiction,35,Embankment,0,Not a Collision with Motor Vehicle In-Transport,0,1,1,0,4,1,Daylight,1,Clear,No,0,0,0,None,None,None,1,2,Non-Interstate,4,Minor arterial,1,Daytime,1,Weekday,2,Other Crash,1,Speeding Involved Crash,2,Other Crash,2,Other Crash,2,Other Crash,2,Other Crash,2,Other Crash,3,Unknown BAC Crash,2,Other Crash,2,Other Crash,1,Tribal Lands
2013040114,40114,3,3,0,7,25,YAVAPAI,0,NONE LISTED,23,3,2013,12,38,0,,.,5,Rural-Minor Collector,,.,SR-89A SPUR,,34.605036110,-112.272372220,0,No Special Jurisdiction,12,Motor Vehicle In-Transport,7,Sideswipe - Same Direction,0,1,1,1,1,1,Daylight,1,Clear,No,14,0,0,"Motor Vehicle struck by falling cargo,or something",None,None,1,2,Non-Interstate,5,Collector,1,Daytime,2,Weekend,2,Other Crash,1,Speeding Involved Crash,2,Other Crash,2,Other Crash,2,Other Crash,2,Other Crash,2,Other Crash,3,Unknown BAC Crash,1,Involving a Distracted Driver,2,Other Crash,0,Not Tribal Lands
2013040115,40115,1,1,0,1,25,YAVAPAI,386,PRESCOTT,23,3,2013,15,18,0,,.,16,Urban-Local Road or Street,,.,ARENA DR,,34.578408330,-112.470705560,0,No Special Jurisdiction,42,Tree (Standing Only),0,Not a Collision with Motor Vehicle In-Transport,0,8,1,0,4,1,Daylight,1,Clear,No,0,0,0,None,None,None,1,2,Non-Interstate,6,Local,1,Daytime,2,Weekend,2,Other Crash,2,Other Crash,2,Other Crash,2,Other Crash,2,Other Crash,2,Other Crash,2,Other Crash,2,All Drivers With ZERO BAC Testing Crash,1,Involving a Distracted Driver,2,Other Crash,0,Not Tribal Lands
2013040116,40116,2,2,0,2,25,YAVAPAI,386,PRESCOTT,25,3,2013,12,23,1,,.,13,Urban-Other Principal Arterial,,.,SR-69,,34.552458330,-112.428866670,0,No Special Jurisdiction,12,Motor Vehicle In-Transport,2,Front-to-Front,0,1,1,0,1,1,Daylight,1,Clear,No,0,0,0,None,None,None,1,2,Non-Interstate,3,"Principal arterial, other",1,Daytime,1,Weekday,2,Other Crash,2,Other Crash,2,Other Crash,2,Other Crash,2,Other Crash,2,Other Crash,2,Other Crash,3,Unknown BAC Crash,2,Other Crash,2,Other Crash,1,Tribal Lands
2013040118,40118,1,1,0,4,5,COCONINO,170,FLAGSTAFF,26,3,2013,11,7,1,,.,11,Urban-Principal Arterial-Interstate,,.,I-40,,35.209461110,-111.597597220,0,No Special Jurisdiction,35,Embankment,0,Not a Collision with Motor Vehicle In-Transport,0,1,1,0,3,1,Daylight,10,Cloudy,No,0,0,0,None,None,None,1,1,Interstate,1,"Interstate, principal arterial",1,Daytime,1,Weekday,2,Other Crash,2,Other Crash,2,Other Crash,2,Other Crash,2,Other Crash,2,Other Crash,2,Other Crash,1,Driver With Positive BAC Testing Crash,2,Other Crash,2,Other Crash,0,Not Tribal Lands
2013040119,40119,1,1,0,1,5,COCONINO,0,NONE LISTED,26,3,2013,21,0,1,,.,1,Rural-Principal Arterial-Interstate,,.,I-17,,34.823097220,-111.611002780,0,No Special Jurisdiction,24,Guardrail Face,0,Not a Collision with Motor Vehicle In-Transport,0,1,1,0,3,2,Dark - Not Lighted,1,Clear,No,0,0,0,None,None,None,1,1,Interstate,1,"Interstate, principal arterial",2,Nighttime,1,Weekday,2,Other Crash,1,Speeding Involved Crash,2,Other Crash,2,Other Crash,2,Other Crash,2,Other Crash,2,Other Crash,2,All Drivers With ZERO BAC Testing Crash,2,Other Crash,2,Other Crash,0,Not Tribal Lands
2013040120,40120,2,2,0,2,19,PIMA,530,TUCSON,27,3,2013,11,28,1,,.,12,Urban-Principal Arterial-Other Freeways or Expressways,,.,AVIATION PKWY,22ND ST RAMP,32.206294440,-110.940525000,0,No Special Jurisdiction,12,Motor Vehicle In-Transport,6,Angle,1,2,3,0,1,1,Daylight,1,Clear,No,0,0,0,None,None,None,1,2,Non-Interstate,2,"Freeway and expressway, principal arterial",1,Daytime,1,Weekday,2,Other Crash,2,Other Crash,2,Other Crash,2,Other Crash,2,Other Crash,2,Other Crash,2,Other Crash,3,Unknown BAC Crash,2,Other Crash,2,Other Crash,0,Not Tribal Lands
2013040121,40121,1,1,0,1,13,MARICOPA,190,GILBERT,27,3,2013,19,17,0,,.,14,Urban-Minor Arterial,,.,GUADALUPE RD,SIRRINE ST,33.364355560,-111.831227780,0,No Special Jurisdiction,33,Curb,0,Not a Collision with Motor Vehicle In-Transport,0,3,3,0,4,3,Dark - Lighted,1,Clear,No,0,0,0,None,None,None,1,2,Non-Interstate,4,Minor arterial,2,Nighttime,1,Weekday,2,Other Crash,2,Other Crash,2,Other Crash,2,Other Crash,2,Other Crash,2,Other Crash,2,Other Crash,1,Driver With Positive BAC Testing Crash,2,Other Crash,2,Other Crash,0,Not Tribal Lands
2013040123,40123,1,1,0,1,19,PIMA,0,NONE LISTED,29,3,2013,17,22,0,,.,4,Rural-Major Collector,,.,GENERAL HITCHCOCK HWY,,32.350469440,-110.724950000,0,No Special Jurisdiction,24,Guardrail Face,0,Not a Collision with Motor Vehicle In-Transport,0,1,1,0,4,1,Daylight,1,Clear,No,0,0,0,None,None,None,1,2,Non-Interstate,5,Collector,1,Daytime,1,Weekday,2,Other Crash,2,Other Crash,2,Other Crash,2,Other Crash,2,Other Crash,2,Other Crash,2,Other Crash,2,All Drivers With ZERO BAC Testing Crash,2,Other Crash,2,Other Crash,0,Not Tribal Lands
2013040124,40124,1,1,0,3,7,GILA,0,NONE LISTED,30,3,2013,15,53,0,,.,6,Rural-Local Road or Street,,.,RICKS LN,,34.380766670,-111.467905560,0,No Special Jurisdiction,1,Rollover/Overturn,0,Not a Collision with Motor Vehicle In-Transport,0,1,1,0,1,1,Daylight,1,Clear,No,0,0,0,None,None,None,1,2,Non-Interstate,6,Local,1,Daytime,2,Weekend,2,Other Crash,2,Other Crash,2,Other Crash,2,Other Crash,2,Other Crash,2,Other Crash,2,Other Crash,2,All Drivers With ZERO BAC Testing Crash,2,Other Crash,2,Other Crash,0,Not Tribal Lands
2013040125,40125,1,1,0,1,5,COCONINO,0,NONE LISTED,31,3,2013,11,17,0,,.,4,Rural-Major Collector,,.,SR-87,,34.440936110,-111.472291670,0,No Special Jurisdiction,42,Tree (Standing Only),0,Not a Collision with Motor Vehicle In-Transport,0,1,1,0,4,1,Daylight,1,Clear,No,0,0,0,None,None,None,1,2,Non-Interstate,5,Collector,1,Daytime,2,Weekend,2,Other Crash,2,Other Crash,2,Other Crash,2,Other Crash,2,Other Crash,2,Other Crash,2,Other Crash,2,All Drivers With ZERO BAC Testing Crash,2,Other Crash,2,Other Crash,0,Not Tribal Lands
2013040126,40126,1,1,0,1,13,MARICOPA,30,AVONDALE,31,3,2013,23,22,1,,.,11,Urban-Principal Arterial-Interstate,,.,I-10 RAMP,,33.460772220,-112.291525000,0,No Special Jurisdiction,42,Tree (Standing Only),0,Not a Collision with Motor Vehicle In-Transport,1,5,1,0,4,3,Dark - Lighted,1,Clear,No,0,0,0,None,None,None,1,1,Interstate,1,"Interstate, principal arterial",2,Nighttime,2,Weekend,2,Other Crash,2,Other Crash,2,Other Crash,2,Other Crash,2,Other Crash,2,Other Crash,2,Other Crash,1,Driver With Positive BAC Testing Crash,2,Other Crash,2,Other Crash,0,Not Tribal Lands
2013040127,40127,2,2,0,2,13,MARICOPA,490,TEMPE,1,2,2013,13,18,0,,.,13,Urban-Other Principal Arterial,,.,48TH ST,SOUTHERN AVE,33.392758330,-111.978327780,0,No Special Jurisdiction,1,Rollover/Overturn,0,Not a Collision with Motor Vehicle In-Transport,0,2,2,0,1,1,Daylight,1,Clear,No,0,0,0,None,None,None,1,2,Non-Interstate,3,"Principal arterial, other",1,Daytime,1,Weekday,2,Other Crash,2,Other Crash,2,Other Crash,2,Other Crash,2,Other Crash,2,Other Crash,2,Other Crash,2,All Drivers With ZERO BAC Testing Crash,2,Other Crash,2,Other Crash,0,Not Tribal Lands
2013040128,40128,1,1,0,1,13,MARICOPA,370,PHOENIX,2,2,2013,2,41,0,,.,14,Urban-Minor Arterial,,.,SKY HARBOR BLVD,,33.436580560,-111.981455560,0,No Special Jurisdiction,25,Concrete Traffic Barrier,0,Not a Collision with Motor Vehicle In-Transport,0,1,1,0,3,3,Dark - Lighted,1,Clear,No,0,0,0,None,None,None,1,2,Non-Interstate,4,Minor arterial,2,Nighttime,2,Weekend,1,Large Truck Involved Crash,1,Speeding Involved Crash,2,Other Crash,2,Other Crash,2,Other Crash,2,Other Crash,2,Other Crash,1,Driver With Positive BAC Testing Crash,2,Other Crash,2,Other Crash,0,Not Tribal Lands
2013040129,40129,1,1,1,4,13,MARICOPA,370,PHOENIX,2,2,2013,15,58,0,,.,13,Urban-Other Principal Arterial,,.,THUNDERBIRD RD,,33.611100000,-112.102136110,0,No Special Jurisdiction,33,Curb,0,Not a Collision with Motor Vehicle In-Transport,0,1,1,0,4,1,Daylight,1,Clear,No,0,0,0,None,None,None,1,2,Non-Interstate,3,"Principal arterial, other",1,Daytime,2,Weekend,2,Other Crash,2,Other Crash,1,Pedestrian Involved Crash,1,Involving a pedestrian fatality,2,Other Crash,2,Other Crash,2,Other Crash,2,All Drivers With ZERO BAC Testing Crash,1,Involving a Distracted Driver,2,Other Crash,0,Not Tribal Lands
2013040130,40130,1,1,1,1,17,NAVAJO,0,NONE LISTED,2,2,2013,23,0,0,,.,4,Rural-Major Collector,,.,BIA 15,,99.999900000,999.999900000,3,Indian Reservation,8,Pedestrian,0,Not a Collision with Motor Vehicle In-Transport,0,1,1,0,1,6,Dark - Unknown Lighting,99,Unknown,No,0,0,0,None,None,None,1,2,Non-Interstate,5,Collector,2,Nighttime,2,Weekend,2,Other Crash,2,Other Crash,1,Pedestrian Involved Crash,1,Involving a pedestrian fatality,2,Other Crash,2,Other Crash,2,Other Crash,3,Unknown BAC Crash,2,Other Crash,2,Other Crash,1,Tribal Lands
2013040131,40131,1,1,0,2,5,COCONINO,0,NONE LISTED,4,2,2013,7,20,1,,.,2,Rural-Principal Arterial-Other,,.,SR-264,,36.053358330,-111.180977780,3,Indian Reservation,1,Rollover/Overturn,0,Not a Collision with Motor Vehicle In-Transport,0,99,99,0,99,9,Unknown,99,Unknown,No,0,0,0,None,None,None,1,2,Non-Interstate,3,"Principal arterial, other",1,Daytime,1,Weekday,2,Other Crash,2,Other Crash,2,Other Crash,2,Other Crash,2,Other Crash,2,Other Crash,2,Other Crash,3,Unknown BAC Crash,2,Other Crash,2,Other Crash,1,Tribal Lands
2013040132,40132,2,2,0,3,5,COCONINO,0,NONE LISTED,6,2,2013,9,56,0,,.,6,Rural-Local Road or Street,,.,UNKNOWN RD,,99.999900000,999.999900000,3,Indian Reservation,12,Motor Vehicle In-Transport,2,Front-to-Front,0,99,99,0,99,1,Daylight,99,Unknown,No,0,0,0,None,None,None,1,2,Non-Interstate,6,Local,1,Daytime,1,Weekday,2,Other Crash,2,Other Crash,2,Other Crash,2,Other Crash,2,Other Crash,2,Other Crash,2,Other Crash,3,Unknown BAC Crash,2,Other Crash,2,Other Crash,1,Tribal Lands
2013040133,40133,1,1,0,2,21,PINAL,0,NONE LISTED,11,2,2013,12,24,0,,.,6,Rural-Local Road or Street,,.,RIDGEVIEW BLVD,,32.532800000,-110.868822220,0,No Special Jurisdiction,1,Rollover/Overturn,0,Not a Collision with Motor Vehicle In-Transport,0,8,1,0,1,1,Daylight,1,Clear,No,0,0,0,None,None,None,1,2,Non-Interstate,6,Local,1,Daytime,1,Weekday,2,Other Crash,2,Other Crash,2,Other Crash,2,Other Crash,2,Other Crash,2,Other Crash,2,Other Crash,3,Unknown BAC Crash,2,Other Crash,2,Other Crash,0,Not Tribal Lands
2013040134,40134,1,1,1,1,13,MARICOPA,370,PHOENIX,13,2,2013,7,53,0,,.,13,Urban-Other Principal Arterial,,.,19TH AVE,BROADWAY RD,33.406680560,-112.099444440,0,No Special Jurisdiction,9,Pedalcyclist,0,Not a Collision with Motor Vehicle In-Transport,0,3,2,0,1,1,Daylight,1,Clear,No,16,0,0,Non-occupant struck vehicle,None,None,1,2,Non-Interstate,3,"Principal arterial, other",1,Daytime,1,Weekday,1,Large Truck Involved Crash,2,Other Crash,2,Other Crash,2,Other Crash,1,Pedalcyclist Involved Crash,1,Involving a pedacyclist fatality,2,Other Crash,2,All Drivers With ZERO BAC Testing Crash,2,Other Crash,2,Other Crash,0,Not Tribal Lands