accident_id,ST_CASE,VE_TOTAL,VE_FORMS,PEDS,PERSONS,COUNTY,county_name,CITY,city_name,DAY,MONTH,YEAR,HOUR,MINUTE,NHS,FUNC_SYS,func_sys_lit,ROAD_FNC,road_fnc_lit,RD_OWNER,rd_owner_lit,TWAY_ID,TWAY_ID2,LATITUDE,LONGITUD,SP_JUR,sp_jur_lit,HARM_EV,harm_ev_lit,MAN_COLL,man_coll_lit,RELJCT1,RELJCT2,TYP_INT,WRK_ZONE,REL_ROAD,LGT_COND,lgt_cond_lit,WEATHER,weather_lit,SCH_BUS,CF1,CF2,CF3,cf1_lit,cf2_lit,cf3_lit,FATALS,A_INTER,a_inter_lit,A_ROADFC,a_road_fc_lit,A_TOD,a_tod_lit,A_DOW,a_dow_lit,A_LT,a_lt_lit,A_SPCRA,a_spcra_lit,A_PED,a_ped_lit,A_PED_F,a_ped_f_lit,A_PEDAL,a_pedal_lit,A_PEDAL_F,a_pedal_f_lit,A_POLPUR,a_polour_lit,A_POSBAC,a_posbac_lit,A_DIST,a_dist_lit,A_DROWSY,a_drowsy_lit,INDIAN_RES,indian_res_lit
2013040457,40457,2,2,0,2,13,MARICOPA,290,MESA,16,8,2013,23,24,1,,.,12,Urban-Principal Arterial-Other Freeways or Expressways,,.,US-60,,33.385833330,-111.849619440,0,No Special Jurisdiction,1,Rollover/Overturn,0,Not a Collision with Motor Vehicle In-Transport,0,1,1,0,1,3,Dark - Lighted,1,Clear,No,14,0,0,"Motor Vehicle struck by falling cargo,or something",None,None,1,2,Non-Interstate,2,"Freeway and expressway, principal arterial",2,Nighttime,2,Weekend,2,Other Crash,1,Speeding Involved Crash,2,Other Crash,2,Other Crash,2,Other Crash,2,Other Crash,2,Other Crash,1,Driver With Positive BAC Testing Crash,2,Other Crash,2,Other Crash,0,Not Tribal Lands
2013040458,40458,1,1,1,1,13,MARICOPA,220,GOODYEAR,19,8,2013,8,55,0,,.,15,Urban-Collector,,.,YUMA RD,,33.435675000,-112.456527780,0,No Special Jurisdiction,9,Pedalcyclist,0,Not a Collision with Motor Vehicle In-Transport,0,1,1,0,1,1,Daylight,1,Clear,No,0,0,0,None,None,None,1,2,Non-Interstate,5,Collector,1,Daytime,1,Weekday,2,Other Crash,1,Speeding Involved Crash,2,Other Crash,2,Other Crash,1,Pedalcyclist Involved Crash,1,Involving a pedacyclist fatality,2,Other Crash,2,All Drivers With ZERO BAC Testing Crash,1,Involving a Distracted Driver,2,Other Crash,0,Not Tribal Lands
2013040459,40459,1,1,0,1,25,YAVAPAI,0,NONE LISTED,20,8,2013,9,38,0,,.,6,Rural-Local Road or Street,,.,CROWN KING RD,,34.218444440,-112.309861110,0,No Special Jurisdiction,1,Rollover/Overturn,0,Not a Collision with Motor Vehicle In-Transport,0,1,1,0,4,1,Daylight,1,Clear,No,0,0,0,None,None,None,1,2,Non-Interstate,6,Local,1,Daytime,1,Weekday,2,Other Crash,2,Other Crash,2,Other Crash,2,Other Crash,2,Other Crash,2,Other Crash,2,Other Crash,2,All Drivers With ZERO BAC Testing Crash,1,Involving a Distracted Driver,2,Other Crash,0,Not Tribal Lands
2013040460,40460,1,1,0,1,25,YAVAPAI,386,PRESCOTT,24,8,2013,20,25,0,,.,14,Urban-Minor Arterial,,.,WILLOW CREEK RD,,34.587888890,-112.476086110,0,No Special Jurisdiction,1,Rollover/Overturn,0,Not a Collision with Motor Vehicle In-Transport,0,1,1,0,1,3,Dark - Lighted,10,Cloudy,No,0,0,0,None,None,None,1,2,Non-Interstate,4,Minor arterial,2,Nighttime,2,Weekend,2,Other Crash,1,Speeding Involved Crash,2,Other Crash,2,Other Crash,2,Other Crash,2,Other Crash,2,Other Crash,2,All Drivers With ZERO BAC Testing Crash,2,Other Crash,2,Other Crash,0,Not Tribal Lands
2013040461,40461,1,1,0,1,5,COCONINO,0,NONE LISTED,20,8,2013,21,5,1,,.,2,Rural-Principal Arterial-Other,,.,US-89,,35.986794440,-111.393627780,3,Indian Reservation,35,Embankment,0,Not a Collision with Motor Vehicle In-Transport,0,1,1,0,4,2,Dark - Not Lighted,1,Clear,No,0,0,0,None,None,None,1,2,Non-Interstate,3,"Principal arterial, other",2,Nighttime,1,Weekday,2,Other Crash,1,Speeding Involved Crash,2,Other Crash,2,Other Crash,2,Other Crash,2,Other Crash,2,Other Crash,2,All Drivers With ZERO BAC Testing Crash,2,Other Crash,2,Other Crash,1,Tribal Lands
2013040462,40462,1,1,0,1,5,COCONINO,0,NONE LISTED,24,8,2013,22,1,1,,.,1,Rural-Principal Arterial-Interstate,,.,I-40,,35.193675000,-111.387619440,0,No Special Jurisdiction,1,Rollover/Overturn,0,Not a Collision with Motor Vehicle In-Transport,0,1,1,0,1,2,Dark - Not Lighted,10,Cloudy,No,0,0,0,None,None,None,1,1,Interstate,1,"Interstate, principal arterial",2,Nighttime,2,Weekend,2,Other Crash,1,Speeding Involved Crash,2,Other Crash,2,Other Crash,2,Other Crash,2,Other Crash,2,Other Crash,2,All Drivers With ZERO BAC Testing Crash,2,Other Crash,2,Other Crash,0,Not Tribal Lands
2013040463,40463,1,1,1,1,19,PIMA,530,TUCSON,25,8,2013,21,34,1,,.,13,Urban-Other Principal Arterial,,.,22ND ST,OSBORNE AVE,32.206761110,-110.977436110,0,No Special Jurisdiction,8,Pedestrian,0,Not a Collision with Motor Vehicle In-Transport,0,3,2,0,1,6,Dark - Unknown Lighting,10,Cloudy,No,0,0,0,None,None,None,1,2,Non-Interstate,3,"Principal arterial, other",2,Nighttime,2,Weekend,2,Other Crash,2,Other Crash,1,Pedestrian Involved Crash,1,Involving a pedestrian fatality,2,Other Crash,2,Other Crash,2,Other Crash,2,All Drivers With ZERO BAC Testing Crash,2,Other Crash,2,Other Crash,0,Not Tribal Lands
2013040464,40464,2,2,0,6,5,COCONINO,0,NONE LISTED,30,8,2013,21,25,1,,.,2,Rural-Principal Arterial-Other,,.,US-160,,36.410897220,-110.827308330,3,Indian Reservation,12,Motor Vehicle In-Transport,8,Sideswipe - Opposite Direction,0,1,1,0,1,2,Dark - Not Lighted,10,Cloudy,No,4,0,0,No or Obscured Pavement Marking,None,None,1,2,Non-Interstate,3,"Principal arterial, other",2,Nighttime,2,Weekend,2,Other Crash,1,Speeding Involved Crash,2,Other Crash,2,Other Crash,2,Other Crash,2,Other Crash,2,Other Crash,3,Unknown BAC Crash,2,Other Crash,2,Other Crash,1,Tribal Lands
2013040465,40465,2,2,0,2,17,NAVAJO,0,NONE LISTED,31,8,2013,12,25,1,,.,2,Rural-Principal Arterial-Other,,.,US-160,,36.777058330,-110.010102780,3,Indian Reservation,12,Motor Vehicle In-Transport,6,Angle,0,1,1,0,1,1,Daylight,10,Cloudy,No,0,0,0,None,None,None,1,2,Non-Interstate,3,"Principal arterial, other",1,Daytime,2,Weekend,2,Other Crash,2,Other Crash,2,Other Crash,2,Other Crash,2,Other Crash,2,Other Crash,2,Other Crash,1,Driver With Positive BAC Testing Crash,2,Other Crash,2,Other Crash,1,Tribal Lands
2013040466,40466,1,1,0,1,19,PIMA,530,TUCSON,5,7,2013,6,28,0,,.,14,Urban-Minor Arterial,,.,COUNTRY CLUB RD,,32.232147220,-110.926744440,0,No Special Jurisdiction,33,Curb,0,Not a Collision with Motor Vehicle In-Transport,0,1,1,0,4,4,Dawn,1,Clear,No,0,0,0,None,None,None,1,2,Non-Interstate,4,Minor arterial,1,Daytime,1,Weekday,2,Other Crash,2,Other Crash,2,Other Crash,2,Other Crash,2,Other Crash,2,Other Crash,2,Other Crash,1,Driver With Positive BAC Testing Crash,2,Other Crash,2,Other Crash,0,Not Tribal Lands
2013040467,40467,2,2,0,2,13,MARICOPA,0,NONE LISTED,10,7,2013,17,29,0,,.,15,Urban-Collector,,.,R H JOHNSON BLVD,133RD AVE,33.653230560,-112.345830560,0,No Special Jurisdiction,12,Motor Vehicle In-Transport,6,Angle,0,2,2,0,1,1,Daylight,10,Cloudy,No,0,0,0,None,None,None,1,2,Non-Interstate,5,Collector,1,Daytime,1,Weekday,2,Other Crash,2,Other Crash,2,Other Crash,2,Other Crash,2,Other Crash,2,Other Crash,2,Other Crash,2,All Drivers With ZERO BAC Testing Crash,2,Other Crash,2,Other Crash,0,Not Tribal Lands
2013040468,40468,2,2,0,4,13,MARICOPA,0,NONE LISTED,13,7,2013,17,10,0,,.,4,Rural-Major Collector,,.,USERY PASS RD,,33.539966670,-111.610544440,0,No Special Jurisdiction,12,Motor Vehicle In-Transport,6,Angle,0,1,1,0,1,1,Daylight,1,Clear,No,0,0,0,None,None,None,1,2,Non-Interstate,5,Collector,1,Daytime,2,Weekend,1,Large Truck Involved Crash,1,Speeding Involved Crash,2,Other Crash,2,Other Crash,2,Other Crash,2,Other Crash,2,Other Crash,2,All Drivers With ZERO BAC Testing Crash,2,Other Crash,2,Other Crash,0,Not Tribal Lands
2013040469,40469,2,2,0,2,21,PINAL,0,NONE LISTED,27,7,2013,1,1,1,,.,1,Rural-Principal Arterial-Interstate,,.,I-10,,33.018430560,-111.764922220,3,Indian Reservation,12,Motor Vehicle In-Transport,2,Front-to-Front,0,1,1,0,1,2,Dark - Not Lighted,10,Cloudy,No,0,0,0,None,None,None,1,1,Interstate,1,"Interstate, principal arterial",2,Nighttime,2,Weekend,2,Other Crash,2,Other Crash,2,Other Crash,2,Other Crash,2,Other Crash,2,Other Crash,2,Other Crash,1,Driver With Positive BAC Testing Crash,2,Other Crash,2,Other Crash,1,Tribal Lands
2013040470,40470,2,2,0,3,19,PIMA,530,TUCSON,27,7,2013,15,11,1,,.,12,Urban-Principal Arterial-Other Freeways or Expressways,,.,AVIATION HWY,22ST RAMP,32.206300000,-110.940522220,0,No Special Jurisdiction,12,Motor Vehicle In-Transport,6,Angle,1,2,4,0,1,1,Daylight,1,Clear,No,0,0,0,None,None,None,1,2,Non-Interstate,2,"Freeway and expressway, principal arterial",1,Daytime,2,Weekend,2,Other Crash,2,Other Crash,2,Other Crash,2,Other Crash,2,Other Crash,2,Other Crash,2,Other Crash,2,All Drivers With ZERO BAC Testing Crash,2,Other Crash,2,Other Crash,0,Not Tribal Lands
2013040471,40471,1,1,1,1,19,PIMA,530,TUCSON,3,8,2013,22,12,1,,.,13,Urban-Other Principal Arterial,,.,GRANT RD,AVENIDA EL CAPITAN,32.250341670,-110.964908330,0,No Special Jurisdiction,8,Pedestrian,0,Not a Collision with Motor Vehicle In-Transport,0,3,3,0,1,3,Dark - Lighted,1,Clear,No,0,0,0,None,None,None,1,2,Non-Interstate,3,"Principal arterial, other",2,Nighttime,2,Weekend,2,Other Crash,2,Other Crash,1,Pedestrian Involved Crash,1,Involving a pedestrian fatality,2,Other Crash,2,Other Crash,2,Other Crash,2,All Drivers With ZERO BAC Testing Crash,2,Other Crash,2,Other Crash,0,Not Tribal Lands
2013040472,40472,2,2,0,3,13,MARICOPA,0,NONE LISTED,13,8,2013,20,49,1,,.,13,Urban-Other Principal Arterial,,.,SR-87,CENTER ST,33.478497220,-111.830055560,3,Indian Reservation,12,Motor Vehicle In-Transport,6,Angle,0,2,3,0,1,2,Dark - Not Lighted,10,Cloudy,No,0,0,0,None,None,None,2,2,Non-Interstate,3,"Principal arterial, other",2,Nighttime,1,Weekday,1,Large Truck Involved Crash,2,Other Crash,2,Other Crash,2,Other Crash,2,Other Crash,2,Other Crash,2,Other Crash,2,All Drivers With ZERO BAC Testing Crash,2,Other Crash,2,Other Crash,1,Tribal Lands
2013040473,40473,2,1,0,1,13,MARICOPA,0,NONE LISTED,20,8,2013,13,0,0,,.,14,Urban-Minor Arterial,,.,BROADWAY RD,96TH ST,33.407811110,-111.623655560,0,No Special Jurisdiction,30,Utility Pole/Light Support,0,Not a Collision with Motor Vehicle In-Transport,0,3,2,0,4,1,Daylight,1,Clear,No,14,0,0,"Motor Vehicle struck by falling cargo,or something",None,None,1,2,Non-Interstate,4,Minor arterial,1,Daytime,1,Weekday,2,Other Crash,2,Other Crash,2,Other Crash,2,Other Crash,2,Other Crash,2,Other Crash,2,Other Crash,2,All Drivers With ZERO BAC Testing Crash,2,Other Crash,2,Other Crash,0,Not Tribal Lands
2013040474,40474,1,1,0,7,13,MARICOPA,0,NONE LISTED,31,8,2013,1,46,1,,.,1,Rural-Principal Arterial-Interstate,,.,I-10,,33.549905560,-113.229008330,0,No Special Jurisdiction,1,Rollover/Overturn,0,Not a Collision with Motor Vehicle In-Transport,0,1,1,0,3,2,Dark - Not Lighted,10,Cloudy,No,0,0,0,None,None,None,1,1,Interstate,1,"Interstate, principal arterial",2,Nighttime,2,Weekend,2,Other Crash,2,Other Crash,2,Other Crash,2,Other Crash,2,Other Crash,2,Other Crash,2,Other Crash,3,Unknown BAC Crash,2,Other Crash,2,Other Crash,0,Not Tribal Lands
2013040475,40475,1,1,0,1,13,MARICOPA,370,PHOENIX,30,8,2013,1,52,1,,.,12,Urban-Principal Arterial-Other Freeways or Expressways,,.,SR-202,,33.459175000,-111.999141670,0,No Special Jurisdiction,52,Guardrail End,0,Not a Collision with Motor Vehicle In-Transport,1,19,1,0,4,3,Dark - Lighted,1,Clear,No,0,0,0,None,None,None,1,2,Non-Interstate,2,"Freeway and expressway, principal arterial",2,Nighttime,1,Weekday,2,Other Crash,2,Other Crash,2,Other Crash,2,Other Crash,2,Other Crash,2,Other Crash,2,Other Crash,1,Driver With Positive BAC Testing Crash,2,Other Crash,2,Other Crash,0,Not Tribal Lands
2013040476,40476,2,2,0,2,13,MARICOPA,370,PHOENIX,1,7,2013,12,18,0,,.,13,Urban-Other Principal Arterial,,.,51ST AVE,,33.504550000,-112.168788890,0,No Special Jurisdiction,12,Motor Vehicle In-Transport,6,Angle,0,1,1,0,1,1,Daylight,1,Clear,No,0,0,0,None,None,None,1,2,Non-Interstate,3,"Principal arterial, other",1,Daytime,1,Weekday,2,Other Crash,2,Other Crash,2,Other Crash,2,Other Crash,2,Other Crash,2,Other Crash,2,Other Crash,2,All Drivers With ZERO BAC Testing Crash,2,Other Crash,2,Other Crash,0,Not Tribal Lands
2013040477,40477,1,1,2,1,13,MARICOPA,370,PHOENIX,3,7,2013,4,1,0,,.,13,Urban-Other Principal Arterial,,.,CACTUS RD,PARADISE VILLAGE PKWY W,33.599458330,-111.987661110,0,No Special Jurisdiction,8,Pedestrian,0,Not a Collision with Motor Vehicle In-Transport,0,3,2,0,1,3,Dark - Lighted,1,Clear,No,0,0,0,None,None,None,1,2,Non-Interstate,3,"Principal arterial, other",2,Nighttime,1,Weekday,2,Other Crash,2,Other Crash,1,Pedestrian Involved Crash,1,Involving a pedestrian fatality,2,Other Crash,2,Other Crash,2,Other Crash,2,All Drivers With ZERO BAC Testing Crash,1,Involving a Distracted Driver,2,Other Crash,0,Not Tribal Lands
2013040478,40478,1,1,1,1,13,MARICOPA,200,GLENDALE,6,7,2013,20,36,0,,.,13,Urban-Other Principal Arterial,,.,59TH AVE,,33.561233330,-112.186275000,0,No Special Jurisdiction,8,Pedestrian,0,Not a Collision with Motor Vehicle In-Transport,0,1,1,0,1,3,Dark - Lighted,1,Clear,No,0,0,0,None,None,None,1,2,Non-Interstate,3,"Principal arterial, other",2,Nighttime,2,Weekend,2,Other Crash,2,Other Crash,1,Pedestrian Involved Crash,1,Involving a pedestrian fatality,2,Other Crash,2,Other Crash,2,Other Crash,2,All Drivers With ZERO BAC Testing Crash,2,Other Crash,2,Other Crash,0,Not Tribal Lands
2013040479,40479,2,1,0,1,13,MARICOPA,370,PHOENIX,6,7,2013,8,54,0,,.,16,Urban-Local Road or Street,,.,COLTER ST,,33.513027780,-112.282730560,0,No Special Jurisdiction,14,Parked Motor Vehicle,0,Not a Collision with Motor Vehicle In-Transport,0,1,1,0,2,1,Daylight,1,Clear,No,0,0,0,None,None,None,1,2,Non-Interstate,6,Local,1,Daytime,2,Weekend,2,Other Crash,1,Speeding Involved Crash,2,Other Crash,2,Other Crash,2,Other Crash,2,Other Crash,2,Other Crash,2,All Drivers With ZERO BAC Testing Crash,2,Other Crash,2,Other Crash,0,Not Tribal Lands
2013040480,40480,1,1,0,1,11,GREENLEE,0,NONE LISTED,14,7,2013,99,99,0,,.,6,Rural-Local Road or Street,,.,VERDIN RD,,99.999900000,999.999900000,0,No Special Jurisdiction,99,Unknown,99,Unknown,0,99,99,0,99,9,Unknown,99,Unknown,No,0,0,0,None,None,None,1,2,Non-Interstate,6,Local,3,Unknown,2,Weekend,2,Other Crash,2,Other Crash,2,Other Crash,2,Other Crash,2,Other Crash,2,Other Crash,2,Other Crash,1,Driver With Positive BAC Testing Crash,2,Other Crash,2,Other Crash,0,Not Tribal Lands
2013040481,40481,1,1,2,1,13,MARICOPA,370,PHOENIX,16,7,2013,5,45,0,,.,16,Urban-Local Road or Street,,.,13TH AVE,,33.658783330,-112.087141670,0,No Special Jurisdiction,8,Pedestrian,0,Not a Collision with Motor Vehicle In-Transport,0,1,1,0,1,1,Daylight,1,Clear,No,0,0,0,None,None,None,1,2,Non-Interstate,6,Local,2,Nighttime,1,Weekday,2,Other Crash,2,Other Crash,1,Pedestrian Involved Crash,1,Involving a pedestrian fatality,2,Other Crash,2,Other Crash,2,Other Crash,2,All Drivers With ZERO BAC Testing Crash,1,Involving a Distracted Driver,2,Other Crash,0,Not Tribal Lands
2013040482,40482,2,2,0,4,17,NAVAJO,240,HOLBROOK,17,7,2013,10,30,0,,.,6,Rural-Local Road or Street,,.,NAVAJO BLVD,,34.921236110,-110.148380560,0,No Special Jurisdiction,12,Motor Vehicle In-Transport,2,Front-to-Front,0,1,1,0,1,1,Daylight,10,Cloudy,No,0,0,0,None,None,None,1,2,Non-Interstate,6,Local,1,Daytime,1,Weekday,2,Other Crash,2,Other Crash,2,Other Crash,2,Other Crash,2,Other Crash,2,Other Crash,2,Other Crash,3,Unknown BAC Crash,2,Other Crash,2,Other Crash,0,Not Tribal Lands
2013040483,40483,2,2,0,3,13,MARICOPA,370,PHOENIX,18,7,2013,14,47,0,,.,13,Urban-Other Principal Arterial,,.,51ST AVE,SOUTHERN AVE,33.391963890,-112.168158330,0,No Special Jurisdiction,12,Motor Vehicle In-Transport,6,Angle,0,2,2,0,1,1,Daylight,1,Clear,No,0,0,0,None,None,None,1,2,Non-Interstate,3,"Principal arterial, other",1,Daytime,1,Weekday,2,Other Crash,2,Other Crash,2,Other Crash,2,Other Crash,2,Other Crash,2,Other Crash,2,Other Crash,3,Unknown BAC Crash,2,Other Crash,2,Other Crash,0,Not Tribal Lands
2013040485,40485,1,1,0,2,21,PINAL,0,NONE LISTED,21,7,2013,99,99,0,,.,6,Rural-Local Road or Street,,.,LA PALMA RD,,99.999900000,999.999900000,0,No Special Jurisdiction,1,Rollover/Overturn,0,Not a Collision with Motor Vehicle In-Transport,0,99,99,0,99,9,Unknown,99,Unknown,No,0,0,0,None,None,None,1,2,Non-Interstate,6,Local,3,Unknown,2,Weekend,2,Other Crash,2,Other Crash,2,Other Crash,2,Other Crash,2,Other Crash,2,Other Crash,2,Other Crash,3,Unknown BAC Crash,2,Other Crash,2,Other Crash,0,Not Tribal Lands
2013040486,40486,1,1,1,2,9,GRAHAM,0,NONE LISTED,22,7,2013,18,24,0,,.,6,Rural-Local Road or Street,,.,LA BAMBA RD,,33.292716670,-110.447822220,3,Indian Reservation,9,Pedalcyclist,0,Not a Collision with Motor Vehicle In-Transport,0,1,1,0,1,1,Daylight,98,Not Reported,No,0,0,0,None,None,None,1,2,Non-Interstate,6,Local,2,Nighttime,1,Weekday,2,Other Crash,2,Other Crash,2,Other Crash,2,Other Crash,1,Pedalcyclist Involved Crash,1,Involving a pedacyclist fatality,2,Other Crash,1,Driver With Positive BAC Testing Crash,2,Other Crash,2,Other Crash,1,Tribal Lands
2013040487,40487,2,2,0,6,13,MARICOPA,370,PHOENIX,22,7,2013,14,0,0,,.,14,Urban-Minor Arterial,,.,BASELINE RD,27TH AVE,33.377694440,-112.116480560,0,No Special Jurisdiction,12,Motor Vehicle In-Transport,6,Angle,0,2,2,0,1,1,Daylight,1,Clear,No,0,0,0,None,None,None,1,2,Non-Interstate,4,Minor arterial,1,Daytime,1,Weekday,2,Other Crash,1,Speeding Involved Crash,2,Other Crash,2,Other Crash,2,Other Crash,2,Other Crash,2,Other Crash,3,Unknown BAC Crash,2,Other Crash,2,Other Crash,0,Not Tribal Lands
2013040488,40488,1,1,1,2,13,MARICOPA,370,PHOENIX,23,7,2013,20,23,0,,.,14,Urban-Minor Arterial,,.,16TH ST,HIGHLAND AVE,33.505594440,-112.047538890,0,No Special Jurisdiction,9,Pedalcyclist,0,Not a Collision with Motor Vehicle In-Transport,0,3,2,0,1,3,Dark - Lighted,1,Clear,No,0,0,0,None,None,None,1,2,Non-Interstate,4,Minor arterial,2,Nighttime,1,Weekday,2,Other Crash,2,Other Crash,2,Other Crash,2,Other Crash,1,Pedalcyclist Involved Crash,1,Involving a pedacyclist fatality,2,Other Crash,2,All Drivers With ZERO BAC Testing Crash,1,Involving a Distracted Driver,2,Other Crash,0,Not Tribal Lands
2013040489,40489,1,1,1,1,17,NAVAJO,0,NONE LISTED,27,7,2013,2,12,0,,.,5,Rural-Minor Collector,,.,BIA 67,,36.016977780,-110.088547220,3,Indian Reservation,8,Pedestrian,0,Not a Collision with Motor Vehicle In-Transport,0,1,1,0,1,2,Dark - Not Lighted,1,Clear,No,0,0,0,None,None,None,1,2,Non-Interstate,5,Collector,2,Nighttime,2,Weekend,2,Other Crash,2,Other Crash,1,Pedestrian Involved Crash,1,Involving a pedestrian fatality,2,Other Crash,2,Other Crash,2,Other Crash,3,Unknown BAC Crash,2,Other Crash,2,Other Crash,1,Tribal Lands
2013040490,40490,1,1,1,4,13,MARICOPA,370,PHOENIX,27,7,2013,21,25,0,,.,13,Urban-Other Principal Arterial,,.,INDIAN SCHOOL RD,,33.494705560,-112.214563890,0,No Special Jurisdiction,8,Pedestrian,0,Not a Collision with Motor Vehicle In-Transport,0,1,1,0,1,3,Dark - Lighted,1,Clear,No,0,0,0,None,None,None,1,2,Non-Interstate,3,"Principal arterial, other",2,Nighttime,2,Weekend,2,Other Crash,2,Other Crash,1,Pedestrian Involved Crash,1,Involving a pedestrian fatality,2,Other Crash,2,Other Crash,2,Other Crash,2,All Drivers With ZERO BAC Testing Crash,2,Other Crash,2,Other Crash,0,Not Tribal Lands
2013040491,40491,2,2,0,3,13,MARICOPA,370,PHOENIX,29,7,2013,4,12,0,,.,13,Urban-Other Principal Arterial,,.,35TH AVE,MCLELLAN BLVD,33.532655560,-112.134280560,0,No Special Jurisdiction,12,Motor Vehicle In-Transport,2,Front-to-Front,0,2,3,0,1,3,Dark - Lighted,1,Clear,No,0,0,0,None,None,None,1,2,Non-Interstate,3,"Principal arterial, other",2,Nighttime,2,Weekend,2,Other Crash,2,Other Crash,2,Other Crash,2,Other Crash,2,Other Crash,2,Other Crash,2,Other Crash,1,Driver With Positive BAC Testing Crash,2,Other Crash,2,Other Crash,0,Not Tribal Lands
2013040492,40492,1,1,0,2,17,NAVAJO,0,NONE LISTED,29,7,2013,18,14,0,,.,6,Rural-Local Road or Street,,.,CEMETERY RD,,99.999900000,999.999900000,3,Indian Reservation,1,Rollover/Overturn,0,Not a Collision with Motor Vehicle In-Transport,0,99,99,0,99,9,Unknown,99,Unknown,No,0,0,0,None,None,None,1,2,Non-Interstate,6,Local,2,Nighttime,1,Weekday,2,Other Crash,2,Other Crash,2,Other Crash,2,Other Crash,2,Other Crash,2,Other Crash,2,Other Crash,2,All Drivers With ZERO BAC Testing Crash,2,Other Crash,2,Other Crash,1,Tribal Lands
2013040493,40493,1,1,0,3,17,NAVAJO,0,NONE LISTED,30,7,2013,3,14,0,,.,4,Rural-Major Collector,,.,BIA 4,,99.999900000,999.999900000,3,Indian Reservation,1,Rollover/Overturn,0,Not a Collision with Motor Vehicle In-Transport,0,1,1,0,99,6,Dark - Unknown Lighting,98,Not Reported,No,0,0,0,None,None,None,1,2,Non-Interstate,5,Collector,2,Nighttime,1,Weekday,2,Other Crash,1,Speeding Involved Crash,2,Other Crash,2,Other Crash,2,Other Crash,2,Other Crash,2,Other Crash,2,All Drivers With ZERO BAC Testing Crash,2,Other Crash,2,Other Crash,1,Tribal Lands
2013040494,40494,4,4,0,11,13,MARICOPA,290,MESA,11,8,2013,13,26,0,,.,13,Urban-Other Principal Arterial,,.,BROADWAY RD,ALMA SCHOOL RD,33.407655560,-111.856411110,0,No Special Jurisdiction,12,Motor Vehicle In-Transport,1,Front-to-Rear,0,3,2,0,1,1,Daylight,1,Clear,No,0,0,0,None,None,None,1,2,Non-Interstate,3,"Principal arterial, other",1,Daytime,2,Weekend,2,Other Crash,1,Speeding Involved Crash,2,Other Crash,2,Other Crash,2,Other Crash,2,Other Crash,2,Other Crash,3,Unknown BAC Crash,2,Other Crash,2,Other Crash,0,Not Tribal Lands
2013040495,40495,1,1,0,2,13,MARICOPA,490,TEMPE,26,8,2013,20,52,0,,.,14,Urban-Minor Arterial,,.,APACHE BLVD,TERRACE RD,33.414658330,-111.920325000,0,No Special Jurisdiction,33,Curb,0,Not a Collision with Motor Vehicle In-Transport,0,3,4,0,4,3,Dark - Lighted,10,Cloudy,No,0,0,0,None,None,None,1,2,Non-Interstate,4,Minor arterial,2,Nighttime,1,Weekday,2,Other Crash,1,Speeding Involved Crash,2,Other Crash,2,Other Crash,2,Other Crash,2,Other Crash,2,Other Crash,1,Driver With Positive BAC Testing Crash,2,Other Crash,2,Other Crash,0,Not Tribal Lands
2013040496,40496,4,4,0,4,13,MARICOPA,370,PHOENIX,18,7,2013,15,38,1,,.,11,Urban-Principal Arterial-Interstate,,.,I-10,,33.410786110,-111.988000000,0,No Special Jurisdiction,12,Motor Vehicle In-Transport,1,Front-to-Rear,0,1,1,0,1,1,Daylight,1,Clear,No,0,0,0,None,None,None,1,1,Interstate,1,"Interstate, principal arterial",1,Daytime,1,Weekday,2,Other Crash,1,Speeding Involved Crash,2,Other Crash,2,Other Crash,2,Other Crash,2,Other Crash,2,Other Crash,1,Driver With Positive BAC Testing Crash,2,Other Crash,2,Other Crash,0,Not Tribal Lands
2013040497,40497,2,2,0,3,21,PINAL,70,CASA GRANDE,3,8,2013,18,24,1,,.,11,Urban-Principal Arterial-Interstate,,.,I-10,,32.852622220,-111.687383330,0,No Special Jurisdiction,12,Motor Vehicle In-Transport,7,Sideswipe - Same Direction,0,1,1,0,1,1,Daylight,1,Clear,No,0,0,0,None,None,None,1,1,Interstate,1,"Interstate, principal arterial",2,Nighttime,2,Weekend,2,Other Crash,1,Speeding Involved Crash,2,Other Crash,2,Other Crash,2,Other Crash,2,Other Crash,2,Other Crash,3,Unknown BAC Crash,2,Other Crash,2,Other Crash,0,Not Tribal Lands
2013040499,40499,1,1,1,1,13,MARICOPA,370,PHOENIX,19,8,2013,17,27,0,,.,13,Urban-Other Principal Arterial,,.,19TH AVE,CORTEZ ST,33.591075000,-112.099652780,0,No Special Jurisdiction,9,Pedalcyclist,0,Not a Collision with Motor Vehicle In-Transport,0,3,3,0,1,1,Daylight,1,Clear,No,0,0,0,None,None,None,1,2,Non-Interstate,3,"Principal arterial, other",1,Daytime,1,Weekday,2,Other Crash,2,Other Crash,2,Other Crash,2,Other Crash,1,Pedalcyclist Involved Crash,1,Involving a pedacyclist fatality,2,Other Crash,3,Unknown BAC Crash,2,Other Crash,2,Other Crash,0,Not Tribal Lands