accident_id,ST_CASE,VE_TOTAL,VE_FORMS,PEDS,PERSONS,COUNTY,county_name,CITY,city_name,DAY,MONTH,YEAR,HOUR,MINUTE,NHS,FUNC_SYS,func_sys_lit,ROAD_FNC,road_fnc_lit,RD_OWNER,rd_owner_lit,TWAY_ID,TWAY_ID2,LATITUDE,LONGITUD,SP_JUR,sp_jur_lit,HARM_EV,harm_ev_lit,MAN_COLL,man_coll_lit,RELJCT1,RELJCT2,TYP_INT,WRK_ZONE,REL_ROAD,LGT_COND,lgt_cond_lit,WEATHER,weather_lit,SCH_BUS,CF1,CF2,CF3,cf1_lit,cf2_lit,cf3_lit,FATALS,A_INTER,a_inter_lit,A_ROADFC,a_road_fc_lit,A_TOD,a_tod_lit,A_DOW,a_dow_lit,A_LT,a_lt_lit,A_SPCRA,a_spcra_lit,A_PED,a_ped_lit,A_PED_F,a_ped_f_lit,A_PEDAL,a_pedal_lit,A_PEDAL_F,a_pedal_f_lit,A_POLPUR,a_polour_lit,A_POSBAC,a_posbac_lit,A_DIST,a_dist_lit,A_DROWSY,a_drowsy_lit,INDIAN_RES,indian_res_lit
2014040067,40067,1,1,1,2,19,PIMA,0,NONE LISTED,19,2,2014,19,11,0,,.,15,Urban-Collector,,.,CR-TETAKUSIM RD,,32.115463890,-111.057177780,0,No Special Jurisdiction,8,Pedestrian,0,Not a Collision with Motor Vehicle In-Transport,0,1,1,0,1,2,Dark - Not Lighted,1,Clear,No,0,0,0,None,None,None,1,2,Non-Interstate,5,Collector,2,Nighttime,1,Weekday,2,Other Crash,2,Other Crash,1,Pedestrian Involved Crash,1,Involving a pedestrian fatality,2,Other Crash,2,Other Crash,2,Other Crash,3,Unknown BAC Crash,2,Other Crash,2,Other Crash,0,Not Tribal Lands
2014040068,40068,1,1,0,3,23,SANTA CRUZ,392,RIO RICO,1,3,2014,12,15,1,,.,11,Urban-Principal Arterial-Interstate,,.,I-19,,31.454427780,-110.982872220,0,No Special Jurisdiction,41,Shrubbery,0,Not a Collision with Motor Vehicle In-Transport,0,1,1,0,3,1,Daylight,2,Rain,No,0,0,0,None,None,None,1,1,Interstate,1,"Interstate, principal arterial",1,Daytime,2,Weekend,2,Other Crash,1,Speeding Involved Crash,2,Other Crash,2,Other Crash,2,Other Crash,2,Other Crash,2,Other Crash,2,All Drivers With ZERO BAC Testing Crash,2,Other Crash,2,Other Crash,0,Not Tribal Lands
2014040069,40069,1,1,0,2,23,SANTA CRUZ,0,NONE LISTED,1,3,2014,17,13,1,,.,1,Rural-Principal Arterial-Interstate,,.,I-19,,31.599116670,-111.051844440,0,No Special Jurisdiction,42,Tree (Standing Only),0,Not a Collision with Motor Vehicle In-Transport,0,1,1,0,3,1,Daylight,2,Rain,No,0,0,0,None,None,None,1,1,Interstate,1,"Interstate, principal arterial",1,Daytime,2,Weekend,2,Other Crash,1,Speeding Involved Crash,2,Other Crash,2,Other Crash,2,Other Crash,2,Other Crash,2,Other Crash,3,Unknown BAC Crash,2,Other Crash,2,Other Crash,0,Not Tribal Lands
2014040070,40070,2,2,0,2,13,MARICOPA,0,NONE LISTED,1,3,2014,22,18,0,,.,15,Urban-Collector,,.,CR-PEORIA AVE,111TH AVE,33.580005560,-112.298688890,0,No Special Jurisdiction,12,Motor Vehicle In-Transport,6,Angle,0,2,2,0,1,3,Dark - Lighted,2,Rain,No,0,0,0,None,None,None,1,2,Non-Interstate,5,Collector,2,Nighttime,2,Weekend,2,Other Crash,2,Other Crash,2,Other Crash,2,Other Crash,2,Other Crash,2,Other Crash,2,Other Crash,1,Driver With Positive BAC Testing Crash,2,Other Crash,2,Other Crash,0,Not Tribal Lands
2014040071,40071,1,1,0,2,19,PIMA,530,TUCSON,3,3,2014,3,43,1,,.,13,Urban-Other Principal Arterial,,.,KINO PKWY,,32.172591670,-110.943547220,0,No Special Jurisdiction,25,Concrete Traffic Barrier,0,Not a Collision with Motor Vehicle In-Transport,1,19,1,0,4,2,Dark - Not Lighted,1,Clear,No,0,0,0,None,None,None,1,2,Non-Interstate,3,"Principal arterial, other",2,Nighttime,2,Weekend,2,Other Crash,2,Other Crash,2,Other Crash,2,Other Crash,2,Other Crash,2,Other Crash,2,Other Crash,1,Driver With Positive BAC Testing Crash,2,Other Crash,2,Other Crash,0,Not Tribal Lands
2014040072,40072,2,2,0,3,19,PIMA,530,TUCSON,6,3,2014,14,7,1,,.,13,Urban-Other Principal Arterial,,.,KOLB RD,,32.151922220,-110.840616670,0,No Special Jurisdiction,12,Motor Vehicle In-Transport,6,Angle,0,1,1,0,1,1,Daylight,1,Clear,No,0,0,0,None,None,None,1,2,Non-Interstate,3,"Principal arterial, other",1,Daytime,1,Weekday,2,Other Crash,1,Speeding Involved Crash,2,Other Crash,2,Other Crash,2,Other Crash,2,Other Crash,2,Other Crash,1,Driver With Positive BAC Testing Crash,2,Other Crash,2,Other Crash,0,Not Tribal Lands
2014040073,40073,1,1,0,1,13,MARICOPA,290,MESA,6,3,2014,15,21,1,,.,12,Urban-Principal Arterial-Other Freeways or Expressways,,.,US-60,,33.386558330,-111.696155560,0,No Special Jurisdiction,1,Rollover/Overturn,0,Not a Collision with Motor Vehicle In-Transport,1,19,1,0,4,1,Daylight,1,Clear,No,0,0,0,None,None,None,1,2,Non-Interstate,2,"Freeway and expressway, principal arterial",1,Daytime,1,Weekday,2,Other Crash,2,Other Crash,2,Other Crash,2,Other Crash,2,Other Crash,2,Other Crash,2,Other Crash,2,All Drivers With ZERO BAC Testing Crash,2,Other Crash,2,Other Crash,0,Not Tribal Lands
2014040075,40075,1,1,0,1,13,MARICOPA,0,NONE LISTED,8,3,2014,6,37,1,,.,2,Rural-Principal Arterial-Other,,.,SR-85,,33.246811110,-112.638275000,0,No Special Jurisdiction,1,Rollover/Overturn,0,Not a Collision with Motor Vehicle In-Transport,0,1,1,0,3,2,Dark - Not Lighted,1,Clear,No,0,0,0,None,None,None,1,2,Non-Interstate,3,"Principal arterial, other",1,Daytime,2,Weekend,2,Other Crash,2,Other Crash,2,Other Crash,2,Other Crash,2,Other Crash,2,Other Crash,2,Other Crash,2,All Drivers With ZERO BAC Testing Crash,2,Other Crash,2,Other Crash,0,Not Tribal Lands
2014040076,40076,2,2,0,2,19,PIMA,530,TUCSON,8,3,2014,17,23,1,,.,13,Urban-Other Principal Arterial,,.,BROADWAY BLVD,,32.221061110,-110.823166670,0,No Special Jurisdiction,12,Motor Vehicle In-Transport,1,Front-to-Rear,0,1,1,0,1,1,Daylight,1,Clear,No,0,0,0,None,None,None,1,2,Non-Interstate,3,"Principal arterial, other",1,Daytime,2,Weekend,2,Other Crash,1,Speeding Involved Crash,2,Other Crash,2,Other Crash,2,Other Crash,2,Other Crash,2,Other Crash,1,Driver With Positive BAC Testing Crash,2,Other Crash,2,Other Crash,0,Not Tribal Lands
2014040077,40077,1,1,0,1,21,PINAL,0,NONE LISTED,12,3,2014,22,34,0,,.,15,Urban-Collector,,.,SR-88,,33.453688890,-111.493027780,0,No Special Jurisdiction,1,Rollover/Overturn,0,Not a Collision with Motor Vehicle In-Transport,0,1,1,0,6,2,Dark - Not Lighted,1,Clear,No,0,0,0,None,None,None,1,2,Non-Interstate,5,Collector,2,Nighttime,1,Weekday,2,Other Crash,1,Speeding Involved Crash,2,Other Crash,2,Other Crash,2,Other Crash,2,Other Crash,2,Other Crash,1,Driver With Positive BAC Testing Crash,2,Other Crash,2,Other Crash,0,Not Tribal Lands
2014040079,40079,1,1,0,1,23,SANTA CRUZ,0,NONE LISTED,17,3,2014,17,32,1,,.,1,Rural-Principal Arterial-Interstate,,.,I-19 FRONTAGE RD,,31.549969440,-111.047480560,0,No Special Jurisdiction,1,Rollover/Overturn,0,Not a Collision with Motor Vehicle In-Transport,0,1,1,0,1,1,Daylight,1,Clear,No,0,0,0,None,None,None,1,1,Interstate,1,"Interstate, principal arterial",1,Daytime,1,Weekday,2,Other Crash,2,Other Crash,2,Other Crash,2,Other Crash,2,Other Crash,2,Other Crash,2,Other Crash,1,Driver With Positive BAC Testing Crash,2,Other Crash,2,Other Crash,0,Not Tribal Lands
2014040080,40080,1,1,1,2,19,PIMA,530,TUCSON,19,3,2014,10,27,0,,.,13,Urban-Other Principal Arterial,,.,SWAN RD,CECELIA ST,32.216805560,-110.892225000,0,No Special Jurisdiction,15,Non-Motorist on Personal Conveyance,0,Not a Collision with Motor Vehicle In-Transport,0,2,2,0,1,1,Daylight,1,Clear,No,0,0,0,None,None,None,1,2,Non-Interstate,3,"Principal arterial, other",1,Daytime,1,Weekday,2,Other Crash,2,Other Crash,2,Other Crash,2,Other Crash,2,Other Crash,2,Other Crash,2,Other Crash,3,Unknown BAC Crash,2,Other Crash,2,Other Crash,0,Not Tribal Lands
2014040081,40081,4,4,0,5,13,MARICOPA,290,MESA,20,3,2014,12,38,1,,.,12,Urban-Principal Arterial-Other Freeways or Expressways,,.,US-60,,33.385913890,-111.873202780,0,No Special Jurisdiction,12,Motor Vehicle In-Transport,1,Front-to-Rear,1,18,1,0,1,1,Daylight,1,Clear,No,14,0,0,"Motor Vehicle struck by falling cargo,or something",None,None,1,2,Non-Interstate,2,"Freeway and expressway, principal arterial",1,Daytime,1,Weekday,1,Large Truck Involved Crash,2,Other Crash,2,Other Crash,2,Other Crash,2,Other Crash,2,Other Crash,2,Other Crash,1,Driver With Positive BAC Testing Crash,2,Other Crash,2,Other Crash,0,Not Tribal Lands
2014040082,40082,2,2,0,2,21,PINAL,297,MARICOPA WELLS,21,3,2014,18,22,0,,.,16,Urban-Local Road or Street,,.,HONEYCUTT RD,GLENWILDE DR,33.058163890,-112.022075000,0,No Special Jurisdiction,12,Motor Vehicle In-Transport,6,Angle,0,2,2,0,1,1,Daylight,1,Clear,No,0,0,0,None,None,None,1,2,Non-Interstate,6,Local,2,Nighttime,2,Weekend,2,Other Crash,2,Other Crash,2,Other Crash,2,Other Crash,2,Other Crash,2,Other Crash,2,Other Crash,2,All Drivers With ZERO BAC Testing Crash,2,Other Crash,2,Other Crash,0,Not Tribal Lands
2014040083,40083,1,1,1,3,13,MARICOPA,370,PHOENIX,22,3,2014,17,39,0,,.,14,Urban-Minor Arterial,,.,NORTHERN AVE,21ST AVE,33.553094440,-112.103922220,0,No Special Jurisdiction,8,Pedestrian,0,Not a Collision with Motor Vehicle In-Transport,0,3,3,0,1,1,Daylight,1,Clear,No,0,0,0,None,None,None,1,2,Non-Interstate,4,Minor arterial,1,Daytime,2,Weekend,2,Other Crash,2,Other Crash,1,Pedestrian Involved Crash,1,Involving a pedestrian fatality,2,Other Crash,2,Other Crash,2,Other Crash,2,All Drivers With ZERO BAC Testing Crash,2,Other Crash,2,Other Crash,0,Not Tribal Lands
2014040084,40084,1,1,0,1,19,PIMA,530,TUCSON,23,3,2014,9,1,0,,.,14,Urban-Minor Arterial,,.,PARK AVE,,32.162752780,-110.956127780,0,No Special Jurisdiction,33,Curb,0,Not a Collision with Motor Vehicle In-Transport,0,1,1,0,4,1,Daylight,1,Clear,No,0,0,0,None,None,None,1,2,Non-Interstate,4,Minor arterial,1,Daytime,2,Weekend,2,Other Crash,1,Speeding Involved Crash,2,Other Crash,2,Other Crash,2,Other Crash,2,Other Crash,2,Other Crash,3,Unknown BAC Crash,2,Other Crash,2,Other Crash,0,Not Tribal Lands
2014040085,40085,2,2,0,3,13,MARICOPA,60,BUCKEYE,29,3,2014,14,18,1,,.,13,Urban-Other Principal Arterial,,.,SR-85,HAZEN RD,33.355683330,-112.626158330,0,No Special Jurisdiction,12,Motor Vehicle In-Transport,6,Angle,0,2,2,0,1,1,Daylight,1,Clear,No,0,0,0,None,None,None,2,2,Non-Interstate,3,"Principal arterial, other",1,Daytime,2,Weekend,1,Large Truck Involved Crash,2,Other Crash,2,Other Crash,2,Other Crash,2,Other Crash,2,Other Crash,2,Other Crash,3,Unknown BAC Crash,2,Other Crash,2,Other Crash,0,Not Tribal Lands
2014040086,40086,1,1,0,2,25,YAVAPAI,0,NONE LISTED,29,3,2014,15,50,0,,.,4,Rural-Major Collector,,.,SR-260,,34.499152780,-111.636419440,0,No Special Jurisdiction,1,Rollover/Overturn,0,Not a Collision with Motor Vehicle In-Transport,0,1,1,0,4,1,Daylight,1,Clear,No,0,0,0,None,None,None,2,2,Non-Interstate,5,Collector,1,Daytime,2,Weekend,2,Other Crash,2,Other Crash,2,Other Crash,2,Other Crash,2,Other Crash,2,Other Crash,2,Other Crash,2,All Drivers With ZERO BAC Testing Crash,1,Involving a Distracted Driver,2,Other Crash,0,Not Tribal Lands
2014040087,40087,2,2,0,3,13,MARICOPA,290,MESA,30,3,2014,17,4,0,,.,13,Urban-Other Principal Arterial,,.,GREENFIELD RD,MCDOWELL RD,33.466355560,-111.735911110,0,No Special Jurisdiction,12,Motor Vehicle In-Transport,6,Angle,0,2,2,0,1,1,Daylight,1,Clear,No,0,0,0,None,None,None,1,2,Non-Interstate,3,"Principal arterial, other",1,Daytime,2,Weekend,2,Other Crash,2,Other Crash,2,Other Crash,2,Other Crash,2,Other Crash,2,Other Crash,2,Other Crash,3,Unknown BAC Crash,2,Other Crash,2,Other Crash,0,Not Tribal Lands
2014040088,40088,1,1,0,2,25,YAVAPAI,0,NONE LISTED,8,2,2014,17,52,0,,.,6,Rural-Local Road or Street,,.,FOREST ROAD 502,,34.348013890,-111.689116670,0,No Special Jurisdiction,1,Rollover/Overturn,0,Not a Collision with Motor Vehicle In-Transport,0,1,1,0,4,5,Dusk,1,Clear,No,0,0,0,None,None,None,1,2,Non-Interstate,6,Local,1,Daytime,2,Weekend,2,Other Crash,2,Other Crash,2,Other Crash,2,Other Crash,2,Other Crash,2,Other Crash,2,Other Crash,2,All Drivers With ZERO BAC Testing Crash,2,Other Crash,2,Other Crash,0,Not Tribal Lands
2014040089,40089,1,1,0,1,25,YAVAPAI,0,NONE LISTED,27,2,2014,14,45,0,,.,5,Rural-Minor Collector,,.,CR-DATECREEK RD,,34.324802780,-112.924936110,0,No Special Jurisdiction,34,Ditch,0,Not a Collision with Motor Vehicle In-Transport,0,1,1,0,4,1,Daylight,1,Clear,No,0,0,0,None,None,None,1,2,Non-Interstate,5,Collector,1,Daytime,1,Weekday,2,Other Crash,2,Other Crash,2,Other Crash,2,Other Crash,2,Other Crash,2,Other Crash,2,Other Crash,2,All Drivers With ZERO BAC Testing Crash,2,Other Crash,2,Other Crash,0,Not Tribal Lands
2014040090,40090,1,1,0,1,25,YAVAPAI,0,NONE LISTED,22,3,2014,22,46,0,,.,6,Rural-Local Road or Street,,.,RIO VISTA RD,,34.296383330,-112.102050000,0,No Special Jurisdiction,17,Boulder,0,Not a Collision with Motor Vehicle In-Transport,0,1,1,0,4,2,Dark - Not Lighted,1,Clear,No,0,0,0,None,None,None,1,2,Non-Interstate,6,Local,2,Nighttime,2,Weekend,2,Other Crash,1,Speeding Involved Crash,2,Other Crash,2,Other Crash,2,Other Crash,2,Other Crash,2,Other Crash,1,Driver With Positive BAC Testing Crash,2,Other Crash,2,Other Crash,0,Not Tribal Lands
2014040091,40091,2,2,0,2,13,MARICOPA,368,PEORIA,24,3,2014,18,9,1,,.,13,Urban-Other Principal Arterial,,.,US-60,87TH AVE,33.587913890,-112.245486110,0,No Special Jurisdiction,12,Motor Vehicle In-Transport,6,Angle,0,2,3,0,1,5,Dusk,1,Clear,No,0,0,0,None,None,None,1,2,Non-Interstate,3,"Principal arterial, other",2,Nighttime,1,Weekday,2,Other Crash,2,Other Crash,2,Other Crash,2,Other Crash,2,Other Crash,2,Other Crash,2,Other Crash,3,Unknown BAC Crash,2,Other Crash,2,Other Crash,0,Not Tribal Lands
2014040092,40092,1,1,1,2,5,COCONINO,170,FLAGSTAFF,1,2,2014,19,30,0,,.,13,Urban-Other Principal Arterial,,.,SR-40B,LOCKETT RD,35.216838890,-111.593808330,0,No Special Jurisdiction,8,Pedestrian,0,Not a Collision with Motor Vehicle In-Transport,0,3,3,0,1,2,Dark - Not Lighted,1,Clear,No,0,0,0,None,None,None,1,2,Non-Interstate,3,"Principal arterial, other",2,Nighttime,2,Weekend,2,Other Crash,2,Other Crash,1,Pedestrian Involved Crash,1,Involving a pedestrian fatality,2,Other Crash,2,Other Crash,2,Other Crash,2,All Drivers With ZERO BAC Testing Crash,2,Other Crash,2,Other Crash,0,Not Tribal Lands
2014040093,40093,2,2,0,2,5,COCONINO,0,NONE LISTED,4,2,2014,13,47,0,,.,14,Urban-Minor Arterial,,.,TOWNSEND WINONA RD,,35.249883330,-111.531150000,0,No Special Jurisdiction,12,Motor Vehicle In-Transport,2,Front-to-Front,0,1,1,0,1,1,Daylight,10,Cloudy,No,0,0,0,None,None,None,1,2,Non-Interstate,4,Minor arterial,1,Daytime,1,Weekday,2,Other Crash,2,Other Crash,2,Other Crash,2,Other Crash,2,Other Crash,2,Other Crash,2,Other Crash,3,Unknown BAC Crash,2,Other Crash,2,Other Crash,0,Not Tribal Lands
2014040094,40094,2,2,1,5,13,MARICOPA,490,TEMPE,14,2,2014,20,48,0,,.,13,Urban-Other Principal Arterial,,.,BASELINE RD,DARROW DR,33.378247220,-111.961108330,0,No Special Jurisdiction,12,Motor Vehicle In-Transport,6,Angle,0,2,3,0,1,3,Dark - Lighted,1,Clear,No,0,0,0,None,None,None,1,2,Non-Interstate,3,"Principal arterial, other",2,Nighttime,2,Weekend,2,Other Crash,2,Other Crash,1,Pedestrian Involved Crash,1,Involving a pedestrian fatality,2,Other Crash,2,Other Crash,2,Other Crash,3,Unknown BAC Crash,2,Other Crash,2,Other Crash,0,Not Tribal Lands
2014040095,40095,1,1,0,1,21,PINAL,22,APACHE JUNCTION,14,2,2014,22,58,0,,.,13,Urban-Other Principal Arterial,,.,APACHE TRL,THUNDERBIRD DR,33.415336110,-111.557380560,0,No Special Jurisdiction,1,Rollover/Overturn,0,Not a Collision with Motor Vehicle In-Transport,0,3,2,0,1,3,Dark - Lighted,1,Clear,No,0,0,0,None,None,None,1,2,Non-Interstate,3,"Principal arterial, other",2,Nighttime,2,Weekend,2,Other Crash,1,Speeding Involved Crash,2,Other Crash,2,Other Crash,2,Other Crash,2,Other Crash,2,Other Crash,1,Driver With Positive BAC Testing Crash,2,Other Crash,2,Other Crash,0,Not Tribal Lands
2014040096,40096,1,1,0,1,7,GILA,0,NONE LISTED,19,2,2014,7,56,0,,.,6,Rural-Local Road or Street,,.,FOREST SERVICE RD 3009,FOREST SERVICE RD 64,34.379533330,-111.344805560,0,No Special Jurisdiction,35,Embankment,0,Not a Collision with Motor Vehicle In-Transport,0,3,3,0,4,2,Dark - Not Lighted,1,Clear,No,0,0,0,None,None,None,1,2,Non-Interstate,6,Local,1,Daytime,1,Weekday,2,Other Crash,2,Other Crash,2,Other Crash,2,Other Crash,2,Other Crash,2,Other Crash,2,Other Crash,3,Unknown BAC Crash,2,Other Crash,2,Other Crash,0,Not Tribal Lands
2014040097,40097,2,2,0,5,19,PIMA,530,TUCSON,24,2,2014,12,5,1,,.,13,Urban-Other Principal Arterial,,.,LA CHOLLA BLVD,SUNSET RD,32.308569440,-111.012188890,0,No Special Jurisdiction,12,Motor Vehicle In-Transport,6,Angle,0,2,2,0,1,1,Daylight,1,Clear,No,0,0,0,None,None,None,1,2,Non-Interstate,3,"Principal arterial, other",1,Daytime,1,Weekday,2,Other Crash,2,Other Crash,2,Other Crash,2,Other Crash,2,Other Crash,2,Other Crash,2,Other Crash,3,Unknown BAC Crash,2,Other Crash,2,Other Crash,0,Not Tribal Lands
2014040098,40098,2,2,0,2,13,MARICOPA,0,NONE LISTED,12,2,2014,8,7,1,,.,1,Rural-Principal Arterial-Interstate,,.,I-10,,33.252377780,-111.945533330,3,Indian Reservation,12,Motor Vehicle In-Transport,9,Rear-to-Side,1,18,1,0,1,1,Daylight,1,Clear,No,27,0,0,Backup Due to Prior Crash,None,None,1,1,Interstate,1,"Interstate, principal arterial",1,Daytime,1,Weekday,2,Other Crash,1,Speeding Involved Crash,2,Other Crash,2,Other Crash,2,Other Crash,2,Other Crash,2,Other Crash,3,Unknown BAC Crash,2,Other Crash,2,Other Crash,1,Tribal Lands
2014040099,40099,2,2,0,2,13,MARICOPA,30,AVONDALE,13,2,2014,18,52,1,,.,11,Urban-Principal Arterial-Interstate,,.,I-10,,33.457905560,-112.330900000,0,No Special Jurisdiction,12,Motor Vehicle In-Transport,1,Front-to-Rear,0,1,1,0,1,5,Dusk,1,Clear,No,28,0,0,Backup Due to Regular Congestion,None,None,1,1,Interstate,1,"Interstate, principal arterial",2,Nighttime,1,Weekday,2,Other Crash,2,Other Crash,2,Other Crash,2,Other Crash,2,Other Crash,2,Other Crash,2,Other Crash,3,Unknown BAC Crash,2,Other Crash,2,Other Crash,0,Not Tribal Lands
2014040100,40100,1,1,0,1,5,COCONINO,170,FLAGSTAFF,24,2,2014,19,39,1,,.,11,Urban-Principal Arterial-Interstate,,.,I-17,,35.145705560,-111.683425000,0,No Special Jurisdiction,59,Traffic Sign Support,0,Not a Collision with Motor Vehicle In-Transport,0,1,1,0,3,3,Dark - Lighted,1,Clear,No,0,0,0,None,None,None,1,1,Interstate,1,"Interstate, principal arterial",2,Nighttime,1,Weekday,2,Other Crash,1,Speeding Involved Crash,2,Other Crash,2,Other Crash,2,Other Crash,2,Other Crash,2,Other Crash,2,All Drivers With ZERO BAC Testing Crash,2,Other Crash,2,Other Crash,0,Not Tribal Lands
2014040101,40101,1,1,0,2,21,PINAL,160,ELOY,26,2,2014,15,1,1,,.,1,Rural-Principal Arterial-Interstate,,.,I-10,,32.770116670,-111.607738890,0,No Special Jurisdiction,38,Fence,0,Not a Collision with Motor Vehicle In-Transport,0,1,1,0,4,1,Daylight,1,Clear,No,0,0,0,None,None,None,1,1,Interstate,1,"Interstate, principal arterial",1,Daytime,1,Weekday,2,Other Crash,2,Other Crash,2,Other Crash,2,Other Crash,2,Other Crash,2,Other Crash,2,Other Crash,3,Unknown BAC Crash,2,Other Crash,2,Other Crash,0,Not Tribal Lands
2014040102,40102,2,2,0,5,13,MARICOPA,290,MESA,12,3,2014,14,25,0,,.,13,Urban-Other Principal Arterial,,.,UNIVERSITY DR,,33.422166670,-111.855716670,0,No Special Jurisdiction,12,Motor Vehicle In-Transport,6,Angle,0,8,1,0,1,1,Daylight,1,Clear,No,0,0,0,None,None,None,1,2,Non-Interstate,3,"Principal arterial, other",1,Daytime,1,Weekday,2,Other Crash,2,Other Crash,2,Other Crash,2,Other Crash,2,Other Crash,2,Other Crash,2,Other Crash,3,Unknown BAC Crash,2,Other Crash,2,Other Crash,0,Not Tribal Lands
2014040103,40103,1,1,0,2,13,MARICOPA,370,PHOENIX,13,3,2014,18,19,1,,.,11,Urban-Principal Arterial-Interstate,,.,I-10,,33.462833330,-112.212994440,0,No Special Jurisdiction,1,Rollover/Overturn,0,Not a Collision with Motor Vehicle In-Transport,0,1,1,0,3,1,Daylight,1,Clear,No,0,0,0,None,None,None,1,1,Interstate,1,"Interstate, principal arterial",2,Nighttime,1,Weekday,2,Other Crash,2,Other Crash,2,Other Crash,2,Other Crash,2,Other Crash,2,Other Crash,2,Other Crash,2,All Drivers With ZERO BAC Testing Crash,2,Other Crash,2,Other Crash,0,Not Tribal Lands
2014040104,40104,1,1,1,1,13,MARICOPA,370,PHOENIX,27,1,2014,20,14,1,,.,13,Urban-Other Principal Arterial,,.,INDIAN SCHOOL RD,,33.494955560,-112.116344440,0,No Special Jurisdiction,8,Pedestrian,0,Not a Collision with Motor Vehicle In-Transport,0,1,1,0,1,3,Dark - Lighted,1,Clear,No,0,0,0,None,None,None,1,2,Non-Interstate,3,"Principal arterial, other",2,Nighttime,1,Weekday,2,Other Crash,2,Other Crash,1,Pedestrian Involved Crash,1,Involving a pedestrian fatality,2,Other Crash,2,Other Crash,2,Other Crash,3,Unknown BAC Crash,2,Other Crash,2,Other Crash,0,Not Tribal Lands
2014040105,40105,1,1,0,1,5,COCONINO,0,NONE LISTED,7,1,2014,13,47,0,,.,4,Rural-Major Collector,,.,LEUPP RD,,99.999900000,999.999900000,3,Indian Reservation,99,Unknown,0,Not a Collision with Motor Vehicle In-Transport,0,99,99,0,99,1,Daylight,99,Unknown,No,0,0,0,None,None,None,1,2,Non-Interstate,5,Collector,1,Daytime,1,Weekday,2,Other Crash,2,Other Crash,2,Other Crash,2,Other Crash,2,Other Crash,2,Other Crash,2,Other Crash,3,Unknown BAC Crash,2,Other Crash,2,Other Crash,1,Tribal Lands
2014040106,40106,1,1,1,1,1,APACHE,183,FORT DEFIANCE,9,1,2014,18,35,0,,.,15,Urban-Collector,,.,BIA 12,,99.999900000,999.999900000,3,Indian Reservation,8,Pedestrian,0,Not a Collision with Motor Vehicle In-Transport,0,1,1,0,1,2,Dark - Not Lighted,1,Clear,No,0,0,0,None,None,None,1,2,Non-Interstate,5,Collector,2,Nighttime,1,Weekday,2,Other Crash,2,Other Crash,1,Pedestrian Involved Crash,1,Involving a pedestrian fatality,2,Other Crash,2,Other Crash,2,Other Crash,3,Unknown BAC Crash,2,Other Crash,2,Other Crash,1,Tribal Lands
2014040107,40107,1,1,0,1,12,LA PAZ,0,NONE LISTED,12,2,2014,15,31,0,,.,6,Rural-Local Road or Street,,.,HOPE TO HOVATTER RD,,33.666986110,-113.668119440,0,No Special Jurisdiction,42,Tree (Standing Only),0,Not a Collision with Motor Vehicle In-Transport,0,1,1,0,5,1,Daylight,1,Clear,No,0,0,0,None,None,None,1,2,Non-Interstate,6,Local,1,Daytime,1,Weekday,2,Other Crash,2,Other Crash,2,Other Crash,2,Other Crash,2,Other Crash,2,Other Crash,2,Other Crash,2,All Drivers With ZERO BAC Testing Crash,2,Other Crash,2,Other Crash,0,Not Tribal Lands
2014040108,40108,1,1,1,1,13,MARICOPA,370,PHOENIX,6,2,2014,5,27,0,,.,16,Urban-Local Road or Street,,.,2ND AVE,,33.366466670,-112.075558330,0,No Special Jurisdiction,8,Pedestrian,0,Not a Collision with Motor Vehicle In-Transport,0,1,1,0,1,2,Dark - Not Lighted,10,Cloudy,No,0,0,0,None,None,None,1,2,Non-Interstate,6,Local,2,Nighttime,1,Weekday,2,Other Crash,2,Other Crash,1,Pedestrian Involved Crash,1,Involving a pedestrian fatality,2,Other Crash,2,Other Crash,2,Other Crash,2,All Drivers With ZERO BAC Testing Crash,2,Other Crash,2,Other Crash,0,Not Tribal Lands
2014040109,40109,1,1,0,2,1,APACHE,0,NONE LISTED,6,2,2014,21,42,0,,.,4,Rural-Major Collector,,.,US-191,,36.225077780,-109.601994440,3,Indian Reservation,1,Rollover/Overturn,0,Not a Collision with Motor Vehicle In-Transport,0,99,99,0,99,6,Dark - Unknown Lighting,99,Unknown,No,0,0,0,None,None,None,1,2,Non-Interstate,5,Collector,2,Nighttime,1,Weekday,2,Other Crash,2,Other Crash,2,Other Crash,2,Other Crash,2,Other Crash,2,Other Crash,2,Other Crash,2,All Drivers With ZERO BAC Testing Crash,2,Other Crash,2,Other Crash,1,Tribal Lands
2014040110,40110,2,2,0,2,13,MARICOPA,0,NONE LISTED,7,2,2014,99,99,0,,.,15,Urban-Collector,,.,INDIAN SCHOOL RD,,99.999900000,999.999900000,3,Indian Reservation,12,Motor Vehicle In-Transport,99,Unknown,0,99,99,0,99,9,Unknown,99,Unknown,No,0,0,0,None,None,None,1,2,Non-Interstate,5,Collector,3,Unknown,3,Unknown,2,Other Crash,2,Other Crash,2,Other Crash,2,Other Crash,2,Other Crash,2,Other Crash,2,Other Crash,1,Driver With Positive BAC Testing Crash,2,Other Crash,2,Other Crash,1,Tribal Lands
2014040111,40111,1,1,1,1,13,MARICOPA,370,PHOENIX,8,2,2014,20,0,0,,.,14,Urban-Minor Arterial,,.,LOWER BUCKEYE RD,68TH AVE,33.422841670,-112.206041670,0,No Special Jurisdiction,8,Pedestrian,0,Not a Collision with Motor Vehicle In-Transport,0,3,3,0,1,2,Dark - Not Lighted,1,Clear,No,0,0,0,None,None,None,1,2,Non-Interstate,4,Minor arterial,2,Nighttime,2,Weekend,2,Other Crash,2,Other Crash,1,Pedestrian Involved Crash,1,Involving a pedestrian fatality,2,Other Crash,2,Other Crash,2,Other Crash,3,Unknown BAC Crash,2,Other Crash,2,Other Crash,0,Not Tribal Lands