accident_id,ST_CASE,VE_TOTAL,VE_FORMS,PEDS,PERSONS,COUNTY,county_name,CITY,city_name,DAY,MONTH,YEAR,HOUR,MINUTE,NHS,FUNC_SYS,func_sys_lit,ROAD_FNC,road_fnc_lit,RD_OWNER,rd_owner_lit,TWAY_ID,TWAY_ID2,LATITUDE,LONGITUD,SP_JUR,sp_jur_lit,HARM_EV,harm_ev_lit,MAN_COLL,man_coll_lit,RELJCT1,RELJCT2,TYP_INT,WRK_ZONE,REL_ROAD,LGT_COND,lgt_cond_lit,WEATHER,weather_lit,SCH_BUS,CF1,CF2,CF3,cf1_lit,cf2_lit,cf3_lit,FATALS,A_INTER,a_inter_lit,A_ROADFC,a_road_fc_lit,A_TOD,a_tod_lit,A_DOW,a_dow_lit,A_LT,a_lt_lit,A_SPCRA,a_spcra_lit,A_PED,a_ped_lit,A_PED_F,a_ped_f_lit,A_PEDAL,a_pedal_lit,A_PEDAL_F,a_pedal_f_lit,A_POLPUR,a_polour_lit,A_POSBAC,a_posbac_lit,A_DIST,a_dist_lit,A_DROWSY,a_drowsy_lit,INDIAN_RES,indian_res_lit
2014040298,40298,1,1,1,2,13,MARICOPA,370,PHOENIX,26,6,2014,8,24,0,,.,14,Urban-Minor Arterial,,.,83RD AVE,CAMPBELL AVE,33.501677780,-112.237733330,0,No Special Jurisdiction,8,Pedestrian,0,Not a Collision with Motor Vehicle In-Transport,0,3,3,0,1,1,Daylight,1,Clear,No,0,0,0,None,None,None,1,2,Non-Interstate,4,Minor arterial,1,Daytime,1,Weekday,2,Other Crash,2,Other Crash,1,Pedestrian Involved Crash,1,Involving a pedestrian fatality,2,Other Crash,2,Other Crash,2,Other Crash,3,Unknown BAC Crash,2,Other Crash,2,Other Crash,0,Not Tribal Lands
2014040299,40299,2,2,0,2,23,SANTA CRUZ,0,NONE LISTED,26,6,2014,20,27,1,,.,1,Rural-Principal Arterial-Interstate,,.,I-19,,31.509202780,-111.012588890,0,No Special Jurisdiction,12,Motor Vehicle In-Transport,7,Sideswipe - Same Direction,1,18,1,0,1,2,Dark - Not Lighted,1,Clear,No,0,0,0,None,None,None,1,1,Interstate,1,"Interstate, principal arterial",2,Nighttime,1,Weekday,1,Large Truck Involved Crash,2,Other Crash,2,Other Crash,2,Other Crash,2,Other Crash,2,Other Crash,2,Other Crash,3,Unknown BAC Crash,2,Other Crash,2,Other Crash,0,Not Tribal Lands
2014040300,40300,2,2,0,2,13,MARICOPA,290,MESA,27,6,2014,7,21,0,,.,14,Urban-Minor Arterial,,.,UNIVERSITY DR,,33.422358330,-111.632030560,0,No Special Jurisdiction,1,Rollover/Overturn,0,Not a Collision with Motor Vehicle In-Transport,0,8,1,2,1,1,Daylight,1,Clear,No,0,0,0,None,None,None,1,2,Non-Interstate,4,Minor arterial,1,Daytime,1,Weekday,2,Other Crash,1,Speeding Involved Crash,2,Other Crash,2,Other Crash,2,Other Crash,2,Other Crash,2,Other Crash,3,Unknown BAC Crash,2,Other Crash,2,Other Crash,0,Not Tribal Lands
2014040301,40301,1,1,1,3,13,MARICOPA,420,SCOTTSDALE,28,6,2014,0,17,1,,.,13,Urban-Other Principal Arterial,,.,SCOTTSDALE RD,BELLVIEW ST,33.461391670,-111.926383330,0,No Special Jurisdiction,8,Pedestrian,0,Not a Collision with Motor Vehicle In-Transport,0,3,3,0,1,3,Dark - Lighted,1,Clear,No,0,0,0,None,None,None,1,2,Non-Interstate,3,"Principal arterial, other",2,Nighttime,2,Weekend,2,Other Crash,2,Other Crash,1,Pedestrian Involved Crash,1,Involving a pedestrian fatality,2,Other Crash,2,Other Crash,2,Other Crash,1,Driver With Positive BAC Testing Crash,2,Other Crash,2,Other Crash,0,Not Tribal Lands
2014040302,40302,1,1,0,2,13,MARICOPA,0,NONE LISTED,28,6,2014,21,45,1,,.,2,Rural-Principal Arterial-Other,,.,SR-87,,33.593108330,-111.595275000,0,No Special Jurisdiction,1,Rollover/Overturn,0,Not a Collision with Motor Vehicle In-Transport,0,1,1,0,4,2,Dark - Not Lighted,1,Clear,No,0,0,0,None,None,None,1,2,Non-Interstate,3,"Principal arterial, other",2,Nighttime,2,Weekend,2,Other Crash,1,Speeding Involved Crash,2,Other Crash,2,Other Crash,2,Other Crash,2,Other Crash,2,Other Crash,1,Driver With Positive BAC Testing Crash,2,Other Crash,2,Other Crash,0,Not Tribal Lands
2014040303,40303,1,1,0,1,19,PIMA,295,MARANA,28,6,2014,23,25,0,,.,16,Urban-Local Road or Street,,.,CR-INA RD,ELLEXSON DR,32.335225000,-111.199319440,0,No Special Jurisdiction,53,Mail Box,0,Not a Collision with Motor Vehicle In-Transport,0,3,3,0,4,2,Dark - Not Lighted,1,Clear,No,0,0,0,None,None,None,1,2,Non-Interstate,6,Local,2,Nighttime,2,Weekend,2,Other Crash,1,Speeding Involved Crash,2,Other Crash,2,Other Crash,2,Other Crash,2,Other Crash,2,Other Crash,1,Driver With Positive BAC Testing Crash,2,Other Crash,2,Other Crash,0,Not Tribal Lands
2014040304,40304,2,2,0,1,13,MARICOPA,370,PHOENIX,30,6,2014,4,58,1,,.,12,Urban-Principal Arterial-Other Freeways or Expressways,,.,SR-101 RAMP,,33.668352780,-112.120544440,0,No Special Jurisdiction,12,Motor Vehicle In-Transport,1,Front-to-Rear,1,20,1,0,1,4,Dawn,1,Clear,No,19,23,0,Recent/Previous Crash scene Nearby,Indication of a Stalled/Disabled Vehicle,None,1,2,Non-Interstate,2,"Freeway and expressway, principal arterial",2,Nighttime,2,Weekend,1,Large Truck Involved Crash,2,Other Crash,2,Other Crash,2,Other Crash,2,Other Crash,2,Other Crash,2,Other Crash,2,All Drivers With ZERO BAC Testing Crash,2,Other Crash,2,Other Crash,0,Not Tribal Lands
2014040306,40306,2,2,0,3,19,PIMA,530,TUCSON,30,6,2014,20,34,0,,.,13,Urban-Other Principal Arterial,,.,SPEEDWAY BLVD,BEVERLY,32.236250000,-110.879761110,0,No Special Jurisdiction,12,Motor Vehicle In-Transport,6,Angle,0,2,2,0,1,3,Dark - Lighted,1,Clear,No,0,0,0,None,None,None,1,2,Non-Interstate,3,"Principal arterial, other",2,Nighttime,1,Weekday,2,Other Crash,1,Speeding Involved Crash,2,Other Crash,2,Other Crash,2,Other Crash,2,Other Crash,2,Other Crash,3,Unknown BAC Crash,2,Other Crash,2,Other Crash,0,Not Tribal Lands
2014040307,40307,1,1,1,1,13,MARICOPA,370,PHOENIX,1,5,2014,8,17,0,,.,14,Urban-Minor Arterial,,.,27TH AVE,ROSE LN,33.527736110,-112.116908330,0,No Special Jurisdiction,8,Pedestrian,0,Not a Collision with Motor Vehicle In-Transport,0,3,2,0,1,1,Daylight,1,Clear,No,0,0,0,None,None,None,1,2,Non-Interstate,4,Minor arterial,1,Daytime,1,Weekday,2,Other Crash,2,Other Crash,1,Pedestrian Involved Crash,1,Involving a pedestrian fatality,2,Other Crash,2,Other Crash,2,Other Crash,3,Unknown BAC Crash,2,Other Crash,2,Other Crash,0,Not Tribal Lands
2014040308,40308,1,1,1,1,13,MARICOPA,370,PHOENIX,1,5,2014,18,14,0,,.,14,Urban-Minor Arterial,,.,83RD AVE,,33.496591670,-112.237738890,0,No Special Jurisdiction,8,Pedestrian,0,Not a Collision with Motor Vehicle In-Transport,0,1,1,0,1,1,Daylight,1,Clear,No,0,0,0,None,None,None,1,2,Non-Interstate,4,Minor arterial,2,Nighttime,1,Weekday,2,Other Crash,2,Other Crash,1,Pedestrian Involved Crash,1,Involving a pedestrian fatality,2,Other Crash,2,Other Crash,2,Other Crash,2,All Drivers With ZERO BAC Testing Crash,2,Other Crash,2,Other Crash,0,Not Tribal Lands
2014040310,40310,2,2,0,2,13,MARICOPA,370,PHOENIX,2,5,2014,5,0,0,,.,14,Urban-Minor Arterial,,.,27TH AVE,DURANGO ST,33.429569440,-112.117208330,0,No Special Jurisdiction,12,Motor Vehicle In-Transport,6,Angle,0,2,2,0,1,3,Dark - Lighted,1,Clear,No,0,0,0,None,None,None,1,2,Non-Interstate,4,Minor arterial,2,Nighttime,1,Weekday,1,Large Truck Involved Crash,1,Speeding Involved Crash,2,Other Crash,2,Other Crash,2,Other Crash,2,Other Crash,2,Other Crash,3,Unknown BAC Crash,2,Other Crash,2,Other Crash,0,Not Tribal Lands
2014040311,40311,1,1,1,1,13,MARICOPA,200,GLENDALE,2,5,2014,5,19,1,,.,12,Urban-Principal Arterial-Other Freeways or Expressways,,.,SR-101 FRONTAGE RD,,33.667241670,-112.219313890,0,No Special Jurisdiction,8,Pedestrian,0,Not a Collision with Motor Vehicle In-Transport,0,1,1,0,1,4,Dawn,1,Clear,No,0,0,0,None,None,None,1,2,Non-Interstate,2,"Freeway and expressway, principal arterial",2,Nighttime,1,Weekday,2,Other Crash,2,Other Crash,1,Pedestrian Involved Crash,1,Involving a pedestrian fatality,2,Other Crash,2,Other Crash,2,Other Crash,2,All Drivers With ZERO BAC Testing Crash,2,Other Crash,2,Other Crash,0,Not Tribal Lands
2014040312,40312,1,1,0,2,13,MARICOPA,370,PHOENIX,3,5,2014,4,10,1,,.,11,Urban-Principal Arterial-Interstate,,.,I-10 RAMP,43RD AVE,33.462397220,-112.151980560,0,No Special Jurisdiction,23,Bridge Rail (Includes parapet),0,Not a Collision with Motor Vehicle In-Transport,1,3,2,0,4,3,Dark - Lighted,1,Clear,No,20,0,0,Police Pursuit Involved,None,None,1,1,Interstate,1,"Interstate, principal arterial",2,Nighttime,2,Weekend,2,Other Crash,1,Speeding Involved Crash,2,Other Crash,2,Other Crash,2,Other Crash,2,Other Crash,1,Police Pursuit Involved Crash,1,Driver With Positive BAC Testing Crash,2,Other Crash,2,Other Crash,0,Not Tribal Lands
2014040313,40313,1,1,0,2,17,NAVAJO,430,SNOWFLAKE,4,5,2014,11,29,0,,.,16,Urban-Local Road or Street,,.,CENTER ST,,99.999900000,999.999900000,0,No Special Jurisdiction,5,Fell/Jumped from Vehicle,0,Not a Collision with Motor Vehicle In-Transport,0,1,1,0,1,1,Daylight,99,Unknown,No,0,0,0,None,None,None,1,2,Non-Interstate,6,Local,1,Daytime,2,Weekend,2,Other Crash,2,Other Crash,2,Other Crash,2,Other Crash,2,Other Crash,2,Other Crash,2,Other Crash,3,Unknown BAC Crash,2,Other Crash,2,Other Crash,0,Not Tribal Lands
2014040314,40314,1,1,0,2,13,MARICOPA,370,PHOENIX,6,5,2014,9,49,1,,.,13,Urban-Other Principal Arterial,,.,BASELINE RD,,33.377813890,-112.031255560,0,No Special Jurisdiction,1,Rollover/Overturn,0,Not a Collision with Motor Vehicle In-Transport,0,1,1,0,4,1,Daylight,10,Cloudy,No,0,0,0,None,None,None,1,2,Non-Interstate,3,"Principal arterial, other",1,Daytime,1,Weekday,2,Other Crash,1,Speeding Involved Crash,2,Other Crash,2,Other Crash,2,Other Crash,2,Other Crash,2,Other Crash,2,All Drivers With ZERO BAC Testing Crash,2,Other Crash,2,Other Crash,0,Not Tribal Lands
2014040315,40315,2,2,0,8,13,MARICOPA,370,PHOENIX,7,5,2014,15,51,0,,.,13,Urban-Other Principal Arterial,,.,THOMAS RD,71ST AVE,33.480266670,-112.211897220,0,No Special Jurisdiction,12,Motor Vehicle In-Transport,6,Angle,0,2,2,0,1,1,Daylight,1,Clear,No,0,0,0,None,None,None,1,2,Non-Interstate,3,"Principal arterial, other",1,Daytime,1,Weekday,2,Other Crash,2,Other Crash,2,Other Crash,2,Other Crash,2,Other Crash,2,Other Crash,2,Other Crash,2,All Drivers With ZERO BAC Testing Crash,2,Other Crash,2,Other Crash,0,Not Tribal Lands
2014040316,40316,1,1,1,1,13,MARICOPA,370,PHOENIX,23,6,2014,3,52,1,,.,11,Urban-Principal Arterial-Interstate,,.,I-17,,33.737352780,-112.122472220,0,No Special Jurisdiction,8,Pedestrian,0,Not a Collision with Motor Vehicle In-Transport,0,1,1,0,1,3,Dark - Lighted,1,Clear,No,0,0,0,None,None,None,1,1,Interstate,1,"Interstate, principal arterial",2,Nighttime,2,Weekend,1,Large Truck Involved Crash,2,Other Crash,1,Pedestrian Involved Crash,1,Involving a pedestrian fatality,2,Other Crash,2,Other Crash,2,Other Crash,3,Unknown BAC Crash,2,Other Crash,2,Other Crash,0,Not Tribal Lands
2014040317,40317,1,1,2,2,13,MARICOPA,370,PHOENIX,10,5,2014,2,26,0,,.,13,Urban-Other Principal Arterial,,.,MCDOWELL RD,,33.465752780,-111.979197220,0,No Special Jurisdiction,8,Pedestrian,0,Not a Collision with Motor Vehicle In-Transport,0,1,1,0,1,3,Dark - Lighted,1,Clear,No,0,0,0,None,None,None,1,2,Non-Interstate,3,"Principal arterial, other",2,Nighttime,2,Weekend,2,Other Crash,2,Other Crash,1,Pedestrian Involved Crash,1,Involving a pedestrian fatality,2,Other Crash,2,Other Crash,2,Other Crash,3,Unknown BAC Crash,2,Other Crash,2,Other Crash,0,Not Tribal Lands
2014040318,40318,2,2,0,2,13,MARICOPA,370,PHOENIX,16,5,2014,22,53,0,,.,13,Urban-Other Principal Arterial,,.,GREENWAY PKWY,CAVE CREEK RD,33.631747220,-112.030708330,0,No Special Jurisdiction,12,Motor Vehicle In-Transport,1,Front-to-Rear,0,3,2,0,1,3,Dark - Lighted,1,Clear,No,0,0,0,None,None,None,1,2,Non-Interstate,3,"Principal arterial, other",2,Nighttime,2,Weekend,2,Other Crash,2,Other Crash,2,Other Crash,2,Other Crash,2,Other Crash,2,Other Crash,2,Other Crash,3,Unknown BAC Crash,2,Other Crash,2,Other Crash,0,Not Tribal Lands
2014040319,40319,2,2,0,3,17,NAVAJO,0,NONE LISTED,17,5,2014,13,35,0,,.,4,Rural-Major Collector,,.,US-163,,36.836950000,-110.254041670,3,Indian Reservation,12,Motor Vehicle In-Transport,2,Front-to-Front,0,1,1,0,1,1,Daylight,1,Clear,No,0,0,0,None,None,None,1,2,Non-Interstate,5,Collector,1,Daytime,2,Weekend,2,Other Crash,2,Other Crash,2,Other Crash,2,Other Crash,2,Other Crash,2,Other Crash,2,Other Crash,3,Unknown BAC Crash,2,Other Crash,2,Other Crash,1,Tribal Lands
2014040320,40320,3,3,0,8,13,MARICOPA,370,PHOENIX,17,5,2014,20,57,0,,.,14,Urban-Minor Arterial,,.,7TH AVE,VINEYARD RD,33.384919440,-112.081944440,0,No Special Jurisdiction,12,Motor Vehicle In-Transport,6,Angle,0,2,2,0,1,3,Dark - Lighted,98,Not Reported,No,0,0,0,None,None,None,1,2,Non-Interstate,4,Minor arterial,2,Nighttime,2,Weekend,2,Other Crash,2,Other Crash,2,Other Crash,2,Other Crash,2,Other Crash,2,Other Crash,2,Other Crash,3,Unknown BAC Crash,2,Other Crash,2,Other Crash,0,Not Tribal Lands
2014040321,40321,1,1,1,1,13,MARICOPA,370,PHOENIX,21,5,2014,23,21,0,,.,14,Urban-Minor Arterial,,.,67TH AVE,,33.464966670,-112.203347220,0,No Special Jurisdiction,8,Pedestrian,0,Not a Collision with Motor Vehicle In-Transport,0,1,1,0,1,3,Dark - Lighted,1,Clear,No,19,23,0,Recent/Previous Crash scene Nearby,Indication of a Stalled/Disabled Vehicle,None,1,2,Non-Interstate,4,Minor arterial,2,Nighttime,1,Weekday,2,Other Crash,2,Other Crash,1,Pedestrian Involved Crash,1,Involving a pedestrian fatality,2,Other Crash,2,Other Crash,2,Other Crash,2,All Drivers With ZERO BAC Testing Crash,2,Other Crash,2,Other Crash,0,Not Tribal Lands
2014040323,40323,1,1,0,1,17,NAVAJO,0,NONE LISTED,28,5,2014,14,0,0,,.,3,Rural-Minor Arterial,,.,SR-264,,35.754877780,-110.027411110,3,Indian Reservation,99,Unknown,0,Not a Collision with Motor Vehicle In-Transport,0,99,99,0,99,1,Daylight,99,Unknown,No,0,0,0,None,None,None,1,2,Non-Interstate,4,Minor arterial,1,Daytime,1,Weekday,2,Other Crash,2,Other Crash,2,Other Crash,2,Other Crash,2,Other Crash,2,Other Crash,2,Other Crash,3,Unknown BAC Crash,2,Other Crash,2,Other Crash,1,Tribal Lands
2014040324,40324,1,1,1,1,1,APACHE,0,NONE LISTED,28,5,2014,22,14,0,,.,4,Rural-Major Collector,,.,US-191,,35.816816670,-109.608772220,3,Indian Reservation,8,Pedestrian,0,Not a Collision with Motor Vehicle In-Transport,0,99,99,0,99,9,Unknown,99,Unknown,No,0,0,0,None,None,None,1,2,Non-Interstate,5,Collector,2,Nighttime,1,Weekday,2,Other Crash,2,Other Crash,1,Pedestrian Involved Crash,1,Involving a pedestrian fatality,2,Other Crash,2,Other Crash,2,Other Crash,3,Unknown BAC Crash,2,Other Crash,2,Other Crash,1,Tribal Lands
2014040325,40325,2,2,0,2,13,MARICOPA,370,PHOENIX,29,5,2014,7,19,1,,.,13,Urban-Other Principal Arterial,,.,7TH ST,,33.672377780,-112.065558330,0,No Special Jurisdiction,12,Motor Vehicle In-Transport,6,Angle,0,8,1,0,1,1,Daylight,1,Clear,No,0,0,0,None,None,None,1,2,Non-Interstate,3,"Principal arterial, other",1,Daytime,1,Weekday,2,Other Crash,1,Speeding Involved Crash,2,Other Crash,2,Other Crash,2,Other Crash,2,Other Crash,2,Other Crash,3,Unknown BAC Crash,2,Other Crash,2,Other Crash,0,Not Tribal Lands
2014040326,40326,2,2,0,2,13,MARICOPA,370,PHOENIX,29,5,2014,14,12,0,,.,14,Urban-Minor Arterial,,.,16TH ST,HIGHLAND AVE,33.505611110,-112.047536110,0,No Special Jurisdiction,12,Motor Vehicle In-Transport,6,Angle,0,2,2,0,1,1,Daylight,1,Clear,No,0,0,0,None,None,None,1,2,Non-Interstate,4,Minor arterial,1,Daytime,1,Weekday,2,Other Crash,2,Other Crash,2,Other Crash,2,Other Crash,2,Other Crash,2,Other Crash,2,Other Crash,3,Unknown BAC Crash,2,Other Crash,2,Other Crash,0,Not Tribal Lands
2014040327,40327,1,1,1,1,13,MARICOPA,370,PHOENIX,29,5,2014,17,8,0,,.,14,Urban-Minor Arterial,,.,32ND ST,,33.484727780,-112.012947220,0,No Special Jurisdiction,8,Pedestrian,0,Not a Collision with Motor Vehicle In-Transport,0,1,1,0,1,1,Daylight,1,Clear,No,0,0,0,None,None,None,1,2,Non-Interstate,4,Minor arterial,1,Daytime,1,Weekday,2,Other Crash,2,Other Crash,1,Pedestrian Involved Crash,1,Involving a pedestrian fatality,2,Other Crash,2,Other Crash,2,Other Crash,3,Unknown BAC Crash,2,Other Crash,2,Other Crash,0,Not Tribal Lands
2014040329,40329,2,2,0,2,13,MARICOPA,490,TEMPE,12,5,2014,19,57,0,,.,13,Urban-Other Principal Arterial,,.,MCCLINTOCK DR,,33.379663890,-111.909241670,0,No Special Jurisdiction,1,Rollover/Overturn,0,Not a Collision with Motor Vehicle In-Transport,0,1,1,0,1,3,Dark - Lighted,10,Cloudy,No,0,0,0,None,None,None,1,2,Non-Interstate,3,"Principal arterial, other",2,Nighttime,1,Weekday,2,Other Crash,2,Other Crash,2,Other Crash,2,Other Crash,2,Other Crash,2,Other Crash,2,Other Crash,2,All Drivers With ZERO BAC Testing Crash,2,Other Crash,2,Other Crash,0,Not Tribal Lands
2014040330,40330,1,1,0,1,1,APACHE,0,NONE LISTED,3,6,2014,5,23,0,,.,6,Rural-Local Road or Street,,.,CR-7230,,34.907697220,-109.308675000,0,No Special Jurisdiction,38,Fence,0,Not a Collision with Motor Vehicle In-Transport,0,1,1,0,4,6,Dark - Unknown Lighting,99,Unknown,No,0,0,0,None,None,None,1,2,Non-Interstate,6,Local,2,Nighttime,1,Weekday,2,Other Crash,1,Speeding Involved Crash,2,Other Crash,2,Other Crash,2,Other Crash,2,Other Crash,2,Other Crash,3,Unknown BAC Crash,2,Other Crash,2,Other Crash,0,Not Tribal Lands
2014040331,40331,1,1,0,2,17,NAVAJO,0,NONE LISTED,12,5,2014,19,35,0,,.,6,Rural-Local Road or Street,,.,DEER RUN DR,,34.311211110,-109.974830560,0,No Special Jurisdiction,38,Fence,0,Not a Collision with Motor Vehicle In-Transport,0,1,1,0,4,5,Dusk,1,Clear,No,6,0,0,"Inadequate Construction or Poor Design of Roadway,",None,None,1,2,Non-Interstate,6,Local,2,Nighttime,1,Weekday,2,Other Crash,1,Speeding Involved Crash,2,Other Crash,2,Other Crash,2,Other Crash,2,Other Crash,2,Other Crash,1,Driver With Positive BAC Testing Crash,2,Other Crash,2,Other Crash,0,Not Tribal Lands
2014040333,40333,2,2,0,3,13,MARICOPA,490,TEMPE,18,6,2014,13,50,0,,.,13,Urban-Other Principal Arterial,,.,BROADWAY RD,HARDY DR,33.407383330,-111.952158330,0,No Special Jurisdiction,12,Motor Vehicle In-Transport,6,Angle,0,2,2,0,1,1,Daylight,1,Clear,No,0,0,0,None,None,None,1,2,Non-Interstate,3,"Principal arterial, other",1,Daytime,1,Weekday,2,Other Crash,2,Other Crash,2,Other Crash,2,Other Crash,2,Other Crash,2,Other Crash,2,Other Crash,3,Unknown BAC Crash,2,Other Crash,2,Other Crash,0,Not Tribal Lands
2014040334,40334,2,2,0,3,7,GILA,0,NONE LISTED,23,6,2014,5,1,0,,.,3,Rural-Minor Arterial,,.,US-70,,33.347438890,-110.626750000,0,No Special Jurisdiction,12,Motor Vehicle In-Transport,2,Front-to-Front,0,1,1,0,1,4,Dawn,1,Clear,No,0,0,0,None,None,None,1,2,Non-Interstate,4,Minor arterial,2,Nighttime,2,Weekend,2,Other Crash,2,Other Crash,2,Other Crash,2,Other Crash,2,Other Crash,2,Other Crash,2,Other Crash,3,Unknown BAC Crash,2,Other Crash,2,Other Crash,1,Tribal Lands
2014040335,40335,2,2,0,3,25,YAVAPAI,386,PRESCOTT,27,6,2014,16,1,1,,.,13,Urban-Other Principal Arterial,,.,SR-69,,34.552255560,-112.416763890,0,No Special Jurisdiction,12,Motor Vehicle In-Transport,2,Front-to-Front,0,1,1,0,1,1,Daylight,1,Clear,No,0,0,0,None,None,None,1,2,Non-Interstate,3,"Principal arterial, other",1,Daytime,1,Weekday,2,Other Crash,2,Other Crash,2,Other Crash,2,Other Crash,2,Other Crash,2,Other Crash,2,Other Crash,2,All Drivers With ZERO BAC Testing Crash,1,Involving a Distracted Driver,2,Other Crash,0,Not Tribal Lands
2014040336,40336,1,1,0,1,1,APACHE,400,SAINT JOHNS,30,6,2014,16,50,0,,.,6,Rural-Local Road or Street,,.,WATER ST,,34.485286110,-109.356988890,0,No Special Jurisdiction,35,Embankment,0,Not a Collision with Motor Vehicle In-Transport,0,1,1,0,4,1,Daylight,1,Clear,No,0,0,0,None,None,None,1,2,Non-Interstate,6,Local,1,Daytime,1,Weekday,2,Other Crash,1,Speeding Involved Crash,2,Other Crash,2,Other Crash,2,Other Crash,2,Other Crash,2,Other Crash,3,Unknown BAC Crash,2,Other Crash,2,Other Crash,0,Not Tribal Lands
2014040337,40337,1,1,1,1,13,MARICOPA,370,PHOENIX,1,6,2014,19,57,0,,.,14,Urban-Minor Arterial,,.,MCDOWELL RD,,33.465944440,-112.126580560,0,No Special Jurisdiction,8,Pedestrian,0,Not a Collision with Motor Vehicle In-Transport,0,1,1,0,1,3,Dark - Lighted,1,Clear,No,0,0,0,None,None,None,1,2,Non-Interstate,4,Minor arterial,2,Nighttime,2,Weekend,2,Other Crash,2,Other Crash,1,Pedestrian Involved Crash,1,Involving a pedestrian fatality,2,Other Crash,2,Other Crash,2,Other Crash,3,Unknown BAC Crash,2,Other Crash,2,Other Crash,0,Not Tribal Lands
2014040338,40338,1,1,1,2,13,MARICOPA,370,PHOENIX,2,6,2014,21,56,0,,.,14,Urban-Minor Arterial,,.,43RD AVE,THUNDERBIRD RD,33.610613890,-112.151188890,0,No Special Jurisdiction,8,Pedestrian,0,Not a Collision with Motor Vehicle In-Transport,0,3,2,0,1,3,Dark - Lighted,1,Clear,No,0,0,0,None,None,None,1,2,Non-Interstate,4,Minor arterial,2,Nighttime,1,Weekday,2,Other Crash,2,Other Crash,1,Pedestrian Involved Crash,1,Involving a pedestrian fatality,2,Other Crash,2,Other Crash,2,Other Crash,2,All Drivers With ZERO BAC Testing Crash,2,Other Crash,2,Other Crash,0,Not Tribal Lands
2014040339,40339,5,3,0,5,13,MARICOPA,370,PHOENIX,5,6,2014,17,50,0,,.,13,Urban-Other Principal Arterial,,.,35TH AVE,MONTE VISTA RD,33.471216670,-112.134422220,0,No Special Jurisdiction,12,Motor Vehicle In-Transport,6,Angle,0,2,2,0,1,1,Daylight,1,Clear,No,0,0,0,None,None,None,1,2,Non-Interstate,3,"Principal arterial, other",1,Daytime,1,Weekday,2,Other Crash,2,Other Crash,2,Other Crash,2,Other Crash,2,Other Crash,2,Other Crash,2,Other Crash,1,Driver With Positive BAC Testing Crash,2,Other Crash,2,Other Crash,0,Not Tribal Lands
2014040340,40340,2,2,0,2,13,MARICOPA,370,PHOENIX,7,6,2014,1,32,1,,.,13,Urban-Other Principal Arterial,,.,CACTUS RD,,33.597052780,-111.998275000,0,No Special Jurisdiction,12,Motor Vehicle In-Transport,1,Front-to-Rear,0,1,1,0,1,3,Dark - Lighted,1,Clear,No,0,0,0,None,None,None,1,2,Non-Interstate,3,"Principal arterial, other",2,Nighttime,2,Weekend,2,Other Crash,1,Speeding Involved Crash,2,Other Crash,2,Other Crash,2,Other Crash,2,Other Crash,2,Other Crash,1,Driver With Positive BAC Testing Crash,2,Other Crash,2,Other Crash,0,Not Tribal Lands
2014040341,40341,1,1,1,1,13,MARICOPA,370,PHOENIX,7,6,2014,16,4,0,,.,13,Urban-Other Principal Arterial,,.,BUCKEYE RD,,33.436805560,-112.112102780,0,No Special Jurisdiction,9,Pedalcyclist,0,Not a Collision with Motor Vehicle In-Transport,0,1,1,0,1,1,Daylight,1,Clear,No,16,0,0,Non-occupant struck vehicle,None,None,1,2,Non-Interstate,3,"Principal arterial, other",1,Daytime,2,Weekend,1,Large Truck Involved Crash,2,Other Crash,2,Other Crash,2,Other Crash,1,Pedalcyclist Involved Crash,1,Involving a pedacyclist fatality,2,Other Crash,2,All Drivers With ZERO BAC Testing Crash,2,Other Crash,2,Other Crash,0,Not Tribal Lands
2014040342,40342,1,1,0,2,17,NAVAJO,240,HOLBROOK,14,6,2014,10,32,0,,.,6,Rural-Local Road or Street,,.,BARGER LN,,99.999900000,999.999900000,0,No Special Jurisdiction,34,Ditch,0,Not a Collision with Motor Vehicle In-Transport,0,1,1,0,4,1,Daylight,7,"Blowing Sand, Soil, Dirt",No,0,0,0,None,None,None,1,2,Non-Interstate,6,Local,1,Daytime,2,Weekend,2,Other Crash,2,Other Crash,2,Other Crash,2,Other Crash,2,Other Crash,2,Other Crash,2,Other Crash,1,Driver With Positive BAC Testing Crash,2,Other Crash,2,Other Crash,0,Not Tribal Lands
2014040343,40343,2,2,0,7,13,MARICOPA,490,TEMPE,14,6,2014,13,13,0,,.,13,Urban-Other Principal Arterial,,.,MCCLINTOCK DR,APACHE BLVD,33.414688890,-111.909111110,0,No Special Jurisdiction,12,Motor Vehicle In-Transport,6,Angle,0,2,2,0,1,1,Daylight,1,Clear,No,0,0,0,None,None,None,1,2,Non-Interstate,3,"Principal arterial, other",1,Daytime,2,Weekend,2,Other Crash,2,Other Crash,2,Other Crash,2,Other Crash,2,Other Crash,2,Other Crash,2,Other Crash,1,Driver With Positive BAC Testing Crash,1,Involving a Distracted Driver,2,Other Crash,0,Not Tribal Lands
2014040344,40344,1,1,1,1,17,NAVAJO,0,NONE LISTED,17,6,2014,99,99,0,,.,3,Rural-Minor Arterial,,.,SR-264,,35.846758330,-110.533216670,3,Indian Reservation,8,Pedestrian,0,Not a Collision with Motor Vehicle In-Transport,0,99,99,0,99,9,Unknown,99,Unknown,No,0,0,0,None,None,None,1,2,Non-Interstate,4,Minor arterial,3,Unknown,1,Weekday,2,Other Crash,2,Other Crash,1,Pedestrian Involved Crash,1,Involving a pedestrian fatality,2,Other Crash,2,Other Crash,2,Other Crash,3,Unknown BAC Crash,2,Other Crash,2,Other Crash,1,Tribal Lands