accident_id,ST_CASE,VE_TOTAL,VE_FORMS,PEDS,PERSONS,COUNTY,county_name,CITY,city_name,DAY,MONTH,YEAR,HOUR,MINUTE,NHS,FUNC_SYS,func_sys_lit,ROAD_FNC,road_fnc_lit,RD_OWNER,rd_owner_lit,TWAY_ID,TWAY_ID2,LATITUDE,LONGITUD,SP_JUR,sp_jur_lit,HARM_EV,harm_ev_lit,MAN_COLL,man_coll_lit,RELJCT1,RELJCT2,TYP_INT,WRK_ZONE,REL_ROAD,LGT_COND,lgt_cond_lit,WEATHER,weather_lit,SCH_BUS,CF1,CF2,CF3,cf1_lit,cf2_lit,cf3_lit,FATALS,A_INTER,a_inter_lit,A_ROADFC,a_road_fc_lit,A_TOD,a_tod_lit,A_DOW,a_dow_lit,A_LT,a_lt_lit,A_SPCRA,a_spcra_lit,A_PED,a_ped_lit,A_PED_F,a_ped_f_lit,A_PEDAL,a_pedal_lit,A_PEDAL_F,a_pedal_f_lit,A_POLPUR,a_polour_lit,A_POSBAC,a_posbac_lit,A_DIST,a_dist_lit,A_DROWSY,a_drowsy_lit,INDIAN_RES,indian_res_lit
2014040345,40345,1,1,1,1,13,MARICOPA,370,PHOENIX,17,6,2014,14,0,1,,.,13,Urban-Other Principal Arterial,,.,CAVE CREEK RD,SWEETWATER AVE,33.604147220,-112.036722220,0,No Special Jurisdiction,15,Non-Motorist on Personal Conveyance,0,Not a Collision with Motor Vehicle In-Transport,0,3,2,0,1,1,Daylight,1,Clear,No,0,0,0,None,None,None,1,2,Non-Interstate,3,"Principal arterial, other",1,Daytime,1,Weekday,2,Other Crash,2,Other Crash,2,Other Crash,2,Other Crash,2,Other Crash,2,Other Crash,2,Other Crash,3,Unknown BAC Crash,2,Other Crash,2,Other Crash,0,Not Tribal Lands
2014040346,40346,1,1,1,1,13,MARICOPA,370,PHOENIX,28,6,2014,20,43,0,,.,13,Urban-Other Principal Arterial,,.,19TH AVE,,33.666716670,-112.099855560,0,No Special Jurisdiction,8,Pedestrian,0,Not a Collision with Motor Vehicle In-Transport,0,1,1,0,1,3,Dark - Lighted,1,Clear,No,0,0,0,None,None,None,1,2,Non-Interstate,3,"Principal arterial, other",2,Nighttime,2,Weekend,2,Other Crash,2,Other Crash,1,Pedestrian Involved Crash,1,Involving a pedestrian fatality,2,Other Crash,2,Other Crash,2,Other Crash,2,All Drivers With ZERO BAC Testing Crash,2,Other Crash,2,Other Crash,0,Not Tribal Lands
2014040347,40347,1,1,0,1,13,MARICOPA,192,FOUNTAIN HILLS,21,6,2014,7,10,0,,.,16,Urban-Local Road or Street,,.,TEPEE DR,,33.633480560,-111.743258330,0,No Special Jurisdiction,53,Mail Box,0,Not a Collision with Motor Vehicle In-Transport,0,1,1,0,4,1,Daylight,1,Clear,No,0,0,0,None,None,None,1,2,Non-Interstate,6,Local,1,Daytime,2,Weekend,2,Other Crash,2,Other Crash,2,Other Crash,2,Other Crash,2,Other Crash,2,Other Crash,2,Other Crash,2,All Drivers With ZERO BAC Testing Crash,2,Other Crash,2,Other Crash,0,Not Tribal Lands
2014040348,40348,2,2,0,4,13,MARICOPA,370,PHOENIX,5,7,2014,14,47,1,,.,11,Urban-Principal Arterial-Interstate,,.,I-17,,33.637263890,-112.115694440,0,No Special Jurisdiction,12,Motor Vehicle In-Transport,7,Sideswipe - Same Direction,1,17,1,0,1,1,Daylight,1,Clear,No,0,0,0,None,None,None,1,1,Interstate,1,"Interstate, principal arterial",1,Daytime,2,Weekend,2,Other Crash,2,Other Crash,2,Other Crash,2,Other Crash,2,Other Crash,2,Other Crash,2,Other Crash,3,Unknown BAC Crash,2,Other Crash,2,Other Crash,0,Not Tribal Lands
2014040349,40349,1,1,0,4,25,YAVAPAI,0,NONE LISTED,5,7,2014,15,18,1,,.,1,Rural-Principal Arterial-Interstate,,.,I-17,,34.154988890,-112.146288890,0,No Special Jurisdiction,24,Guardrail Face,0,Not a Collision with Motor Vehicle In-Transport,0,1,1,0,3,1,Daylight,1,Clear,No,0,0,0,None,None,None,1,1,Interstate,1,"Interstate, principal arterial",1,Daytime,2,Weekend,2,Other Crash,2,Other Crash,2,Other Crash,2,Other Crash,2,Other Crash,2,Other Crash,2,Other Crash,3,Unknown BAC Crash,2,Other Crash,2,Other Crash,0,Not Tribal Lands
2014040350,40350,1,1,0,3,19,PIMA,0,NONE LISTED,6,7,2014,10,26,0,,.,3,Rural-Minor Arterial,,.,SR-86,,32.210588890,-112.624525000,3,Indian Reservation,38,Fence,0,Not a Collision with Motor Vehicle In-Transport,0,1,1,0,4,1,Daylight,1,Clear,No,0,0,0,None,None,None,1,2,Non-Interstate,4,Minor arterial,1,Daytime,2,Weekend,2,Other Crash,1,Speeding Involved Crash,2,Other Crash,2,Other Crash,2,Other Crash,2,Other Crash,2,Other Crash,2,All Drivers With ZERO BAC Testing Crash,2,Other Crash,2,Other Crash,1,Tribal Lands
2014040354,40354,3,2,0,6,13,MARICOPA,60,BUCKEYE,12,7,2014,7,41,1,,.,11,Urban-Principal Arterial-Interstate,,.,I-10,,33.456552780,-112.519280560,0,No Special Jurisdiction,12,Motor Vehicle In-Transport,6,Angle,0,1,1,0,1,1,Daylight,1,Clear,No,14,23,0,"Motor Vehicle struck by falling cargo,or something",Indication of a Stalled/Disabled Vehicle,None,1,1,Interstate,1,"Interstate, principal arterial",1,Daytime,2,Weekend,2,Other Crash,2,Other Crash,2,Other Crash,2,Other Crash,2,Other Crash,2,Other Crash,2,Other Crash,3,Unknown BAC Crash,2,Other Crash,2,Other Crash,0,Not Tribal Lands
2014040355,40355,1,1,0,1,13,MARICOPA,0,NONE LISTED,12,7,2014,15,58,1,,.,13,Urban-Other Principal Arterial,,.,SR-87,,33.487516670,-111.816788890,3,Indian Reservation,42,Tree (Standing Only),0,Not a Collision with Motor Vehicle In-Transport,0,8,1,0,4,1,Daylight,10,Cloudy,No,0,0,0,None,None,None,1,2,Non-Interstate,3,"Principal arterial, other",1,Daytime,2,Weekend,2,Other Crash,2,Other Crash,2,Other Crash,2,Other Crash,2,Other Crash,2,Other Crash,2,Other Crash,3,Unknown BAC Crash,2,Other Crash,2,Other Crash,1,Tribal Lands
2014040356,40356,1,1,1,5,13,MARICOPA,290,MESA,12,7,2014,20,10,0,,.,13,Urban-Other Principal Arterial,,.,MAIN ST,,33.415444440,-111.784233330,0,No Special Jurisdiction,9,Pedalcyclist,0,Not a Collision with Motor Vehicle In-Transport,0,1,1,0,1,3,Dark - Lighted,1,Clear,No,0,0,0,None,None,None,1,2,Non-Interstate,3,"Principal arterial, other",2,Nighttime,2,Weekend,2,Other Crash,1,Speeding Involved Crash,2,Other Crash,2,Other Crash,1,Pedalcyclist Involved Crash,1,Involving a pedacyclist fatality,2,Other Crash,3,Unknown BAC Crash,2,Other Crash,2,Other Crash,0,Not Tribal Lands
2014040357,40357,1,1,0,2,13,MARICOPA,0,NONE LISTED,16,7,2014,11,17,1,,.,1,Rural-Principal Arterial-Interstate,,.,I-8,,32.926141670,-112.854197220,0,No Special Jurisdiction,1,Rollover/Overturn,0,Not a Collision with Motor Vehicle In-Transport,0,1,1,0,3,1,Daylight,1,Clear,No,0,0,0,None,None,None,2,1,Interstate,1,"Interstate, principal arterial",1,Daytime,1,Weekday,2,Other Crash,2,Other Crash,2,Other Crash,2,Other Crash,2,Other Crash,2,Other Crash,2,Other Crash,2,All Drivers With ZERO BAC Testing Crash,2,Other Crash,2,Other Crash,0,Not Tribal Lands
2014040358,40358,1,1,0,1,25,YAVAPAI,386,PRESCOTT,19,7,2014,16,41,0,,.,14,Urban-Minor Arterial,,.,SENATOR HWY,SUMMIT POINTE DR,34.531425000,-112.464575000,0,No Special Jurisdiction,1,Rollover/Overturn,0,Not a Collision with Motor Vehicle In-Transport,0,3,3,0,1,1,Daylight,1,Clear,No,0,0,0,None,None,None,1,2,Non-Interstate,4,Minor arterial,1,Daytime,2,Weekend,2,Other Crash,2,Other Crash,2,Other Crash,2,Other Crash,2,Other Crash,2,Other Crash,2,Other Crash,1,Driver With Positive BAC Testing Crash,2,Other Crash,2,Other Crash,0,Not Tribal Lands
2014040359,40359,2,2,0,3,19,PIMA,355,ORO VALLEY,20,7,2014,18,12,0,,.,14,Urban-Minor Arterial,,.,LAMBERT LN,LA CHOLLA BLVD,32.395319440,-111.012844440,0,No Special Jurisdiction,12,Motor Vehicle In-Transport,6,Angle,0,2,2,0,1,1,Daylight,1,Clear,No,0,0,0,None,None,None,1,2,Non-Interstate,4,Minor arterial,2,Nighttime,2,Weekend,2,Other Crash,2,Other Crash,2,Other Crash,2,Other Crash,2,Other Crash,2,Other Crash,2,Other Crash,2,All Drivers With ZERO BAC Testing Crash,2,Other Crash,2,Other Crash,0,Not Tribal Lands
2014040360,40360,1,1,0,2,5,COCONINO,0,NONE LISTED,21,7,2014,17,31,0,,.,6,Rural-Local Road or Street,,.,CR-DRAKE RD,,34.983486110,-112.296619440,0,No Special Jurisdiction,17,Boulder,0,Not a Collision with Motor Vehicle In-Transport,0,1,1,0,4,1,Daylight,1,Clear,No,0,0,0,None,None,None,1,2,Non-Interstate,6,Local,1,Daytime,1,Weekday,2,Other Crash,1,Speeding Involved Crash,2,Other Crash,2,Other Crash,2,Other Crash,2,Other Crash,2,Other Crash,3,Unknown BAC Crash,2,Other Crash,2,Other Crash,0,Not Tribal Lands
2014040361,40361,1,1,0,2,13,MARICOPA,220,GOODYEAR,27,7,2014,1,51,1,,.,11,Urban-Principal Arterial-Interstate,,.,I-10,,33.461330560,-112.428725000,0,No Special Jurisdiction,25,Concrete Traffic Barrier,0,Not a Collision with Motor Vehicle In-Transport,1,19,1,1,4,3,Dark - Lighted,10,Cloudy,No,0,0,0,None,None,None,1,1,Interstate,1,"Interstate, principal arterial",2,Nighttime,2,Weekend,1,Large Truck Involved Crash,1,Speeding Involved Crash,2,Other Crash,2,Other Crash,2,Other Crash,2,Other Crash,2,Other Crash,2,All Drivers With ZERO BAC Testing Crash,2,Other Crash,2,Other Crash,0,Not Tribal Lands
2014040362,40362,1,1,0,1,1,APACHE,0,NONE LISTED,3,3,2014,15,25,0,,.,6,Rural-Local Road or Street,,.,BIA 5049,,36.849758330,-109.295666670,3,Indian Reservation,1,Rollover/Overturn,0,Not a Collision with Motor Vehicle In-Transport,0,1,1,0,4,1,Daylight,1,Clear,No,0,0,0,None,None,None,1,2,Non-Interstate,6,Local,1,Daytime,1,Weekday,2,Other Crash,2,Other Crash,2,Other Crash,2,Other Crash,2,Other Crash,2,Other Crash,2,Other Crash,3,Unknown BAC Crash,2,Other Crash,2,Other Crash,1,Tribal Lands
2014040363,40363,1,1,1,1,13,MARICOPA,290,MESA,2,7,2014,22,33,0,,.,13,Urban-Other Principal Arterial,,.,DOBSON RD,,33.394050000,-111.874616670,0,No Special Jurisdiction,8,Pedestrian,0,Not a Collision with Motor Vehicle In-Transport,0,1,1,0,1,3,Dark - Lighted,1,Clear,No,0,0,0,None,None,None,1,2,Non-Interstate,3,"Principal arterial, other",2,Nighttime,1,Weekday,2,Other Crash,2,Other Crash,1,Pedestrian Involved Crash,1,Involving a pedestrian fatality,2,Other Crash,2,Other Crash,2,Other Crash,3,Unknown BAC Crash,2,Other Crash,2,Other Crash,0,Not Tribal Lands
2014040364,40364,3,3,0,3,19,PIMA,295,MARANA,4,7,2014,11,42,1,,.,11,Urban-Principal Arterial-Interstate,,.,I-10,,32.368480560,-111.100019440,0,No Special Jurisdiction,12,Motor Vehicle In-Transport,11,Other,0,1,1,0,1,1,Daylight,10,Cloudy,No,19,23,0,Recent/Previous Crash scene Nearby,Indication of a Stalled/Disabled Vehicle,None,1,1,Interstate,1,"Interstate, principal arterial",1,Daytime,1,Weekday,1,Large Truck Involved Crash,2,Other Crash,2,Other Crash,2,Other Crash,2,Other Crash,2,Other Crash,2,Other Crash,3,Unknown BAC Crash,2,Other Crash,2,Other Crash,0,Not Tribal Lands
2014040365,40365,3,3,0,6,13,MARICOPA,490,TEMPE,8,7,2014,23,25,1,,.,12,Urban-Principal Arterial-Other Freeways or Expressways,,.,SR-101,,33.418452780,-111.891450000,0,No Special Jurisdiction,12,Motor Vehicle In-Transport,1,Front-to-Rear,1,18,1,0,1,3,Dark - Lighted,2,Rain,No,27,0,0,Backup Due to Prior Crash,None,None,1,2,Non-Interstate,2,"Freeway and expressway, principal arterial",2,Nighttime,1,Weekday,2,Other Crash,1,Speeding Involved Crash,2,Other Crash,2,Other Crash,2,Other Crash,2,Other Crash,2,Other Crash,3,Unknown BAC Crash,1,Involving a Distracted Driver,2,Other Crash,0,Not Tribal Lands
2014040366,40366,1,1,1,1,13,MARICOPA,200,GLENDALE,16,7,2014,19,13,0,,.,14,Urban-Minor Arterial,,.,GLENDALE AVE,,33.538430560,-112.163644440,0,No Special Jurisdiction,8,Pedestrian,0,Not a Collision with Motor Vehicle In-Transport,0,1,1,0,1,5,Dusk,1,Clear,No,0,0,0,None,None,None,1,2,Non-Interstate,4,Minor arterial,2,Nighttime,1,Weekday,2,Other Crash,2,Other Crash,1,Pedestrian Involved Crash,1,Involving a pedestrian fatality,2,Other Crash,2,Other Crash,2,Other Crash,2,All Drivers With ZERO BAC Testing Crash,2,Other Crash,2,Other Crash,0,Not Tribal Lands
2014040367,40367,1,1,0,1,15,MOHAVE,0,NONE LISTED,27,7,2014,11,2,1,,.,2,Rural-Principal Arterial-Other,,.,US-93,,34.794991670,-113.623213890,0,No Special Jurisdiction,1,Rollover/Overturn,0,Not a Collision with Motor Vehicle In-Transport,0,1,1,0,1,1,Daylight,1,Clear,No,0,0,0,None,None,None,1,2,Non-Interstate,3,"Principal arterial, other",1,Daytime,2,Weekend,2,Other Crash,2,Other Crash,2,Other Crash,2,Other Crash,2,Other Crash,2,Other Crash,2,Other Crash,2,All Drivers With ZERO BAC Testing Crash,2,Other Crash,1,Involving a Drowsy Driver,0,Not Tribal Lands
2014040369,40369,1,1,0,1,3,COCHISE,233,HEREFORD,7,6,2014,2,21,0,,.,14,Urban-Minor Arterial,,.,SR-92,,31.430736110,-110.241238890,0,No Special Jurisdiction,59,Traffic Sign Support,0,Not a Collision with Motor Vehicle In-Transport,0,1,1,0,4,2,Dark - Not Lighted,1,Clear,No,0,0,0,None,None,None,1,2,Non-Interstate,4,Minor arterial,2,Nighttime,2,Weekend,2,Other Crash,1,Speeding Involved Crash,2,Other Crash,2,Other Crash,2,Other Crash,2,Other Crash,2,Other Crash,1,Driver With Positive BAC Testing Crash,2,Other Crash,2,Other Crash,0,Not Tribal Lands
2014040370,40370,2,2,0,7,5,COCONINO,0,NONE LISTED,13,6,2014,21,28,0,,.,4,Rural-Major Collector,,.,SR-98,,36.640963890,-111.218152780,3,Indian Reservation,12,Motor Vehicle In-Transport,1,Front-to-Rear,0,1,1,0,1,2,Dark - Not Lighted,1,Clear,No,0,0,0,None,None,None,1,2,Non-Interstate,5,Collector,2,Nighttime,2,Weekend,2,Other Crash,1,Speeding Involved Crash,2,Other Crash,2,Other Crash,2,Other Crash,2,Other Crash,2,Other Crash,1,Driver With Positive BAC Testing Crash,1,Involving a Distracted Driver,2,Other Crash,1,Tribal Lands
2014040371,40371,1,1,0,2,5,COCONINO,0,NONE LISTED,16,6,2014,21,41,1,,.,1,Rural-Principal Arterial-Interstate,,.,I-40,,35.249488890,-111.893697220,0,No Special Jurisdiction,35,Embankment,0,Not a Collision with Motor Vehicle In-Transport,0,1,1,0,3,2,Dark - Not Lighted,1,Clear,No,0,0,0,None,None,None,1,1,Interstate,1,"Interstate, principal arterial",2,Nighttime,1,Weekday,2,Other Crash,2,Other Crash,2,Other Crash,2,Other Crash,2,Other Crash,2,Other Crash,2,Other Crash,2,All Drivers With ZERO BAC Testing Crash,2,Other Crash,2,Other Crash,0,Not Tribal Lands
2014040372,40372,2,2,0,3,17,NAVAJO,0,NONE LISTED,17,6,2014,12,50,1,,.,2,Rural-Principal Arterial-Other,,.,US-160,,36.726344440,-110.125936110,3,Indian Reservation,12,Motor Vehicle In-Transport,2,Front-to-Front,0,1,1,0,1,1,Daylight,5,"Fog, Smog, Smoke",No,0,0,0,None,None,None,2,2,Non-Interstate,3,"Principal arterial, other",1,Daytime,1,Weekday,2,Other Crash,1,Speeding Involved Crash,2,Other Crash,2,Other Crash,2,Other Crash,2,Other Crash,2,Other Crash,3,Unknown BAC Crash,2,Other Crash,2,Other Crash,1,Tribal Lands
2014040373,40373,3,3,0,7,9,GRAHAM,0,NONE LISTED,19,6,2014,22,0,0,,.,3,Rural-Minor Arterial,,.,US-70,,33.173919440,-110.140394440,3,Indian Reservation,12,Motor Vehicle In-Transport,8,Sideswipe - Opposite Direction,0,1,1,0,1,2,Dark - Not Lighted,1,Clear,No,0,0,0,None,None,None,4,2,Non-Interstate,4,Minor arterial,2,Nighttime,1,Weekday,2,Other Crash,1,Speeding Involved Crash,2,Other Crash,2,Other Crash,2,Other Crash,2,Other Crash,2,Other Crash,3,Unknown BAC Crash,2,Other Crash,2,Other Crash,1,Tribal Lands
2014040375,40375,1,1,0,2,15,MOHAVE,260,KINGMAN,23,6,2014,0,40,0,,.,15,Urban-Collector,,.,BEVERLY AVE,,99.999900000,999.999900000,0,No Special Jurisdiction,43,Other Fixed Object,0,Not a Collision with Motor Vehicle In-Transport,0,1,1,0,4,6,Dark - Unknown Lighting,99,Unknown,No,0,0,0,None,None,None,1,2,Non-Interstate,5,Collector,2,Nighttime,2,Weekend,2,Other Crash,2,Other Crash,2,Other Crash,2,Other Crash,2,Other Crash,2,Other Crash,2,Other Crash,3,Unknown BAC Crash,2,Other Crash,2,Other Crash,0,Not Tribal Lands
2014040376,40376,1,1,0,1,13,MARICOPA,0,NONE LISTED,28,6,2014,5,44,0,,.,14,Urban-Minor Arterial,,.,CR-SOUTHERN AVE,,33.391969440,-112.161613890,0,No Special Jurisdiction,43,Other Fixed Object,0,Not a Collision with Motor Vehicle In-Transport,0,1,1,0,4,4,Dawn,1,Clear,No,0,0,0,None,None,None,1,2,Non-Interstate,4,Minor arterial,2,Nighttime,2,Weekend,2,Other Crash,1,Speeding Involved Crash,2,Other Crash,2,Other Crash,2,Other Crash,2,Other Crash,2,Other Crash,1,Driver With Positive BAC Testing Crash,2,Other Crash,2,Other Crash,0,Not Tribal Lands
2014040377,40377,2,2,0,2,21,PINAL,0,NONE LISTED,3,7,2014,14,44,0,,.,4,Rural-Major Collector,,.,CR-PAPAGO RD,,32.985058330,-112.073611110,0,No Special Jurisdiction,12,Motor Vehicle In-Transport,1,Front-to-Rear,0,1,1,0,1,1,Daylight,7,"Blowing Sand, Soil, Dirt",No,0,0,0,None,None,None,1,2,Non-Interstate,5,Collector,1,Daytime,1,Weekday,1,Large Truck Involved Crash,1,Speeding Involved Crash,2,Other Crash,2,Other Crash,2,Other Crash,2,Other Crash,2,Other Crash,3,Unknown BAC Crash,2,Other Crash,2,Other Crash,0,Not Tribal Lands
2014040378,40378,2,2,0,3,13,MARICOPA,420,SCOTTSDALE,1,5,2014,22,18,1,,.,13,Urban-Other Principal Arterial,,.,SR-87,,33.460575000,-111.841711110,3,Indian Reservation,25,Concrete Traffic Barrier,0,Not a Collision with Motor Vehicle In-Transport,0,1,1,0,4,3,Dark - Lighted,1,Clear,No,0,0,0,None,None,None,1,2,Non-Interstate,3,"Principal arterial, other",2,Nighttime,1,Weekday,2,Other Crash,1,Speeding Involved Crash,2,Other Crash,2,Other Crash,2,Other Crash,2,Other Crash,2,Other Crash,3,Unknown BAC Crash,2,Other Crash,2,Other Crash,1,Tribal Lands
2014040379,40379,2,2,0,2,21,PINAL,70,CASA GRANDE,1,7,2014,8,26,0,,.,14,Urban-Minor Arterial,,.,SR-387,VAL VISTA RD,32.967502780,-111.756658330,0,No Special Jurisdiction,12,Motor Vehicle In-Transport,6,Angle,0,2,2,0,1,1,Daylight,1,Clear,No,0,0,0,None,None,None,1,2,Non-Interstate,4,Minor arterial,1,Daytime,1,Weekday,1,Large Truck Involved Crash,2,Other Crash,2,Other Crash,2,Other Crash,2,Other Crash,2,Other Crash,2,Other Crash,2,All Drivers With ZERO BAC Testing Crash,2,Other Crash,2,Other Crash,0,Not Tribal Lands
2014040380,40380,1,1,1,1,13,MARICOPA,290,MESA,11,7,2014,16,48,0,,.,13,Urban-Other Principal Arterial,,.,APACHE TRL,,33.415150000,-111.652800000,0,No Special Jurisdiction,9,Pedalcyclist,0,Not a Collision with Motor Vehicle In-Transport,0,1,1,0,1,1,Daylight,1,Clear,No,0,0,0,None,None,None,1,2,Non-Interstate,3,"Principal arterial, other",1,Daytime,1,Weekday,2,Other Crash,2,Other Crash,2,Other Crash,2,Other Crash,1,Pedalcyclist Involved Crash,1,Involving a pedacyclist fatality,2,Other Crash,2,All Drivers With ZERO BAC Testing Crash,2,Other Crash,2,Other Crash,0,Not Tribal Lands
2014040381,40381,1,1,1,1,19,PIMA,0,NONE LISTED,19,7,2014,18,40,0,,.,13,Urban-Other Principal Arterial,,.,CR-ORANGE GROVE RD,,32.324677780,-110.939861110,0,No Special Jurisdiction,8,Pedestrian,0,Not a Collision with Motor Vehicle In-Transport,0,8,1,0,1,1,Daylight,1,Clear,No,0,0,0,None,None,None,1,2,Non-Interstate,3,"Principal arterial, other",2,Nighttime,2,Weekend,2,Other Crash,2,Other Crash,1,Pedestrian Involved Crash,1,Involving a pedestrian fatality,2,Other Crash,2,Other Crash,2,Other Crash,3,Unknown BAC Crash,2,Other Crash,2,Other Crash,0,Not Tribal Lands
2014040382,40382,2,2,0,2,13,MARICOPA,0,NONE LISTED,27,7,2014,11,45,0,,.,16,Urban-Local Road or Street,,.,CLOUD RD,16TH ST,33.813680560,-112.047919440,0,No Special Jurisdiction,12,Motor Vehicle In-Transport,6,Angle,0,2,2,0,1,1,Daylight,1,Clear,No,0,0,0,None,None,None,1,2,Non-Interstate,6,Local,1,Daytime,2,Weekend,2,Other Crash,2,Other Crash,2,Other Crash,2,Other Crash,2,Other Crash,2,Other Crash,2,Other Crash,3,Unknown BAC Crash,2,Other Crash,2,Other Crash,0,Not Tribal Lands
2014040383,40383,1,1,0,2,7,GILA,0,NONE LISTED,26,7,2014,17,45,0,,.,6,Rural-Local Road or Street,,.,FOREST ROAD 29,,34.352644440,-111.156500000,0,No Special Jurisdiction,1,Rollover/Overturn,0,Not a Collision with Motor Vehicle In-Transport,0,1,1,0,4,1,Daylight,10,Cloudy,No,3,0,0,Other Maintenance or Construction-Created Conditio,None,None,1,2,Non-Interstate,6,Local,1,Daytime,2,Weekend,2,Other Crash,1,Speeding Involved Crash,2,Other Crash,2,Other Crash,2,Other Crash,2,Other Crash,2,Other Crash,3,Unknown BAC Crash,2,Other Crash,2,Other Crash,0,Not Tribal Lands
2014040384,40384,1,1,1,1,13,MARICOPA,370,PHOENIX,1,8,2014,19,58,1,,.,13,Urban-Other Principal Arterial,,.,INDIAN SCHOOL RD,11TH AVE,33.494955560,-112.086922220,0,No Special Jurisdiction,8,Pedestrian,0,Not a Collision with Motor Vehicle In-Transport,0,2,2,0,1,3,Dark - Lighted,10,Cloudy,No,0,0,0,None,None,None,1,2,Non-Interstate,3,"Principal arterial, other",2,Nighttime,2,Weekend,2,Other Crash,1,Speeding Involved Crash,1,Pedestrian Involved Crash,1,Involving a pedestrian fatality,2,Other Crash,2,Other Crash,2,Other Crash,2,All Drivers With ZERO BAC Testing Crash,2,Other Crash,2,Other Crash,0,Not Tribal Lands
2014040385,40385,1,1,0,2,7,GILA,0,NONE LISTED,1,8,2014,7,0,0,,.,3,Rural-Minor Arterial,,.,US-60,,33.745116670,-110.526683330,0,No Special Jurisdiction,1,Rollover/Overturn,0,Not a Collision with Motor Vehicle In-Transport,0,1,1,0,4,1,Daylight,10,Cloudy,No,0,0,0,None,None,None,1,2,Non-Interstate,4,Minor arterial,1,Daytime,1,Weekday,2,Other Crash,1,Speeding Involved Crash,2,Other Crash,2,Other Crash,2,Other Crash,2,Other Crash,2,Other Crash,3,Unknown BAC Crash,2,Other Crash,2,Other Crash,1,Tribal Lands
2014040386,40386,2,2,0,2,13,MARICOPA,80,CHANDLER,1,8,2014,20,10,0,,.,14,Urban-Minor Arterial,,.,GILBERT RD,GALVESTON ST,33.313680560,-111.789694440,0,No Special Jurisdiction,12,Motor Vehicle In-Transport,6,Angle,0,2,2,0,1,3,Dark - Lighted,10,Cloudy,No,0,0,0,None,None,None,1,2,Non-Interstate,4,Minor arterial,2,Nighttime,2,Weekend,2,Other Crash,2,Other Crash,2,Other Crash,2,Other Crash,2,Other Crash,2,Other Crash,2,Other Crash,2,All Drivers With ZERO BAC Testing Crash,2,Other Crash,2,Other Crash,0,Not Tribal Lands
2014040387,40387,2,2,0,2,19,PIMA,530,TUCSON,1,8,2014,23,19,1,,.,11,Urban-Principal Arterial-Interstate,,.,I-10,,32.155252780,-110.905655560,0,No Special Jurisdiction,12,Motor Vehicle In-Transport,6,Angle,1,18,1,0,1,2,Dark - Not Lighted,1,Clear,No,0,0,0,None,None,None,1,1,Interstate,1,"Interstate, principal arterial",2,Nighttime,2,Weekend,2,Other Crash,2,Other Crash,2,Other Crash,2,Other Crash,2,Other Crash,2,Other Crash,2,Other Crash,3,Unknown BAC Crash,2,Other Crash,2,Other Crash,0,Not Tribal Lands
2014040388,40388,2,2,0,2,13,MARICOPA,0,NONE LISTED,2,8,2014,7,40,0,,.,14,Urban-Minor Arterial,,.,BROADWAY RD,ELLSWORTH RD,33.407866670,-111.632708330,0,No Special Jurisdiction,12,Motor Vehicle In-Transport,1,Front-to-Rear,0,3,2,0,1,1,Daylight,10,Cloudy,No,0,0,0,None,None,None,1,2,Non-Interstate,4,Minor arterial,1,Daytime,2,Weekend,2,Other Crash,1,Speeding Involved Crash,2,Other Crash,2,Other Crash,2,Other Crash,2,Other Crash,2,Other Crash,3,Unknown BAC Crash,2,Other Crash,2,Other Crash,0,Not Tribal Lands
2014040389,40389,1,1,0,1,13,MARICOPA,370,PHOENIX,3,8,2014,6,8,0,,.,16,Urban-Local Road or Street,,.,RAIRDAN LN,,33.426897220,-112.045688890,0,No Special Jurisdiction,18,Other Object (not fixed),0,Not a Collision with Motor Vehicle In-Transport,0,1,1,0,1,3,Dark - Lighted,1,Clear,No,0,0,0,None,None,None,1,2,Non-Interstate,6,Local,1,Daytime,2,Weekend,2,Other Crash,1,Speeding Involved Crash,2,Other Crash,2,Other Crash,2,Other Crash,2,Other Crash,2,Other Crash,1,Driver With Positive BAC Testing Crash,2,Other Crash,2,Other Crash,0,Not Tribal Lands
2014040390,40390,1,1,0,1,19,PIMA,530,TUCSON,3,8,2014,7,9,0,,.,14,Urban-Minor Arterial,,.,MISSION RD,,32.166347220,-111.006094440,0,No Special Jurisdiction,33,Curb,0,Not a Collision with Motor Vehicle In-Transport,0,1,1,0,3,1,Daylight,1,Clear,No,0,0,0,None,None,None,1,2,Non-Interstate,4,Minor arterial,1,Daytime,2,Weekend,2,Other Crash,1,Speeding Involved Crash,2,Other Crash,2,Other Crash,2,Other Crash,2,Other Crash,2,Other Crash,1,Driver With Positive BAC Testing Crash,2,Other Crash,2,Other Crash,0,Not Tribal Lands
2014040391,40391,2,2,0,7,5,COCONINO,0,NONE LISTED,7,8,2014,10,45,1,,.,1,Rural-Principal Arterial-Interstate,,.,I-40,,35.158225000,-111.263663890,0,No Special Jurisdiction,12,Motor Vehicle In-Transport,99,Unknown,0,1,1,0,1,1,Daylight,1,Clear,No,0,0,0,None,None,None,4,1,Interstate,1,"Interstate, principal arterial",1,Daytime,1,Weekday,2,Other Crash,2,Other Crash,2,Other Crash,2,Other Crash,2,Other Crash,2,Other Crash,2,Other Crash,3,Unknown BAC Crash,2,Other Crash,2,Other Crash,0,Not Tribal Lands
2014040392,40392,1,1,0,1,17,NAVAJO,0,NONE LISTED,8,8,2014,11,27,1,,.,2,Rural-Principal Arterial-Other,,.,US-160,,36.823644440,-109.869258330,3,Indian Reservation,35,Embankment,0,Not a Collision with Motor Vehicle In-Transport,0,1,1,0,4,1,Daylight,1,Clear,No,0,0,0,None,None,None,1,2,Non-Interstate,3,"Principal arterial, other",1,Daytime,1,Weekday,2,Other Crash,1,Speeding Involved Crash,2,Other Crash,2,Other Crash,2,Other Crash,2,Other Crash,2,Other Crash,3,Unknown BAC Crash,2,Other Crash,2,Other Crash,1,Tribal Lands