accident_id,ST_CASE,VE_TOTAL,VE_FORMS,PEDS,PERSONS,COUNTY,county_name,CITY,city_name,DAY,MONTH,YEAR,HOUR,MINUTE,NHS,FUNC_SYS,func_sys_lit,ROAD_FNC,road_fnc_lit,RD_OWNER,rd_owner_lit,TWAY_ID,TWAY_ID2,LATITUDE,LONGITUD,SP_JUR,sp_jur_lit,HARM_EV,harm_ev_lit,MAN_COLL,man_coll_lit,RELJCT1,RELJCT2,TYP_INT,WRK_ZONE,REL_ROAD,LGT_COND,lgt_cond_lit,WEATHER,weather_lit,SCH_BUS,CF1,CF2,CF3,cf1_lit,cf2_lit,cf3_lit,FATALS,A_INTER,a_inter_lit,A_ROADFC,a_road_fc_lit,A_TOD,a_tod_lit,A_DOW,a_dow_lit,A_LT,a_lt_lit,A_SPCRA,a_spcra_lit,A_PED,a_ped_lit,A_PED_F,a_ped_f_lit,A_PEDAL,a_pedal_lit,A_PEDAL_F,a_pedal_f_lit,A_POLPUR,a_polour_lit,A_POSBAC,a_posbac_lit,A_DIST,a_dist_lit,A_DROWSY,a_drowsy_lit,INDIAN_RES,indian_res_lit
2015040181,40181,1,1,0,2,19,PIMA,530,TUCSON,3,3,2015,12,7,1,1,Interstate,,.,1,State Highway Agency,I-19 EXIT RAMP,,32.162625000,-110.983763890,0,No Special Jurisdiction,1,Rollover/Overturn,0,Not a Collision with Motor Vehicle In-Transport,1,5,1,0,4,1,Daylight,1,Clear,No,0,0,0,None,None,None,1,1,Interstate,1,"Interstate, principal arterial",1,Daytime,1,Weekday,2,Other Crash,1,Speeding Involved Crash,2,Other Crash,2,Other Crash,2,Other Crash,2,Other Crash,2,Other Crash,3,Unknown BAC Crash,1,Involving a Distracted Driver,2,Other Crash,0,Not Tribal Lands
2015040182,40182,1,1,0,1,7,GILA,0,NONE LISTED,21,3,2015,11,0,0,4,Minor Arterial,,.,1,State Highway Agency,SR-77,,33.051511110,-110.717527780,0,No Special Jurisdiction,1,Rollover/Overturn,0,Not a Collision with Motor Vehicle In-Transport,0,1,1,0,4,1,Daylight,1,Clear,No,0,0,0,None,None,None,1,2,Non-Interstate,4,Minor arterial,1,Daytime,2,Weekend,2,Other Crash,1,Speeding Involved Crash,2,Other Crash,2,Other Crash,2,Other Crash,2,Other Crash,2,Other Crash,2,All Drivers With ZERO BAC Testing Crash,2,Other Crash,2,Other Crash,0,Not Tribal Lands
2015040183,40183,1,1,0,1,13,MARICOPA,490,TEMPE,27,3,2015,1,52,1,2,Principal Arterial - Other Freeways,,.,1,State Highway Agency,US-60,,33.387641670,-111.961105560,0,No Special Jurisdiction,1,Rollover/Overturn,0,Not a Collision with Motor Vehicle In-Transport,1,19,1,0,8,3,Dark - Lighted,10,Cloudy,No,0,0,0,None,None,None,1,2,Non-Interstate,2,"Freeway and expressway, principal arterial",2,Nighttime,1,Weekday,2,Other Crash,1,Speeding Involved Crash,2,Other Crash,2,Other Crash,2,Other Crash,2,Other Crash,2,Other Crash,1,Driver With Positive BAC Testing Crash,2,Other Crash,2,Other Crash,0,Not Tribal Lands
2015040184,40184,2,2,0,2,19,PIMA,530,TUCSON,31,3,2015,16,12,1,1,Interstate,,.,1,State Highway Agency,I-10,,32.255538890,-110.997069440,0,No Special Jurisdiction,12,Motor Vehicle In-Transport,7,Sideswipe - Same Direction,0,1,1,0,1,1,Daylight,1,Clear,No,14,0,0,"Motor Vehicle struck by falling cargo,or something",None,None,1,1,Interstate,1,"Interstate, principal arterial",1,Daytime,1,Weekday,1,Large Truck Involved Crash,2,Other Crash,2,Other Crash,2,Other Crash,2,Other Crash,2,Other Crash,2,Other Crash,3,Unknown BAC Crash,1,Involving a Distracted Driver,2,Other Crash,0,Not Tribal Lands
2015040185,40185,1,1,0,2,21,PINAL,0,NONE LISTED,1,3,2015,23,24,0,7,Local,,.,2,County Highway Agency,SUN DANCE DR,,33.197875000,-111.643977780,0,No Special Jurisdiction,7,Other Non-Collision,0,Not a Collision with Motor Vehicle In-Transport,0,1,1,0,1,2,Dark - Not Lighted,10,Cloudy,No,0,0,0,None,None,None,1,2,Non-Interstate,6,Local,2,Nighttime,2,Weekend,2,Other Crash,1,Speeding Involved Crash,2,Other Crash,2,Other Crash,2,Other Crash,2,Other Crash,2,Other Crash,1,Driver With Positive BAC Testing Crash,2,Other Crash,2,Other Crash,0,Not Tribal Lands
2015040186,40186,2,2,0,4,21,PINAL,0,NONE LISTED,11,3,2015,14,44,1,1,Interstate,,.,1,State Highway Agency,I-10,,33.088755560,-111.819766670,3,Indian Reservation,12,Motor Vehicle In-Transport,7,Sideswipe - Same Direction,0,1,1,0,1,1,Daylight,1,Clear,No,0,0,0,None,None,None,1,1,Interstate,1,"Interstate, principal arterial",1,Daytime,1,Weekday,1,Large Truck Involved Crash,2,Other Crash,2,Other Crash,2,Other Crash,2,Other Crash,2,Other Crash,2,Other Crash,3,Unknown BAC Crash,2,Other Crash,2,Other Crash,1,Tribal Lands
2015040187,40187,2,2,0,3,13,MARICOPA,200,GLENDALE,9,3,2015,8,32,0,4,Minor Arterial,,.,4,City or Municipal Highway Agency,OLIVE AVE,55TH AVE,33.567502780,-112.177630560,0,No Special Jurisdiction,12,Motor Vehicle In-Transport,6,Angle,0,2,2,0,1,1,Daylight,1,Clear,No,0,0,0,None,None,None,1,2,Non-Interstate,4,Minor arterial,1,Daytime,1,Weekday,2,Other Crash,2,Other Crash,2,Other Crash,2,Other Crash,2,Other Crash,2,Other Crash,2,Other Crash,2,All Drivers With ZERO BAC Testing Crash,2,Other Crash,2,Other Crash,0,Not Tribal Lands
2015040188,40188,2,2,0,2,13,MARICOPA,0,NONE LISTED,24,3,2015,4,56,0,4,Minor Arterial,,.,2,County Highway Agency,BELOAT RD,JACKRABBIT TRL,33.362769440,-112.480116670,0,No Special Jurisdiction,12,Motor Vehicle In-Transport,6,Angle,0,2,3,0,1,2,Dark - Not Lighted,1,Clear,No,0,0,0,None,None,None,1,2,Non-Interstate,4,Minor arterial,2,Nighttime,1,Weekday,1,Large Truck Involved Crash,2,Other Crash,2,Other Crash,2,Other Crash,2,Other Crash,2,Other Crash,2,Other Crash,3,Unknown BAC Crash,2,Other Crash,2,Other Crash,0,Not Tribal Lands
2015040189,40189,1,1,0,2,25,YAVAPAI,386,PRESCOTT,26,3,2015,22,7,0,4,Minor Arterial,,.,4,City or Municipal Highway Agency,WILLIAMSON VALLEY RD,,34.578508330,-112.498619440,0,No Special Jurisdiction,33,Curb,0,Not a Collision with Motor Vehicle In-Transport,0,1,1,0,4,2,Dark - Not Lighted,1,Clear,No,0,0,0,None,None,None,1,2,Non-Interstate,4,Minor arterial,2,Nighttime,1,Weekday,2,Other Crash,1,Speeding Involved Crash,2,Other Crash,2,Other Crash,2,Other Crash,2,Other Crash,2,Other Crash,1,Driver With Positive BAC Testing Crash,2,Other Crash,2,Other Crash,0,Not Tribal Lands
2015040190,40190,1,1,1,1,13,MARICOPA,370,PHOENIX,14,3,2015,20,18,0,3,Principal Arterial - Other,,.,4,City or Municipal Highway Agency,7TH AVE,PIMA ST,33.433227780,-112.082488890,0,No Special Jurisdiction,8,Pedestrian,0,Not a Collision with Motor Vehicle In-Transport,0,3,2,0,1,6,Dark - Unknown Lighting,98,Not Reported,No,0,0,0,None,None,None,1,2,Non-Interstate,3,"Principal arterial, other",2,Nighttime,2,Weekend,2,Other Crash,2,Other Crash,1,Pedestrian Involved Crash,1,Involving a pedestrian fatality,2,Other Crash,2,Other Crash,2,Other Crash,3,Unknown BAC Crash,1,Involving a Distracted Driver,2,Other Crash,0,Not Tribal Lands
2015040191,40191,1,1,0,6,1,APACHE,0,NONE LISTED,28,3,2015,4,17,0,5,Major Collector,,.,1,State Highway Agency,US-191,,36.232144440,-109.599847220,3,Indian Reservation,35,Embankment,0,Not a Collision with Motor Vehicle In-Transport,0,1,1,0,4,6,Dark - Unknown Lighting,98,Not Reported,No,0,0,0,None,None,None,1,2,Non-Interstate,5,Collector,2,Nighttime,2,Weekend,2,Other Crash,2,Other Crash,2,Other Crash,2,Other Crash,2,Other Crash,2,Other Crash,2,Other Crash,3,Unknown BAC Crash,2,Other Crash,2,Other Crash,1,Tribal Lands
2015040192,40192,1,1,1,1,13,MARICOPA,490,TEMPE,20,3,2015,19,27,0,3,Principal Arterial - Other,,.,4,City or Municipal Highway Agency,UNIVERSITY DR,,99.999900000,999.999900000,0,No Special Jurisdiction,8,Pedestrian,0,Not a Collision with Motor Vehicle In-Transport,0,1,1,0,1,5,Dusk,10,Cloudy,No,0,0,0,None,None,None,1,2,Non-Interstate,3,"Principal arterial, other",2,Nighttime,2,Weekend,2,Other Crash,1,Speeding Involved Crash,1,Pedestrian Involved Crash,1,Involving a pedestrian fatality,2,Other Crash,2,Other Crash,2,Other Crash,3,Unknown BAC Crash,2,Other Crash,2,Other Crash,0,Not Tribal Lands
2015040193,40193,2,2,0,2,13,MARICOPA,370,PHOENIX,14,3,2015,17,50,1,3,Principal Arterial - Other,,.,4,City or Municipal Highway Agency,TATUM BLVD,DESERT COVE AVE,33.586283330,-111.977825000,0,No Special Jurisdiction,12,Motor Vehicle In-Transport,6,Angle,0,2,2,0,1,1,Daylight,1,Clear,No,0,0,0,None,None,None,1,2,Non-Interstate,3,"Principal arterial, other",1,Daytime,2,Weekend,2,Other Crash,2,Other Crash,2,Other Crash,2,Other Crash,2,Other Crash,2,Other Crash,2,Other Crash,3,Unknown BAC Crash,2,Other Crash,2,Other Crash,0,Not Tribal Lands
2015040194,40194,2,2,0,2,13,MARICOPA,370,PHOENIX,20,3,2015,17,53,1,3,Principal Arterial - Other,,.,4,City or Municipal Highway Agency,INDIAN SCHOOL RD,28TH ST,33.495025000,-112.021602780,0,No Special Jurisdiction,12,Motor Vehicle In-Transport,6,Angle,0,2,2,0,1,1,Daylight,1,Clear,No,0,0,0,None,None,None,1,2,Non-Interstate,3,"Principal arterial, other",1,Daytime,1,Weekday,2,Other Crash,2,Other Crash,2,Other Crash,2,Other Crash,2,Other Crash,2,Other Crash,2,Other Crash,1,Driver With Positive BAC Testing Crash,2,Other Crash,2,Other Crash,0,Not Tribal Lands
2015040195,40195,2,2,0,3,13,MARICOPA,370,PHOENIX,4,3,2015,18,18,0,3,Principal Arterial - Other,,.,4,City or Municipal Highway Agency,HAPPY VALLEY RD,64TH AVE,33.712255560,-112.197533330,0,No Special Jurisdiction,12,Motor Vehicle In-Transport,6,Angle,0,2,2,0,1,5,Dusk,1,Clear,No,0,0,0,None,None,None,1,2,Non-Interstate,3,"Principal arterial, other",2,Nighttime,1,Weekday,2,Other Crash,2,Other Crash,2,Other Crash,2,Other Crash,2,Other Crash,2,Other Crash,2,Other Crash,2,All Drivers With ZERO BAC Testing Crash,2,Other Crash,2,Other Crash,0,Not Tribal Lands
2015040196,40196,1,1,1,1,13,MARICOPA,370,PHOENIX,6,3,2015,13,26,0,3,Principal Arterial - Other,,.,4,City or Municipal Highway Agency,CENTRAL AVE,THOMAS RD,33.480300000,-112.073911110,0,No Special Jurisdiction,9,Pedalcyclist,0,Not a Collision with Motor Vehicle In-Transport,0,3,2,0,1,1,Daylight,99,Unknown,No,0,0,0,None,None,None,1,2,Non-Interstate,3,"Principal arterial, other",1,Daytime,1,Weekday,2,Other Crash,2,Other Crash,2,Other Crash,2,Other Crash,1,Pedalcyclist Involved Crash,1,Involving a pedacyclist fatality,2,Other Crash,3,Unknown BAC Crash,2,Other Crash,2,Other Crash,0,Not Tribal Lands
2015040197,40197,2,2,0,3,13,MARICOPA,370,PHOENIX,6,3,2015,22,46,0,4,Minor Arterial,,.,4,City or Municipal Highway Agency,BUCKEYE RD,17TH AVE,33.436744440,-112.095661110,0,No Special Jurisdiction,12,Motor Vehicle In-Transport,6,Angle,0,2,2,0,1,6,Dark - Unknown Lighting,99,Unknown,No,0,0,0,None,None,None,1,2,Non-Interstate,4,Minor arterial,2,Nighttime,2,Weekend,2,Other Crash,2,Other Crash,2,Other Crash,2,Other Crash,2,Other Crash,2,Other Crash,2,Other Crash,1,Driver With Positive BAC Testing Crash,2,Other Crash,2,Other Crash,0,Not Tribal Lands
2015040198,40198,1,1,1,1,21,PINAL,0,NONE LISTED,11,3,2015,99,99,0,7,Local,,.,98,Not Reported,HUHUKAM RD,,99.999900000,999.999900000,3,Indian Reservation,9,Pedalcyclist,0,Not a Collision with Motor Vehicle In-Transport,0,99,99,0,1,9,Unknown,99,Unknown,No,0,0,0,None,None,None,1,2,Non-Interstate,6,Local,3,Unknown,1,Weekday,2,Other Crash,2,Other Crash,2,Other Crash,2,Other Crash,1,Pedalcyclist Involved Crash,1,Involving a pedacyclist fatality,2,Other Crash,3,Unknown BAC Crash,2,Other Crash,2,Other Crash,1,Tribal Lands
2015040199,40199,1,1,0,1,13,MARICOPA,200,GLENDALE,11,3,2015,12,27,1,2,Principal Arterial - Other Freeways,,.,1,State Highway Agency,SR-101 FRONTAGE RD,,33.660388890,-112.232802780,0,No Special Jurisdiction,33,Curb,0,Not a Collision with Motor Vehicle In-Transport,0,1,1,0,4,1,Daylight,1,Clear,No,0,0,0,None,None,None,1,2,Non-Interstate,2,"Freeway and expressway, principal arterial",1,Daytime,1,Weekday,2,Other Crash,1,Speeding Involved Crash,2,Other Crash,2,Other Crash,2,Other Crash,2,Other Crash,2,Other Crash,1,Driver With Positive BAC Testing Crash,2,Other Crash,2,Other Crash,0,Not Tribal Lands
2015040200,40200,2,2,0,2,1,APACHE,0,NONE LISTED,14,3,2015,5,6,0,5,Major Collector,,.,1,State Highway Agency,US-191,,36.265711110,-109.601038890,3,Indian Reservation,12,Motor Vehicle In-Transport,2,Front-to-Front,0,1,1,0,1,2,Dark - Not Lighted,1,Clear,No,0,0,0,None,None,None,1,2,Non-Interstate,5,Collector,2,Nighttime,2,Weekend,2,Other Crash,2,Other Crash,2,Other Crash,2,Other Crash,2,Other Crash,2,Other Crash,2,Other Crash,3,Unknown BAC Crash,2,Other Crash,2,Other Crash,1,Tribal Lands
2015040202,40202,1,1,0,3,13,MARICOPA,370,PHOENIX,15,3,2015,22,16,0,4,Minor Arterial,,.,4,City or Municipal Highway Agency,91ST AVE,,33.500958330,-112.255058330,0,No Special Jurisdiction,43,Other Fixed Object,0,Not a Collision with Motor Vehicle In-Transport,0,1,1,0,4,3,Dark - Lighted,1,Clear,No,0,0,0,None,None,None,3,2,Non-Interstate,4,Minor arterial,2,Nighttime,2,Weekend,2,Other Crash,1,Speeding Involved Crash,2,Other Crash,2,Other Crash,2,Other Crash,2,Other Crash,2,Other Crash,1,Driver With Positive BAC Testing Crash,2,Other Crash,2,Other Crash,0,Not Tribal Lands
2015040203,40203,2,2,0,4,13,MARICOPA,0,NONE LISTED,15,3,2015,23,52,0,4,Minor Arterial,,.,3,Town or Township Highway Agency,OCOTILLO RD,196TH ST,33.248691670,-111.660327780,0,No Special Jurisdiction,12,Motor Vehicle In-Transport,6,Angle,0,3,2,0,1,2,Dark - Not Lighted,1,Clear,No,18,0,0,Date of Crash and Date of EMS Notification were no,None,None,1,2,Non-Interstate,4,Minor arterial,2,Nighttime,2,Weekend,2,Other Crash,1,Speeding Involved Crash,2,Other Crash,2,Other Crash,2,Other Crash,2,Other Crash,2,Other Crash,1,Driver With Positive BAC Testing Crash,2,Other Crash,2,Other Crash,0,Not Tribal Lands
2015040204,40204,1,1,1,1,13,MARICOPA,370,PHOENIX,16,3,2015,13,20,0,5,Major Collector,,.,4,City or Municipal Highway Agency,ROESER RD,,33.399558330,-112.070955560,0,No Special Jurisdiction,15,Non-Motorist on Personal Conveyance,0,Not a Collision with Motor Vehicle In-Transport,0,1,1,0,1,1,Daylight,1,Clear,No,0,0,0,None,None,None,1,2,Non-Interstate,5,Collector,1,Daytime,1,Weekday,2,Other Crash,2,Other Crash,2,Other Crash,2,Other Crash,2,Other Crash,2,Other Crash,2,Other Crash,3,Unknown BAC Crash,2,Other Crash,2,Other Crash,0,Not Tribal Lands
2015040205,40205,2,2,0,2,13,MARICOPA,200,GLENDALE,19,3,2015,1,49,0,4,Minor Arterial,,.,4,City or Municipal Highway Agency,67TH AVE,UNION HILLS DR,33.652913890,-112.203044440,0,No Special Jurisdiction,12,Motor Vehicle In-Transport,6,Angle,0,2,2,0,1,3,Dark - Lighted,2,Rain,No,0,0,0,None,None,None,1,2,Non-Interstate,4,Minor arterial,2,Nighttime,1,Weekday,2,Other Crash,1,Speeding Involved Crash,2,Other Crash,2,Other Crash,2,Other Crash,2,Other Crash,2,Other Crash,1,Driver With Positive BAC Testing Crash,2,Other Crash,2,Other Crash,0,Not Tribal Lands
2015040206,40206,3,3,0,3,13,MARICOPA,370,PHOENIX,19,3,2015,11,9,0,4,Minor Arterial,,.,4,City or Municipal Highway Agency,NORTHERN AVE,21ST AVE,33.553094440,-112.103986110,0,No Special Jurisdiction,12,Motor Vehicle In-Transport,6,Angle,0,2,3,0,1,1,Daylight,10,Cloudy,No,14,0,0,"Motor Vehicle struck by falling cargo,or something",None,None,1,2,Non-Interstate,4,Minor arterial,1,Daytime,1,Weekday,2,Other Crash,1,Speeding Involved Crash,2,Other Crash,2,Other Crash,2,Other Crash,2,Other Crash,2,Other Crash,2,All Drivers With ZERO BAC Testing Crash,2,Other Crash,2,Other Crash,0,Not Tribal Lands
2015040207,40207,2,2,0,2,13,MARICOPA,0,NONE LISTED,22,3,2015,20,4,0,4,Minor Arterial,,.,2,County Highway Agency,CR-GILBERT RD,,33.487638890,-111.787450000,3,Indian Reservation,12,Motor Vehicle In-Transport,1,Front-to-Rear,0,1,1,0,1,2,Dark - Not Lighted,98,Not Reported,No,0,0,0,None,None,None,1,2,Non-Interstate,4,Minor arterial,2,Nighttime,2,Weekend,2,Other Crash,1,Speeding Involved Crash,2,Other Crash,2,Other Crash,2,Other Crash,2,Other Crash,2,Other Crash,1,Driver With Positive BAC Testing Crash,2,Other Crash,2,Other Crash,1,Tribal Lands
2015040208,40208,1,1,1,1,13,MARICOPA,370,PHOENIX,31,3,2015,13,41,0,7,Local,,.,26,Private (other than Railroad),43RD AVE,,33.640483330,-112.151683330,0,No Special Jurisdiction,9,Pedalcyclist,0,Not a Collision with Motor Vehicle In-Transport,0,4,1,0,1,1,Daylight,1,Clear,No,0,0,0,None,None,None,1,2,Non-Interstate,6,Local,1,Daytime,1,Weekday,1,Large Truck Involved Crash,2,Other Crash,2,Other Crash,2,Other Crash,1,Pedalcyclist Involved Crash,1,Involving a pedacyclist fatality,2,Other Crash,2,All Drivers With ZERO BAC Testing Crash,2,Other Crash,2,Other Crash,0,Not Tribal Lands
2015040211,40211,2,2,0,2,19,PIMA,0,NONE LISTED,1,4,2015,14,37,0,4,Minor Arterial,,.,2,County Highway Agency,CR-NOGALES HWY,,32.040086110,-110.948658330,0,No Special Jurisdiction,12,Motor Vehicle In-Transport,2,Front-to-Front,0,1,1,0,1,1,Daylight,1,Clear,No,0,0,0,None,None,None,1,2,Non-Interstate,4,Minor arterial,1,Daytime,1,Weekday,2,Other Crash,2,Other Crash,2,Other Crash,2,Other Crash,2,Other Crash,2,Other Crash,2,Other Crash,3,Unknown BAC Crash,2,Other Crash,2,Other Crash,0,Not Tribal Lands
2015040212,40212,2,2,1,2,13,MARICOPA,370,PHOENIX,1,4,2015,19,20,0,4,Minor Arterial,,.,4,City or Municipal Highway Agency,27TH AVE,,33.497252780,-112.117044440,0,No Special Jurisdiction,8,Pedestrian,0,Not a Collision with Motor Vehicle In-Transport,0,1,1,0,1,3,Dark - Lighted,1,Clear,No,0,0,0,None,None,None,1,2,Non-Interstate,4,Minor arterial,2,Nighttime,1,Weekday,2,Other Crash,2,Other Crash,1,Pedestrian Involved Crash,1,Involving a pedestrian fatality,2,Other Crash,2,Other Crash,2,Other Crash,3,Unknown BAC Crash,2,Other Crash,2,Other Crash,0,Not Tribal Lands
2015040213,40213,1,1,0,1,13,MARICOPA,60,BUCKEYE,2,4,2015,10,15,1,3,Principal Arterial - Other,,.,1,State Highway Agency,SR-85,,33.409558330,-112.625866670,0,No Special Jurisdiction,1,Rollover/Overturn,0,Not a Collision with Motor Vehicle In-Transport,0,1,1,0,4,1,Daylight,1,Clear,No,0,0,0,None,None,None,1,2,Non-Interstate,3,"Principal arterial, other",1,Daytime,1,Weekday,2,Other Crash,1,Speeding Involved Crash,2,Other Crash,2,Other Crash,2,Other Crash,2,Other Crash,2,Other Crash,2,All Drivers With ZERO BAC Testing Crash,2,Other Crash,2,Other Crash,0,Not Tribal Lands
2015040215,40215,3,3,0,5,25,YAVAPAI,0,NONE LISTED,3,4,2015,11,30,1,3,Principal Arterial - Other,,.,1,State Highway Agency,US-93,,34.142180560,-112.977566670,0,No Special Jurisdiction,12,Motor Vehicle In-Transport,8,Sideswipe - Opposite Direction,0,1,1,0,1,1,Daylight,1,Clear,No,0,0,0,None,None,None,3,2,Non-Interstate,3,"Principal arterial, other",1,Daytime,1,Weekday,1,Large Truck Involved Crash,2,Other Crash,2,Other Crash,2,Other Crash,2,Other Crash,2,Other Crash,2,Other Crash,3,Unknown BAC Crash,2,Other Crash,2,Other Crash,0,Not Tribal Lands
2015040217,40217,1,1,0,1,21,PINAL,70,CASA GRANDE,4,4,2015,1,51,1,1,Interstate,,.,1,State Highway Agency,I-10,,32.855247220,-111.687358330,0,No Special Jurisdiction,1,Rollover/Overturn,0,Not a Collision with Motor Vehicle In-Transport,0,1,1,0,4,2,Dark - Not Lighted,1,Clear,No,0,0,0,None,None,None,1,1,Interstate,1,"Interstate, principal arterial",2,Nighttime,2,Weekend,2,Other Crash,2,Other Crash,2,Other Crash,2,Other Crash,2,Other Crash,2,Other Crash,2,Other Crash,1,Driver With Positive BAC Testing Crash,2,Other Crash,2,Other Crash,0,Not Tribal Lands
2015040218,40218,2,2,0,2,19,PIMA,530,TUCSON,5,4,2015,12,45,0,3,Principal Arterial - Other,,.,4,City or Municipal Highway Agency,1ST AVE,,32.289905560,-110.961080560,0,No Special Jurisdiction,12,Motor Vehicle In-Transport,6,Angle,0,8,1,0,1,1,Daylight,1,Clear,No,0,0,0,None,None,None,1,2,Non-Interstate,3,"Principal arterial, other",1,Daytime,2,Weekend,2,Other Crash,1,Speeding Involved Crash,2,Other Crash,2,Other Crash,2,Other Crash,2,Other Crash,2,Other Crash,2,All Drivers With ZERO BAC Testing Crash,2,Other Crash,2,Other Crash,0,Not Tribal Lands
2015040219,40219,2,2,0,3,13,MARICOPA,190,GILBERT,5,4,2015,14,52,0,4,Minor Arterial,,.,3,Town or Township Highway Agency,HIGLEY RD,,33.250291670,-111.720677780,0,No Special Jurisdiction,12,Motor Vehicle In-Transport,1,Front-to-Rear,0,1,1,0,1,1,Daylight,1,Clear,No,0,0,0,None,None,None,1,2,Non-Interstate,4,Minor arterial,1,Daytime,2,Weekend,2,Other Crash,1,Speeding Involved Crash,2,Other Crash,2,Other Crash,2,Other Crash,2,Other Crash,2,Other Crash,3,Unknown BAC Crash,2,Other Crash,2,Other Crash,0,Not Tribal Lands
2015040221,40221,2,2,0,2,17,NAVAJO,0,NONE LISTED,7,4,2015,7,15,1,3,Principal Arterial - Other,,.,1,State Highway Agency,SR-77,WHITE MOUNTAIN LAKES RD,34.359011110,-110.053322220,0,No Special Jurisdiction,12,Motor Vehicle In-Transport,6,Angle,0,2,3,0,1,1,Daylight,1,Clear,No,0,0,0,None,None,None,1,2,Non-Interstate,3,"Principal arterial, other",1,Daytime,1,Weekday,2,Other Crash,2,Other Crash,2,Other Crash,2,Other Crash,2,Other Crash,2,Other Crash,2,Other Crash,3,Unknown BAC Crash,2,Other Crash,2,Other Crash,0,Not Tribal Lands
2015040222,40222,1,1,0,1,23,SANTA CRUZ,330,NOGALES,7,4,2015,12,32,1,3,Principal Arterial - Other,,.,1,State Highway Agency,SR-19B GRAND AVE,,31.353647220,-110.928138890,0,No Special Jurisdiction,33,Curb,0,Not a Collision with Motor Vehicle In-Transport,0,1,1,0,4,1,Daylight,1,Clear,No,0,0,0,None,None,None,1,2,Non-Interstate,3,"Principal arterial, other",1,Daytime,1,Weekday,2,Other Crash,2,Other Crash,2,Other Crash,2,Other Crash,2,Other Crash,2,Other Crash,2,Other Crash,3,Unknown BAC Crash,2,Other Crash,2,Other Crash,0,Not Tribal Lands
2015040223,40223,1,1,1,3,13,MARICOPA,30,AVONDALE,7,4,2015,19,37,0,4,Minor Arterial,,.,4,City or Municipal Highway Agency,107TH AVE,,33.474458330,-112.289911110,0,No Special Jurisdiction,8,Pedestrian,0,Not a Collision with Motor Vehicle In-Transport,0,1,1,0,1,3,Dark - Lighted,1,Clear,No,0,0,0,None,None,None,1,2,Non-Interstate,4,Minor arterial,2,Nighttime,1,Weekday,2,Other Crash,2,Other Crash,1,Pedestrian Involved Crash,1,Involving a pedestrian fatality,2,Other Crash,2,Other Crash,2,Other Crash,3,Unknown BAC Crash,2,Other Crash,2,Other Crash,0,Not Tribal Lands
2015040224,40224,2,2,0,2,13,MARICOPA,490,TEMPE,9,4,2015,16,50,1,2,Principal Arterial - Other Freeways,,.,1,State Highway Agency,US-60,,33.385625000,-111.893358330,0,No Special Jurisdiction,12,Motor Vehicle In-Transport,7,Sideswipe - Same Direction,1,18,1,0,1,1,Daylight,1,Clear,No,0,0,0,None,None,None,1,2,Non-Interstate,2,"Freeway and expressway, principal arterial",1,Daytime,1,Weekday,2,Other Crash,2,Other Crash,2,Other Crash,2,Other Crash,2,Other Crash,2,Other Crash,2,Other Crash,3,Unknown BAC Crash,2,Other Crash,2,Other Crash,0,Not Tribal Lands
2015040225,40225,1,1,1,2,21,PINAL,22,APACHE JUNCTION,10,4,2015,13,14,0,5,Major Collector,,.,2,County Highway Agency,CR-MCKELLIPS BLVD,,33.451341670,-111.573519440,0,No Special Jurisdiction,9,Pedalcyclist,0,Not a Collision with Motor Vehicle In-Transport,0,1,1,0,1,1,Daylight,1,Clear,No,0,0,0,None,None,None,1,2,Non-Interstate,5,Collector,1,Daytime,1,Weekday,2,Other Crash,2,Other Crash,2,Other Crash,2,Other Crash,1,Pedalcyclist Involved Crash,1,Involving a pedacyclist fatality,2,Other Crash,3,Unknown BAC Crash,2,Other Crash,2,Other Crash,0,Not Tribal Lands
2015040226,40226,1,1,0,1,25,YAVAPAI,0,NONE LISTED,10,4,2015,13,15,1,1,Interstate,,.,1,State Highway Agency,I-17,,34.187705560,-112.132772220,0,No Special Jurisdiction,1,Rollover/Overturn,0,Not a Collision with Motor Vehicle In-Transport,0,1,1,0,4,1,Daylight,1,Clear,No,0,0,0,None,None,None,1,1,Interstate,1,"Interstate, principal arterial",1,Daytime,1,Weekday,2,Other Crash,2,Other Crash,2,Other Crash,2,Other Crash,2,Other Crash,2,Other Crash,2,Other Crash,3,Unknown BAC Crash,2,Other Crash,2,Other Crash,0,Not Tribal Lands
2015040227,40227,1,1,1,1,13,MARICOPA,290,MESA,11,4,2015,9,54,0,3,Principal Arterial - Other,,.,4,City or Municipal Highway Agency,ALMA SCHOOL RD,BROADWAY RD,33.407638890,-111.856702780,0,No Special Jurisdiction,9,Pedalcyclist,0,Not a Collision with Motor Vehicle In-Transport,0,2,2,0,1,1,Daylight,1,Clear,No,0,0,0,None,None,None,1,2,Non-Interstate,3,"Principal arterial, other",1,Daytime,2,Weekend,2,Other Crash,2,Other Crash,2,Other Crash,2,Other Crash,1,Pedalcyclist Involved Crash,1,Involving a pedacyclist fatality,2,Other Crash,3,Unknown BAC Crash,2,Other Crash,2,Other Crash,0,Not Tribal Lands