accident_id,ST_CASE,VE_TOTAL,VE_FORMS,PEDS,PERSONS,COUNTY,county_name,CITY,city_name,DAY,MONTH,YEAR,HOUR,MINUTE,NHS,FUNC_SYS,func_sys_lit,ROAD_FNC,road_fnc_lit,RD_OWNER,rd_owner_lit,TWAY_ID,TWAY_ID2,LATITUDE,LONGITUD,SP_JUR,sp_jur_lit,HARM_EV,harm_ev_lit,MAN_COLL,man_coll_lit,RELJCT1,RELJCT2,TYP_INT,WRK_ZONE,REL_ROAD,LGT_COND,lgt_cond_lit,WEATHER,weather_lit,SCH_BUS,CF1,CF2,CF3,cf1_lit,cf2_lit,cf3_lit,FATALS,A_INTER,a_inter_lit,A_ROADFC,a_road_fc_lit,A_TOD,a_tod_lit,A_DOW,a_dow_lit,A_LT,a_lt_lit,A_SPCRA,a_spcra_lit,A_PED,a_ped_lit,A_PED_F,a_ped_f_lit,A_PEDAL,a_pedal_lit,A_PEDAL_F,a_pedal_f_lit,A_POLPUR,a_polour_lit,A_POSBAC,a_posbac_lit,A_DIST,a_dist_lit,A_DROWSY,a_drowsy_lit,INDIAN_RES,indian_res_lit
2015040692,40692,1,1,0,1,5,COCONINO,0,NONE LISTED,16,11,2015,17,18,1,1,Interstate,,.,1,State Highway Agency,I-40,,35.201763890,-111.447236110,0,No Special Jurisdiction,1,Rollover/Overturn,0,Not a Collision with Motor Vehicle In-Transport,0,1,1,0,4,5,Dusk,10,Cloudy,No,0,0,0,None,None,None,1,1,Interstate,1,"Interstate, principal arterial",1,Daytime,1,Weekday,2,Other Crash,2,Other Crash,2,Other Crash,2,Other Crash,2,Other Crash,2,Other Crash,2,Other Crash,1,Driver With Positive BAC Testing Crash,2,Other Crash,2,Other Crash,0,Not Tribal Lands
2015040693,40693,3,3,0,3,25,YAVAPAI,0,NONE LISTED,17,11,2015,17,30,0,4,Minor Arterial,,.,1,State Highway Agency,SR-169,,34.530547220,-112.113119440,0,No Special Jurisdiction,12,Motor Vehicle In-Transport,2,Front-to-Front,0,1,1,0,1,5,Dusk,1,Clear,No,0,0,0,None,None,None,1,2,Non-Interstate,4,Minor arterial,1,Daytime,1,Weekday,2,Other Crash,2,Other Crash,2,Other Crash,2,Other Crash,2,Other Crash,2,Other Crash,2,Other Crash,3,Unknown BAC Crash,2,Other Crash,2,Other Crash,0,Not Tribal Lands
2015040694,40694,2,2,0,2,19,PIMA,530,TUCSON,18,11,2015,1,14,1,1,Interstate,,.,1,State Highway Agency,I-10,,32.229058330,-110.982422220,0,No Special Jurisdiction,12,Motor Vehicle In-Transport,2,Front-to-Front,0,1,1,0,1,3,Dark - Lighted,1,Clear,No,0,0,0,None,None,None,1,1,Interstate,1,"Interstate, principal arterial",2,Nighttime,1,Weekday,1,Large Truck Involved Crash,2,Other Crash,2,Other Crash,2,Other Crash,2,Other Crash,2,Other Crash,2,Other Crash,1,Driver With Positive BAC Testing Crash,2,Other Crash,2,Other Crash,0,Not Tribal Lands
2015040695,40695,1,1,0,1,13,MARICOPA,290,MESA,18,11,2015,13,53,1,2,Principal Arterial - Other Freeways,,.,1,State Highway Agency,US-60,,33.386508330,-111.645702780,0,No Special Jurisdiction,25,Concrete Traffic Barrier,0,Not a Collision with Motor Vehicle In-Transport,1,19,1,0,4,1,Daylight,1,Clear,No,0,0,0,None,None,None,1,2,Non-Interstate,2,"Freeway and expressway, principal arterial",1,Daytime,1,Weekday,2,Other Crash,2,Other Crash,2,Other Crash,2,Other Crash,2,Other Crash,2,Other Crash,2,Other Crash,1,Driver With Positive BAC Testing Crash,2,Other Crash,2,Other Crash,0,Not Tribal Lands
2015040696,40696,6,6,0,6,19,PIMA,530,TUCSON,20,11,2015,13,1,0,3,Principal Arterial - Other,,.,4,City or Municipal Highway Agency,GRANT RD,FAIRVIEW AVE,32.250369440,-110.986508330,0,No Special Jurisdiction,12,Motor Vehicle In-Transport,6,Angle,0,2,2,0,1,1,Daylight,1,Clear,No,0,0,0,None,None,None,1,2,Non-Interstate,3,"Principal arterial, other",1,Daytime,1,Weekday,2,Other Crash,2,Other Crash,2,Other Crash,2,Other Crash,2,Other Crash,2,Other Crash,2,Other Crash,3,Unknown BAC Crash,2,Other Crash,2,Other Crash,0,Not Tribal Lands
2015040697,40697,2,2,0,2,17,NAVAJO,240,HOLBROOK,21,11,2015,0,37,1,1,Interstate,,.,1,State Highway Agency,I-40,,34.926258330,-110.135102780,0,No Special Jurisdiction,12,Motor Vehicle In-Transport,6,Angle,0,1,1,0,1,2,Dark - Not Lighted,1,Clear,No,0,0,0,None,None,None,1,1,Interstate,1,"Interstate, principal arterial",2,Nighttime,2,Weekend,1,Large Truck Involved Crash,2,Other Crash,2,Other Crash,2,Other Crash,2,Other Crash,2,Other Crash,2,Other Crash,1,Driver With Positive BAC Testing Crash,2,Other Crash,2,Other Crash,0,Not Tribal Lands
2015040698,40698,1,1,0,1,12,LA PAZ,55,BOUSE,21,11,2015,19,56,0,7,Local,,.,98,Not Reported,JOSHUA DR,,33.913483330,-113.991580560,0,No Special Jurisdiction,59,Traffic Sign Support,0,Not a Collision with Motor Vehicle In-Transport,0,1,1,0,4,3,Dark - Lighted,1,Clear,No,0,0,0,None,None,None,1,2,Non-Interstate,6,Local,2,Nighttime,2,Weekend,2,Other Crash,1,Speeding Involved Crash,2,Other Crash,2,Other Crash,2,Other Crash,2,Other Crash,2,Other Crash,1,Driver With Positive BAC Testing Crash,2,Other Crash,2,Other Crash,0,Not Tribal Lands
2015040699,40699,2,2,0,3,13,MARICOPA,220,GOODYEAR,23,11,2015,16,31,0,7,Local,,.,98,Not Reported,157TH LN,PORTLAND ST,33.458566670,-112.398463890,0,No Special Jurisdiction,1,Rollover/Overturn,0,Not a Collision with Motor Vehicle In-Transport,0,3,10,0,1,1,Daylight,1,Clear,No,14,0,0,"Motor Vehicle struck by falling cargo,or something",None,None,1,2,Non-Interstate,6,Local,1,Daytime,1,Weekday,2,Other Crash,1,Speeding Involved Crash,2,Other Crash,2,Other Crash,2,Other Crash,2,Other Crash,2,Other Crash,1,Driver With Positive BAC Testing Crash,2,Other Crash,2,Other Crash,0,Not Tribal Lands
2015040701,40701,1,1,1,1,12,LA PAZ,413,SALOME,24,11,2015,18,35,0,6,Minor Collector,,.,2,County Highway Agency,CR-HARQUAHALA RD,,33.775738890,-113.610350000,0,No Special Jurisdiction,9,Pedalcyclist,0,Not a Collision with Motor Vehicle In-Transport,0,1,1,0,1,2,Dark - Not Lighted,10,Cloudy,No,0,0,0,None,None,None,1,2,Non-Interstate,5,Collector,2,Nighttime,1,Weekday,2,Other Crash,2,Other Crash,2,Other Crash,2,Other Crash,1,Pedalcyclist Involved Crash,1,Involving a pedacyclist fatality,2,Other Crash,3,Unknown BAC Crash,1,Involving a Distracted Driver,2,Other Crash,0,Not Tribal Lands
2015040702,40702,2,2,0,3,17,NAVAJO,240,HOLBROOK,29,11,2015,12,49,1,1,Interstate,,.,1,State Highway Agency,I-40,,34.930094440,-110.132697220,0,No Special Jurisdiction,12,Motor Vehicle In-Transport,6,Angle,0,1,1,0,1,1,Daylight,10,Cloudy,No,0,0,0,None,None,None,2,1,Interstate,1,"Interstate, principal arterial",1,Daytime,2,Weekend,1,Large Truck Involved Crash,2,Other Crash,2,Other Crash,2,Other Crash,2,Other Crash,2,Other Crash,2,Other Crash,3,Unknown BAC Crash,2,Other Crash,2,Other Crash,0,Not Tribal Lands
2015040703,40703,1,1,0,1,25,YAVAPAI,0,NONE LISTED,30,11,2015,22,30,1,3,Principal Arterial - Other,,.,1,State Highway Agency,SR-89A,,34.836608330,-111.888536110,0,No Special Jurisdiction,1,Rollover/Overturn,0,Not a Collision with Motor Vehicle In-Transport,0,1,1,0,1,2,Dark - Not Lighted,1,Clear,No,0,0,0,None,None,None,1,2,Non-Interstate,3,"Principal arterial, other",2,Nighttime,1,Weekday,2,Other Crash,1,Speeding Involved Crash,2,Other Crash,2,Other Crash,2,Other Crash,2,Other Crash,2,Other Crash,1,Driver With Positive BAC Testing Crash,2,Other Crash,2,Other Crash,0,Not Tribal Lands
2015040705,40705,1,1,0,1,19,PIMA,530,TUCSON,17,10,2015,19,58,0,3,Principal Arterial - Other,,.,4,City or Municipal Highway Agency,MISSION RD,,32.187069440,-111.001669440,0,No Special Jurisdiction,33,Curb,0,Not a Collision with Motor Vehicle In-Transport,0,1,1,0,3,3,Dark - Lighted,2,Rain,No,0,0,0,None,None,None,1,2,Non-Interstate,3,"Principal arterial, other",2,Nighttime,2,Weekend,2,Other Crash,1,Speeding Involved Crash,2,Other Crash,2,Other Crash,2,Other Crash,2,Other Crash,2,Other Crash,3,Unknown BAC Crash,2,Other Crash,2,Other Crash,0,Not Tribal Lands
2015040706,40706,1,1,0,1,13,MARICOPA,370,PHOENIX,18,10,2015,13,28,0,7,Local,,.,98,Not Reported,CHARLESTON AVE,,33.648566670,-112.070075000,0,No Special Jurisdiction,33,Curb,0,Not a Collision with Motor Vehicle In-Transport,0,1,1,0,4,1,Daylight,1,Clear,No,0,0,0,None,None,None,1,2,Non-Interstate,6,Local,1,Daytime,2,Weekend,2,Other Crash,2,Other Crash,2,Other Crash,2,Other Crash,2,Other Crash,2,Other Crash,2,Other Crash,2,All Drivers With ZERO BAC Testing Crash,2,Other Crash,2,Other Crash,0,Not Tribal Lands
2015040707,40707,2,2,0,2,13,MARICOPA,370,PHOENIX,11,11,2015,11,25,0,4,Minor Arterial,,.,4,City or Municipal Highway Agency,UNION HILLS DR,41ST AVE,33.654600000,-112.147558330,0,No Special Jurisdiction,12,Motor Vehicle In-Transport,6,Angle,0,2,3,0,1,1,Daylight,1,Clear,No,0,0,0,None,None,None,1,2,Non-Interstate,4,Minor arterial,1,Daytime,1,Weekday,2,Other Crash,1,Speeding Involved Crash,2,Other Crash,2,Other Crash,2,Other Crash,2,Other Crash,2,Other Crash,1,Driver With Positive BAC Testing Crash,2,Other Crash,2,Other Crash,0,Not Tribal Lands
2015040708,40708,4,4,0,4,13,MARICOPA,370,PHOENIX,26,10,2015,18,27,0,4,Minor Arterial,,.,4,City or Municipal Highway Agency,CACTUS RD,35TH AVE,33.596413890,-112.132630560,0,No Special Jurisdiction,12,Motor Vehicle In-Transport,1,Front-to-Rear,0,3,2,0,1,3,Dark - Lighted,1,Clear,No,0,0,0,None,None,None,1,2,Non-Interstate,4,Minor arterial,2,Nighttime,1,Weekday,2,Other Crash,1,Speeding Involved Crash,2,Other Crash,2,Other Crash,2,Other Crash,2,Other Crash,2,Other Crash,3,Unknown BAC Crash,1,Involving a Distracted Driver,2,Other Crash,0,Not Tribal Lands
2015040709,40709,2,2,0,2,13,MARICOPA,370,PHOENIX,30,10,2015,19,3,0,4,Minor Arterial,,.,4,City or Municipal Highway Agency,NORTHERN AVE,12TH ST,33.553025000,-112.056594440,0,No Special Jurisdiction,12,Motor Vehicle In-Transport,6,Angle,0,2,2,0,1,3,Dark - Lighted,1,Clear,No,0,0,0,None,None,None,1,2,Non-Interstate,4,Minor arterial,2,Nighttime,2,Weekend,2,Other Crash,2,Other Crash,2,Other Crash,2,Other Crash,2,Other Crash,2,Other Crash,2,Other Crash,3,Unknown BAC Crash,2,Other Crash,2,Other Crash,0,Not Tribal Lands
2015040710,40710,2,2,0,2,13,MARICOPA,370,PHOENIX,1,10,2015,14,1,0,3,Principal Arterial - Other,,.,4,City or Municipal Highway Agency,GLENDALE AVE,35TH AVE,33.538533330,-112.134344440,0,No Special Jurisdiction,12,Motor Vehicle In-Transport,6,Angle,0,2,2,0,1,1,Daylight,1,Clear,No,0,0,0,None,None,None,1,2,Non-Interstate,3,"Principal arterial, other",1,Daytime,1,Weekday,2,Other Crash,2,Other Crash,2,Other Crash,2,Other Crash,2,Other Crash,2,Other Crash,2,Other Crash,1,Driver With Positive BAC Testing Crash,2,Other Crash,2,Other Crash,0,Not Tribal Lands
2015040711,40711,1,1,0,5,13,MARICOPA,200,GLENDALE,2,10,2015,1,21,0,4,Minor Arterial,,.,4,City or Municipal Highway Agency,75TH AVE,ROSE GARDEN LN,33.672352780,-112.220472220,0,No Special Jurisdiction,5,Fell/Jumped from Vehicle,0,Not a Collision with Motor Vehicle In-Transport,0,1,1,0,1,3,Dark - Lighted,1,Clear,No,0,0,0,None,None,None,1,2,Non-Interstate,4,Minor arterial,2,Nighttime,1,Weekday,2,Other Crash,2,Other Crash,2,Other Crash,2,Other Crash,2,Other Crash,2,Other Crash,2,Other Crash,2,All Drivers With ZERO BAC Testing Crash,2,Other Crash,2,Other Crash,0,Not Tribal Lands
2015040712,40712,1,1,0,1,13,MARICOPA,370,PHOENIX,4,10,2015,7,57,0,4,Minor Arterial,,.,4,City or Municipal Highway Agency,BROADWAY RD,,33.406819440,-112.054461110,0,No Special Jurisdiction,33,Curb,0,Not a Collision with Motor Vehicle In-Transport,0,1,1,0,4,1,Daylight,10,Cloudy,No,0,0,0,None,None,None,1,2,Non-Interstate,4,Minor arterial,1,Daytime,2,Weekend,2,Other Crash,1,Speeding Involved Crash,2,Other Crash,2,Other Crash,2,Other Crash,2,Other Crash,2,Other Crash,1,Driver With Positive BAC Testing Crash,2,Other Crash,2,Other Crash,0,Not Tribal Lands
2015040713,40713,1,1,0,1,17,NAVAJO,0,NONE LISTED,5,10,2015,8,9,0,4,Minor Arterial,,.,1,State Highway Agency,SR-73,,33.940491670,-109.934491670,3,Indian Reservation,1,Rollover/Overturn,0,Not a Collision with Motor Vehicle In-Transport,0,1,1,0,4,1,Daylight,10,Cloudy,No,0,0,0,None,None,None,1,2,Non-Interstate,4,Minor arterial,1,Daytime,1,Weekday,2,Other Crash,2,Other Crash,2,Other Crash,2,Other Crash,2,Other Crash,2,Other Crash,2,Other Crash,3,Unknown BAC Crash,2,Other Crash,2,Other Crash,1,Tribal Lands
2015040714,40714,1,1,1,1,13,MARICOPA,370,PHOENIX,6,10,2015,19,0,0,4,Minor Arterial,,.,4,City or Municipal Highway Agency,43RD AVE,,33.501627780,-112.151641670,0,No Special Jurisdiction,8,Pedestrian,0,Not a Collision with Motor Vehicle In-Transport,0,1,1,0,1,3,Dark - Lighted,10,Cloudy,No,0,0,0,None,None,None,1,2,Non-Interstate,4,Minor arterial,2,Nighttime,1,Weekday,2,Other Crash,2,Other Crash,1,Pedestrian Involved Crash,1,Involving a pedestrian fatality,2,Other Crash,2,Other Crash,2,Other Crash,2,All Drivers With ZERO BAC Testing Crash,2,Other Crash,2,Other Crash,0,Not Tribal Lands
2015040715,40715,1,1,1,1,13,MARICOPA,370,PHOENIX,7,10,2015,5,4,0,3,Principal Arterial - Other,,.,4,City or Municipal Highway Agency,CAMELBACK RD,27TH AVE,33.509447220,-112.116922220,0,No Special Jurisdiction,8,Pedestrian,0,Not a Collision with Motor Vehicle In-Transport,0,3,2,0,1,9,Unknown,99,Unknown,No,0,0,0,None,None,None,1,2,Non-Interstate,3,"Principal arterial, other",2,Nighttime,1,Weekday,2,Other Crash,2,Other Crash,1,Pedestrian Involved Crash,1,Involving a pedestrian fatality,2,Other Crash,2,Other Crash,2,Other Crash,3,Unknown BAC Crash,2,Other Crash,2,Other Crash,0,Not Tribal Lands
2015040716,40716,1,1,0,1,15,MOHAVE,0,NONE LISTED,12,10,2015,16,58,0,7,Local,,.,2,County Highway Agency,CR-MOUNT TRUMBALL LOOP RD,,36.956061110,-113.555380560,0,No Special Jurisdiction,1,Rollover/Overturn,0,Not a Collision with Motor Vehicle In-Transport,0,1,1,0,4,5,Dusk,1,Clear,No,0,0,0,None,None,None,1,2,Non-Interstate,6,Local,1,Daytime,1,Weekday,2,Other Crash,2,Other Crash,2,Other Crash,2,Other Crash,2,Other Crash,2,Other Crash,2,Other Crash,1,Driver With Positive BAC Testing Crash,2,Other Crash,2,Other Crash,0,Not Tribal Lands
2015040717,40717,1,1,0,3,13,MARICOPA,370,PHOENIX,14,10,2015,2,6,0,7,Local,,.,98,Not Reported,NEZ PERCE ST,65TH GLEN,33.432213890,-112.201169440,0,No Special Jurisdiction,38,Fence,0,Not a Collision with Motor Vehicle In-Transport,0,3,3,0,4,6,Dark - Unknown Lighting,99,Unknown,No,20,0,0,Police Pursuit Involved,None,None,1,2,Non-Interstate,6,Local,2,Nighttime,1,Weekday,2,Other Crash,2,Other Crash,2,Other Crash,2,Other Crash,2,Other Crash,2,Other Crash,1,Police Pursuit Involved Crash,2,All Drivers With ZERO BAC Testing Crash,2,Other Crash,2,Other Crash,0,Not Tribal Lands
2015040718,40718,1,1,0,3,1,APACHE,0,NONE LISTED,14,10,2015,17,0,0,7,Local,,.,98,Not Reported,HORSESHOE CIR,,99.999900000,999.999900000,3,Indian Reservation,1,Rollover/Overturn,0,Not a Collision with Motor Vehicle In-Transport,0,99,99,0,99,1,Daylight,99,Unknown,No,0,0,0,None,None,None,2,2,Non-Interstate,6,Local,1,Daytime,1,Weekday,2,Other Crash,2,Other Crash,2,Other Crash,2,Other Crash,2,Other Crash,2,Other Crash,2,Other Crash,2,All Drivers With ZERO BAC Testing Crash,2,Other Crash,2,Other Crash,1,Tribal Lands
2015040720,40720,1,1,1,1,13,MARICOPA,370,PHOENIX,18,10,2015,18,20,0,4,Minor Arterial,,.,4,City or Municipal Highway Agency,BETHANY HOME RD,,33.524127780,-112.102950000,0,No Special Jurisdiction,8,Pedestrian,0,Not a Collision with Motor Vehicle In-Transport,0,1,1,0,1,3,Dark - Lighted,1,Clear,No,0,0,0,None,None,None,1,2,Non-Interstate,4,Minor arterial,2,Nighttime,2,Weekend,2,Other Crash,2,Other Crash,1,Pedestrian Involved Crash,1,Involving a pedestrian fatality,2,Other Crash,2,Other Crash,2,Other Crash,3,Unknown BAC Crash,2,Other Crash,2,Other Crash,0,Not Tribal Lands
2015040721,40721,1,1,1,1,13,MARICOPA,0,NONE LISTED,20,10,2015,2,0,0,3,Principal Arterial - Other,,.,2,County Highway Agency,CR-MCKELLIPS RD,,33.451344440,-111.896241670,3,Indian Reservation,8,Pedestrian,0,Not a Collision with Motor Vehicle In-Transport,0,1,1,0,1,6,Dark - Unknown Lighting,99,Unknown,No,0,0,0,None,None,None,1,2,Non-Interstate,3,"Principal arterial, other",2,Nighttime,1,Weekday,2,Other Crash,2,Other Crash,1,Pedestrian Involved Crash,1,Involving a pedestrian fatality,2,Other Crash,2,Other Crash,2,Other Crash,3,Unknown BAC Crash,2,Other Crash,2,Other Crash,1,Tribal Lands
2015040722,40722,1,1,1,1,13,MARICOPA,370,PHOENIX,20,10,2015,23,19,0,3,Principal Arterial - Other,,.,4,City or Municipal Highway Agency,19TH AVE,,99.999900000,999.999900000,0,No Special Jurisdiction,8,Pedestrian,0,Not a Collision with Motor Vehicle In-Transport,0,1,1,0,4,6,Dark - Unknown Lighting,99,Unknown,No,0,0,0,None,None,None,1,2,Non-Interstate,3,"Principal arterial, other",2,Nighttime,1,Weekday,2,Other Crash,2,Other Crash,1,Pedestrian Involved Crash,1,Involving a pedestrian fatality,2,Other Crash,2,Other Crash,2,Other Crash,3,Unknown BAC Crash,2,Other Crash,2,Other Crash,0,Not Tribal Lands
2015040723,40723,2,2,0,4,9,GRAHAM,0,NONE LISTED,22,10,2015,22,17,0,4,Minor Arterial,,.,1,State Highway Agency,US-70,,33.098805560,-110.077894440,3,Indian Reservation,12,Motor Vehicle In-Transport,99,Unknown,0,99,99,0,99,6,Dark - Unknown Lighting,99,Unknown,No,0,0,0,None,None,None,2,2,Non-Interstate,4,Minor arterial,2,Nighttime,1,Weekday,2,Other Crash,2,Other Crash,2,Other Crash,2,Other Crash,2,Other Crash,2,Other Crash,2,Other Crash,3,Unknown BAC Crash,2,Other Crash,2,Other Crash,1,Tribal Lands
2015040724,40724,2,2,0,2,13,MARICOPA,370,PHOENIX,23,10,2015,16,4,0,4,Minor Arterial,,.,4,City or Municipal Highway Agency,NORTHERN AVE,23RD AVE,33.553122220,-112.108305560,0,No Special Jurisdiction,12,Motor Vehicle In-Transport,6,Angle,0,2,2,0,1,1,Daylight,1,Clear,No,14,0,0,"Motor Vehicle struck by falling cargo,or something",None,None,1,2,Non-Interstate,4,Minor arterial,1,Daytime,1,Weekday,2,Other Crash,2,Other Crash,2,Other Crash,2,Other Crash,2,Other Crash,2,Other Crash,2,Other Crash,3,Unknown BAC Crash,2,Other Crash,2,Other Crash,0,Not Tribal Lands
2015040725,40725,1,1,0,2,25,YAVAPAI,0,NONE LISTED,26,10,2015,14,15,0,7,Local,,.,98,Not Reported,RED ROCK LN,MINGUS DR,34.311586110,-112.100361110,0,No Special Jurisdiction,5,Fell/Jumped from Vehicle,0,Not a Collision with Motor Vehicle In-Transport,0,2,3,0,1,1,Daylight,1,Clear,No,0,0,0,None,None,None,1,2,Non-Interstate,6,Local,1,Daytime,1,Weekday,2,Other Crash,2,Other Crash,2,Other Crash,2,Other Crash,2,Other Crash,2,Other Crash,2,Other Crash,1,Driver With Positive BAC Testing Crash,2,Other Crash,2,Other Crash,0,Not Tribal Lands
2015040726,40726,3,1,1,1,13,MARICOPA,370,PHOENIX,29,10,2015,23,53,0,3,Principal Arterial - Other,,.,4,City or Municipal Highway Agency,35TH AVE,,99.999900000,999.999900000,0,No Special Jurisdiction,9,Pedalcyclist,0,Not a Collision with Motor Vehicle In-Transport,0,1,1,0,4,6,Dark - Unknown Lighting,99,Unknown,No,0,0,0,None,None,None,1,2,Non-Interstate,3,"Principal arterial, other",2,Nighttime,1,Weekday,2,Other Crash,2,Other Crash,2,Other Crash,2,Other Crash,1,Pedalcyclist Involved Crash,1,Involving a pedacyclist fatality,2,Other Crash,3,Unknown BAC Crash,2,Other Crash,2,Other Crash,0,Not Tribal Lands
2015040727,40727,3,3,0,6,13,MARICOPA,370,PHOENIX,30,10,2015,4,35,1,3,Principal Arterial - Other,,.,4,City or Municipal Highway Agency,51ST AVE,CRITTENDEN LN,33.488530560,-112.168913890,0,No Special Jurisdiction,12,Motor Vehicle In-Transport,6,Angle,0,2,2,0,1,6,Dark - Unknown Lighting,99,Unknown,No,0,0,0,None,None,None,1,2,Non-Interstate,3,"Principal arterial, other",2,Nighttime,1,Weekday,2,Other Crash,2,Other Crash,2,Other Crash,2,Other Crash,2,Other Crash,2,Other Crash,2,Other Crash,3,Unknown BAC Crash,2,Other Crash,2,Other Crash,0,Not Tribal Lands
2015040728,40728,1,1,1,3,13,MARICOPA,370,PHOENIX,30,10,2015,22,22,1,3,Principal Arterial - Other,,.,4,City or Municipal Highway Agency,BELL RD,,33.640508330,-112.018500000,0,No Special Jurisdiction,8,Pedestrian,0,Not a Collision with Motor Vehicle In-Transport,0,1,1,0,1,3,Dark - Lighted,1,Clear,No,0,0,0,None,None,None,1,2,Non-Interstate,3,"Principal arterial, other",2,Nighttime,2,Weekend,2,Other Crash,2,Other Crash,1,Pedestrian Involved Crash,1,Involving a pedestrian fatality,2,Other Crash,2,Other Crash,2,Other Crash,1,Driver With Positive BAC Testing Crash,2,Other Crash,2,Other Crash,0,Not Tribal Lands
2015040729,40729,2,2,0,4,25,YAVAPAI,0,NONE LISTED,15,11,2015,22,48,1,3,Principal Arterial - Other,,.,1,State Highway Agency,US-93,,34.141625000,-112.976772220,0,No Special Jurisdiction,12,Motor Vehicle In-Transport,6,Angle,0,1,1,0,1,2,Dark - Not Lighted,10,Cloudy,No,0,0,0,None,None,None,1,2,Non-Interstate,3,"Principal arterial, other",2,Nighttime,2,Weekend,1,Large Truck Involved Crash,2,Other Crash,2,Other Crash,2,Other Crash,2,Other Crash,2,Other Crash,2,Other Crash,3,Unknown BAC Crash,2,Other Crash,2,Other Crash,0,Not Tribal Lands
2015040730,40730,1,1,0,1,13,MARICOPA,0,NONE LISTED,24,9,2015,4,39,1,3,Principal Arterial - Other,,.,1,State Highway Agency,SR-101,,33.483202780,-111.889466670,3,Indian Reservation,20,Impact Attenuator/Crash Cushion,0,Not a Collision with Motor Vehicle In-Transport,1,19,1,1,8,3,Dark - Lighted,1,Clear,No,0,0,0,None,None,None,1,2,Non-Interstate,3,"Principal arterial, other",2,Nighttime,1,Weekday,2,Other Crash,2,Other Crash,2,Other Crash,2,Other Crash,2,Other Crash,2,Other Crash,2,Other Crash,2,All Drivers With ZERO BAC Testing Crash,2,Other Crash,2,Other Crash,1,Tribal Lands
2015040731,40731,2,2,0,2,13,MARICOPA,80,CHANDLER,19,11,2015,15,34,0,3,Principal Arterial - Other,,.,4,City or Municipal Highway Agency,PECOS RD,,33.291447220,-111.839544440,0,No Special Jurisdiction,12,Motor Vehicle In-Transport,6,Angle,0,8,1,0,1,1,Daylight,1,Clear,No,0,0,0,None,None,None,1,2,Non-Interstate,3,"Principal arterial, other",1,Daytime,1,Weekday,2,Other Crash,2,Other Crash,2,Other Crash,2,Other Crash,2,Other Crash,2,Other Crash,2,Other Crash,3,Unknown BAC Crash,2,Other Crash,2,Other Crash,0,Not Tribal Lands
2015040732,40732,2,2,0,2,3,COCHISE,0,NONE LISTED,23,11,2015,5,12,0,5,Major Collector,,.,1,State Highway Agency,US-191,KANSAS SETTLEMENT RD,31.905466670,-109.762722220,0,No Special Jurisdiction,12,Motor Vehicle In-Transport,6,Angle,0,2,3,0,1,2,Dark - Not Lighted,1,Clear,No,0,0,0,None,None,None,1,2,Non-Interstate,5,Collector,2,Nighttime,2,Weekend,2,Other Crash,2,Other Crash,2,Other Crash,2,Other Crash,2,Other Crash,2,Other Crash,2,Other Crash,3,Unknown BAC Crash,2,Other Crash,2,Other Crash,0,Not Tribal Lands
2015040733,40733,1,1,0,1,27,YUMA,0,NONE LISTED,29,11,2015,3,10,0,7,Local,,.,98,Not Reported,UNAMED DIRT RD,COUNTY 8TH ST,32.708463890,-113.949152780,0,No Special Jurisdiction,35,Embankment,0,Not a Collision with Motor Vehicle In-Transport,0,3,3,0,4,2,Dark - Not Lighted,1,Clear,No,0,0,0,None,None,None,1,2,Non-Interstate,6,Local,2,Nighttime,2,Weekend,2,Other Crash,1,Speeding Involved Crash,2,Other Crash,2,Other Crash,2,Other Crash,2,Other Crash,2,Other Crash,1,Driver With Positive BAC Testing Crash,2,Other Crash,2,Other Crash,0,Not Tribal Lands
2015040734,40734,2,2,0,2,3,COCHISE,431,SIERRA VISTA,16,11,2015,6,56,1,3,Principal Arterial - Other,,.,1,State Highway Agency,SR-90,CORONADO DR,31.569433330,-110.274388890,0,No Special Jurisdiction,12,Motor Vehicle In-Transport,1,Front-to-Rear,0,3,2,0,1,4,Dawn,10,Cloudy,No,0,0,0,None,None,None,1,2,Non-Interstate,3,"Principal arterial, other",1,Daytime,1,Weekday,2,Other Crash,1,Speeding Involved Crash,2,Other Crash,2,Other Crash,2,Other Crash,2,Other Crash,2,Other Crash,3,Unknown BAC Crash,2,Other Crash,1,Involving a Drowsy Driver,0,Not Tribal Lands
2015040735,40735,2,2,0,2,13,MARICOPA,0,NONE LISTED,28,11,2015,9,16,1,3,Principal Arterial - Other,,.,1,State Highway Agency,SR-87,,33.706661110,-111.505863890,0,No Special Jurisdiction,52,Guardrail End,0,Not a Collision with Motor Vehicle In-Transport,0,1,1,0,4,1,Daylight,1,Clear,No,0,0,0,None,None,None,1,2,Non-Interstate,3,"Principal arterial, other",1,Daytime,2,Weekend,2,Other Crash,2,Other Crash,2,Other Crash,2,Other Crash,2,Other Crash,2,Other Crash,2,Other Crash,3,Unknown BAC Crash,2,Other Crash,2,Other Crash,0,Not Tribal Lands