accident_id,ST_CASE,VE_TOTAL,VE_FORMS,PEDS,PERSONS,COUNTY,county_name,CITY,city_name,DAY,MONTH,YEAR,HOUR,MINUTE,NHS,FUNC_SYS,func_sys_lit,ROAD_FNC,road_fnc_lit,RD_OWNER,rd_owner_lit,TWAY_ID,TWAY_ID2,LATITUDE,LONGITUD,SP_JUR,sp_jur_lit,HARM_EV,harm_ev_lit,MAN_COLL,man_coll_lit,RELJCT1,RELJCT2,TYP_INT,WRK_ZONE,REL_ROAD,LGT_COND,lgt_cond_lit,WEATHER,weather_lit,SCH_BUS,CF1,CF2,CF3,cf1_lit,cf2_lit,cf3_lit,FATALS,A_INTER,a_inter_lit,A_ROADFC,a_road_fc_lit,A_TOD,a_tod_lit,A_DOW,a_dow_lit,A_LT,a_lt_lit,A_SPCRA,a_spcra_lit,A_PED,a_ped_lit,A_PED_F,a_ped_f_lit,A_PEDAL,a_pedal_lit,A_PEDAL_F,a_pedal_f_lit,A_POLPUR,a_polour_lit,A_POSBAC,a_posbac_lit,A_DIST,a_dist_lit,A_DROWSY,a_drowsy_lit,INDIAN_RES,indian_res_lit
2016040031,40031,3,2,0,2,25,YAVAPAI,0,NONE LISTED,16,1,2016,8,15,0,4,Minor Arterial,,.,1,State Highway Agency,SR-169,ORME RD,34.545880560,-112.158900000,0,No Special Jurisdiction,12,Motor Vehicle In-Transport,2,Front-to-Front,0,2,3,0,1,1,Daylight,1,Clear,No,0,0,0,None,None,None,1,2,Non-Interstate,4,Minor arterial,1,Daytime,2,Weekend,2,Other Crash,2,Other Crash,2,Other Crash,2,Other Crash,2,Other Crash,2,Other Crash,2,Other Crash,3,Unknown BAC Crash,2,Other Crash,2,Other Crash,0,Not Tribal Lands
2016040032,40032,2,2,0,7,1,APACHE,0,NONE LISTED,15,1,2016,99,99,0,5,Major Collector,,.,1,State Highway Agency,US-191,,36.627058330,-109.583777780,3,Indian Reservation,23,Bridge Rail (Includes parapet),0,Not a Collision with Motor Vehicle In-Transport,0,1,1,0,4,1,Daylight,4,Snow,No,0,0,0,None,None,None,1,2,Non-Interstate,5,Collector,3,Unknown,3,Unknown,2,Other Crash,1,Speeding Involved Crash,2,Other Crash,2,Other Crash,2,Other Crash,2,Other Crash,2,Other Crash,3,Unknown BAC Crash,2,Other Crash,2,Other Crash,1,Tribal Lands
2016040033,40033,2,2,0,3,13,MARICOPA,368,PEORIA,25,1,2016,12,9,0,4,Minor Arterial,,.,4,City or Municipal Highway Agency,THUNDERBIRD RD,91ST AVE,33.609680560,-112.255044440,0,No Special Jurisdiction,12,Motor Vehicle In-Transport,8,Sideswipe - Opposite Direction,0,2,3,0,1,1,Daylight,1,Clear,No,0,0,0,None,None,None,1,2,Non-Interstate,4,Minor arterial,1,Daytime,1,Weekday,2,Other Crash,2,Other Crash,2,Other Crash,2,Other Crash,2,Other Crash,2,Other Crash,2,Other Crash,3,Unknown BAC Crash,2,Other Crash,2,Other Crash,0,Not Tribal Lands
2016040034,40034,1,1,0,2,5,COCONINO,0,NONE LISTED,2,2,2016,9,25,1,3,Principal Arterial - Other,,.,1,State Highway Agency,SR-64,,35.417980560,-112.170333330,0,No Special Jurisdiction,1,Rollover/Overturn,0,Not a Collision with Motor Vehicle In-Transport,0,1,1,0,4,1,Daylight,1,Clear,No,0,0,0,None,None,None,1,2,Non-Interstate,3,"Principal arterial, other",1,Daytime,1,Weekday,2,Other Crash,1,Speeding Involved Crash,2,Other Crash,2,Other Crash,2,Other Crash,2,Other Crash,2,Other Crash,3,Unknown BAC Crash,2,Other Crash,2,Other Crash,0,Not Tribal Lands
2016040035,40035,1,1,1,1,13,MARICOPA,490,TEMPE,2,2,2016,13,25,0,3,Principal Arterial - Other,,.,4,City or Municipal Highway Agency,BROADWAY RD,I-10 RAMP,33.409077780,-111.969444440,0,No Special Jurisdiction,9,Pedalcyclist,0,Not a Collision with Motor Vehicle In-Transport,1,2,2,0,1,1,Daylight,1,Clear,No,0,0,0,None,None,None,1,2,Non-Interstate,3,"Principal arterial, other",1,Daytime,1,Weekday,2,Other Crash,2,Other Crash,2,Other Crash,2,Other Crash,1,Pedalcyclist Involved Crash,1,Involving a pedacyclist fatality,2,Other Crash,3,Unknown BAC Crash,2,Other Crash,2,Other Crash,0,Not Tribal Lands
2016040036,40036,2,2,1,2,19,PIMA,530,TUCSON,4,2,2016,6,36,0,3,Principal Arterial - Other,,.,4,City or Municipal Highway Agency,1ST AVE,,32.250700000,-110.960983330,0,No Special Jurisdiction,8,Pedestrian,0,Not a Collision with Motor Vehicle In-Transport,0,1,1,0,1,6,Dark - Unknown Lighting,1,Clear,No,14,0,0,"Motor Vehicle struck by falling cargo,or something",None,None,1,2,Non-Interstate,3,"Principal arterial, other",1,Daytime,1,Weekday,2,Other Crash,2,Other Crash,1,Pedestrian Involved Crash,1,Involving a pedestrian fatality,2,Other Crash,2,Other Crash,2,Other Crash,3,Unknown BAC Crash,2,Other Crash,2,Other Crash,0,Not Tribal Lands
2016040037,40037,2,2,0,3,13,MARICOPA,0,NONE LISTED,4,2,2016,16,56,1,1,Interstate,,.,1,State Highway Agency,I-10,,33.497752780,-112.938013890,0,No Special Jurisdiction,12,Motor Vehicle In-Transport,1,Front-to-Rear,1,18,1,0,1,1,Daylight,1,Clear,No,0,0,0,None,None,None,1,1,Interstate,1,"Interstate, principal arterial",1,Daytime,1,Weekday,1,Large Truck Involved Crash,1,Speeding Involved Crash,2,Other Crash,2,Other Crash,2,Other Crash,2,Other Crash,2,Other Crash,3,Unknown BAC Crash,1,Involving a Distracted Driver,2,Other Crash,0,Not Tribal Lands
2016040038,40038,2,2,0,2,21,PINAL,70,CASA GRANDE,5,2,2016,6,58,0,4,Minor Arterial,,.,4,City or Municipal Highway Agency,MARICOPA CASA GRANDE HWY,,32.966472220,-111.901122220,0,No Special Jurisdiction,12,Motor Vehicle In-Transport,2,Front-to-Front,0,1,1,0,1,4,Dawn,1,Clear,No,0,0,0,None,None,None,1,2,Non-Interstate,4,Minor arterial,1,Daytime,1,Weekday,2,Other Crash,2,Other Crash,2,Other Crash,2,Other Crash,2,Other Crash,2,Other Crash,2,Other Crash,3,Unknown BAC Crash,2,Other Crash,2,Other Crash,0,Not Tribal Lands
2016040039,40039,2,2,0,2,13,MARICOPA,490,TEMPE,5,2,2016,12,23,1,2,Principal Arterial - Other Freeways,,.,1,State Highway Agency,SR-101,,33.657877780,-111.924261110,0,No Special Jurisdiction,12,Motor Vehicle In-Transport,1,Front-to-Rear,1,18,1,0,1,1,Daylight,1,Clear,No,28,0,0,Backup Due to Regular Congestion,None,None,1,2,Non-Interstate,2,"Freeway and expressway, principal arterial",1,Daytime,1,Weekday,1,Large Truck Involved Crash,1,Speeding Involved Crash,2,Other Crash,2,Other Crash,2,Other Crash,2,Other Crash,2,Other Crash,3,Unknown BAC Crash,1,Involving a Distracted Driver,2,Other Crash,0,Not Tribal Lands
2016040042,40042,1,1,0,3,19,PIMA,530,TUCSON,9,2,2016,1,23,1,2,Principal Arterial - Other Freeways,,.,4,City or Municipal Highway Agency,GOLF LINKS RD,,32.192458330,-110.877597220,0,No Special Jurisdiction,33,Curb,0,Not a Collision with Motor Vehicle In-Transport,0,1,1,0,4,3,Dark - Lighted,1,Clear,No,0,0,0,None,None,None,1,2,Non-Interstate,2,"Freeway and expressway, principal arterial",2,Nighttime,1,Weekday,2,Other Crash,2,Other Crash,2,Other Crash,2,Other Crash,2,Other Crash,2,Other Crash,2,Other Crash,2,All Drivers With ZERO BAC Testing Crash,2,Other Crash,2,Other Crash,0,Not Tribal Lands
2016040043,40043,1,1,0,1,13,MARICOPA,220,GOODYEAR,10,2,2016,13,35,0,3,Principal Arterial - Other,,.,4,City or Municipal Highway Agency,PEBBLE CREEK PKWY,CLUBHOUSE DR,33.487227780,-112.397441670,0,No Special Jurisdiction,1,Rollover/Overturn,0,Not a Collision with Motor Vehicle In-Transport,0,2,2,0,1,1,Daylight,1,Clear,No,0,0,0,None,None,None,1,2,Non-Interstate,3,"Principal arterial, other",1,Daytime,1,Weekday,2,Other Crash,2,Other Crash,2,Other Crash,2,Other Crash,2,Other Crash,2,Other Crash,2,Other Crash,1,Driver With Positive BAC Testing Crash,2,Other Crash,2,Other Crash,0,Not Tribal Lands
2016040044,40044,2,2,0,3,25,YAVAPAI,0,NONE LISTED,14,2,2016,18,1,0,5,Major Collector,,.,1,State Highway Agency,SR-89,,34.058747220,-112.818058330,0,No Special Jurisdiction,12,Motor Vehicle In-Transport,7,Sideswipe - Same Direction,0,1,1,0,1,1,Daylight,1,Clear,No,0,0,0,None,None,None,1,2,Non-Interstate,5,Collector,2,Nighttime,2,Weekend,2,Other Crash,1,Speeding Involved Crash,2,Other Crash,2,Other Crash,2,Other Crash,2,Other Crash,2,Other Crash,3,Unknown BAC Crash,2,Other Crash,2,Other Crash,0,Not Tribal Lands
2016040045,40045,1,1,1,2,13,MARICOPA,0,NONE LISTED,15,2,2016,19,40,0,3,Principal Arterial - Other,,.,4,City or Municipal Highway Agency,CR-MC 85,,33.409019440,-112.390230560,0,No Special Jurisdiction,8,Pedestrian,0,Not a Collision with Motor Vehicle In-Transport,0,1,1,0,1,2,Dark - Not Lighted,1,Clear,No,0,0,0,None,None,None,1,2,Non-Interstate,3,"Principal arterial, other",2,Nighttime,1,Weekday,2,Other Crash,2,Other Crash,1,Pedestrian Involved Crash,1,Involving a pedestrian fatality,2,Other Crash,2,Other Crash,2,Other Crash,2,All Drivers With ZERO BAC Testing Crash,2,Other Crash,2,Other Crash,0,Not Tribal Lands
2016040046,40046,2,2,0,3,19,PIMA,0,NONE LISTED,16,2,2016,11,0,0,5,Major Collector,,.,2,County Highway Agency,CR-CAMINO DE OESTE,CRESTVIEW RD,32.256569440,-111.061394440,0,No Special Jurisdiction,12,Motor Vehicle In-Transport,6,Angle,0,2,2,0,1,1,Daylight,1,Clear,No,0,0,0,None,None,None,1,2,Non-Interstate,5,Collector,1,Daytime,1,Weekday,2,Other Crash,2,Other Crash,2,Other Crash,2,Other Crash,2,Other Crash,2,Other Crash,2,Other Crash,3,Unknown BAC Crash,1,Involving a Distracted Driver,2,Other Crash,0,Not Tribal Lands
2016040047,40047,1,1,0,2,5,COCONINO,0,NONE LISTED,16,2,2016,13,12,1,1,Interstate,,.,1,State Highway Agency,I-17,,35.086202780,-111.687105560,0,No Special Jurisdiction,1,Rollover/Overturn,0,Not a Collision with Motor Vehicle In-Transport,1,19,1,0,4,1,Daylight,1,Clear,No,0,0,0,None,None,None,1,1,Interstate,1,"Interstate, principal arterial",1,Daytime,1,Weekday,2,Other Crash,2,Other Crash,2,Other Crash,2,Other Crash,2,Other Crash,2,Other Crash,2,Other Crash,2,All Drivers With ZERO BAC Testing Crash,2,Other Crash,2,Other Crash,0,Not Tribal Lands
2016040048,40048,1,1,1,1,13,MARICOPA,200,GLENDALE,17,2,2016,18,46,0,4,Minor Arterial,,.,4,City or Municipal Highway Agency,GLENDALE AVE,,33.536822220,-112.356252780,0,No Special Jurisdiction,8,Pedestrian,0,Not a Collision with Motor Vehicle In-Transport,0,1,1,0,1,3,Dark - Lighted,1,Clear,No,16,0,0,Non-occupant struck vehicle,None,None,1,2,Non-Interstate,4,Minor arterial,2,Nighttime,1,Weekday,2,Other Crash,2,Other Crash,1,Pedestrian Involved Crash,1,Involving a pedestrian fatality,2,Other Crash,2,Other Crash,2,Other Crash,3,Unknown BAC Crash,2,Other Crash,2,Other Crash,0,Not Tribal Lands
2016040049,40049,1,1,1,1,13,MARICOPA,370,PHOENIX,17,2,2016,21,43,0,4,Minor Arterial,,.,4,City or Municipal Highway Agency,VAN BUREN ST,27TH DR,33.451138890,-112.119144440,0,No Special Jurisdiction,8,Pedestrian,0,Not a Collision with Motor Vehicle In-Transport,0,3,3,0,1,3,Dark - Lighted,1,Clear,No,0,0,0,None,None,None,1,2,Non-Interstate,4,Minor arterial,2,Nighttime,1,Weekday,2,Other Crash,2,Other Crash,1,Pedestrian Involved Crash,1,Involving a pedestrian fatality,2,Other Crash,2,Other Crash,2,Other Crash,3,Unknown BAC Crash,2,Other Crash,2,Other Crash,0,Not Tribal Lands
2016040050,40050,1,1,0,1,13,MARICOPA,368,PEORIA,19,2,2016,16,33,0,7,Local,,.,98,Not Reported,BEARDSLEY CANAL SERVICE RD,,33.782550000,-112.251375000,0,No Special Jurisdiction,39,Wall,0,Not a Collision with Motor Vehicle In-Transport,0,1,1,0,5,1,Daylight,1,Clear,No,0,0,0,None,None,None,1,2,Non-Interstate,6,Local,1,Daytime,1,Weekday,2,Other Crash,1,Speeding Involved Crash,2,Other Crash,2,Other Crash,2,Other Crash,2,Other Crash,2,Other Crash,2,All Drivers With ZERO BAC Testing Crash,2,Other Crash,2,Other Crash,0,Not Tribal Lands
2016040051,40051,2,2,0,3,19,PIMA,530,TUCSON,19,2,2016,18,10,0,5,Major Collector,,.,4,City or Municipal Highway Agency,SANTA CLARA AVE,CALLE ARAGON,32.128988890,-110.981891670,0,No Special Jurisdiction,12,Motor Vehicle In-Transport,1,Front-to-Rear,0,3,2,0,1,5,Dusk,1,Clear,No,0,0,0,None,None,None,1,2,Non-Interstate,5,Collector,2,Nighttime,2,Weekend,2,Other Crash,1,Speeding Involved Crash,2,Other Crash,2,Other Crash,2,Other Crash,2,Other Crash,2,Other Crash,1,Driver With Positive BAC Testing Crash,2,Other Crash,2,Other Crash,0,Not Tribal Lands
2016040052,40052,1,1,0,1,7,GILA,0,NONE LISTED,20,2,2016,9,31,0,6,Minor Collector,,.,2,County Highway Agency,CR-FOREST ROAD 64- CONTROL RD,,34.314997220,-111.124233330,0,No Special Jurisdiction,1,Rollover/Overturn,0,Not a Collision with Motor Vehicle In-Transport,0,1,1,0,4,1,Daylight,1,Clear,No,0,0,0,None,None,None,1,2,Non-Interstate,5,Collector,1,Daytime,2,Weekend,2,Other Crash,2,Other Crash,2,Other Crash,2,Other Crash,2,Other Crash,2,Other Crash,2,Other Crash,3,Unknown BAC Crash,2,Other Crash,2,Other Crash,0,Not Tribal Lands
2016040053,40053,2,2,0,2,13,MARICOPA,200,GLENDALE,20,2,2016,13,6,0,3,Principal Arterial - Other,,.,4,City or Municipal Highway Agency,59TH AVE,CALAVAR RD,33.612383330,-112.185808330,0,No Special Jurisdiction,12,Motor Vehicle In-Transport,6,Angle,0,2,3,0,1,1,Daylight,1,Clear,No,0,0,0,None,None,None,1,2,Non-Interstate,3,"Principal arterial, other",1,Daytime,2,Weekend,2,Other Crash,2,Other Crash,2,Other Crash,2,Other Crash,2,Other Crash,2,Other Crash,2,Other Crash,2,All Drivers With ZERO BAC Testing Crash,2,Other Crash,2,Other Crash,0,Not Tribal Lands
2016040054,40054,1,1,1,1,19,PIMA,530,TUCSON,20,2,2016,13,13,0,3,Principal Arterial - Other,,.,4,City or Municipal Highway Agency,BROADWAY BLVD,,32.221352780,-110.861575000,0,No Special Jurisdiction,8,Pedestrian,0,Not a Collision with Motor Vehicle In-Transport,0,4,1,0,1,1,Daylight,1,Clear,No,0,0,0,None,None,None,1,2,Non-Interstate,3,"Principal arterial, other",1,Daytime,2,Weekend,2,Other Crash,2,Other Crash,1,Pedestrian Involved Crash,1,Involving a pedestrian fatality,2,Other Crash,2,Other Crash,2,Other Crash,3,Unknown BAC Crash,2,Other Crash,2,Other Crash,0,Not Tribal Lands
2016040055,40055,2,2,0,3,13,MARICOPA,370,PHOENIX,21,2,2016,10,32,0,3,Principal Arterial - Other,,.,4,City or Municipal Highway Agency,35TH AVE,PEORIA AVE,33.581525000,-112.134016670,0,No Special Jurisdiction,12,Motor Vehicle In-Transport,1,Front-to-Rear,0,3,2,0,1,1,Daylight,1,Clear,No,0,0,0,None,None,None,1,2,Non-Interstate,3,"Principal arterial, other",1,Daytime,2,Weekend,2,Other Crash,1,Speeding Involved Crash,2,Other Crash,2,Other Crash,2,Other Crash,2,Other Crash,2,Other Crash,3,Unknown BAC Crash,2,Other Crash,2,Other Crash,0,Not Tribal Lands
2016040056,40056,1,1,1,1,13,MARICOPA,370,PHOENIX,21,2,2016,20,12,0,7,Local,,.,98,Not Reported,27TH AVE,ALICE AVE,33.562172220,-112.116969440,0,No Special Jurisdiction,8,Pedestrian,0,Not a Collision with Motor Vehicle In-Transport,0,2,3,0,1,3,Dark - Lighted,1,Clear,No,0,0,0,None,None,None,1,2,Non-Interstate,6,Local,2,Nighttime,2,Weekend,2,Other Crash,2,Other Crash,1,Pedestrian Involved Crash,1,Involving a pedestrian fatality,2,Other Crash,2,Other Crash,2,Other Crash,2,All Drivers With ZERO BAC Testing Crash,2,Other Crash,2,Other Crash,0,Not Tribal Lands
2016040057,40057,1,1,0,2,13,MARICOPA,486,SURPRISE,22,2,2016,2,6,1,3,Principal Arterial - Other,,.,1,State Highway Agency,US-60 GRAND AVE,GREENWAY RD,33.623519440,-112.330444440,0,No Special Jurisdiction,43,Other Fixed Object,0,Not a Collision with Motor Vehicle In-Transport,0,3,2,0,4,3,Dark - Lighted,1,Clear,No,0,0,0,None,None,None,2,2,Non-Interstate,3,"Principal arterial, other",2,Nighttime,2,Weekend,2,Other Crash,1,Speeding Involved Crash,2,Other Crash,2,Other Crash,2,Other Crash,2,Other Crash,2,Other Crash,1,Driver With Positive BAC Testing Crash,2,Other Crash,2,Other Crash,0,Not Tribal Lands
2016040059,40059,3,3,0,4,25,YAVAPAI,0,NONE LISTED,25,2,2016,17,5,1,3,Principal Arterial - Other,,.,1,State Highway Agency,SR-89,LITTLE RANCH RD,34.867513890,-112.470202780,0,No Special Jurisdiction,12,Motor Vehicle In-Transport,1,Front-to-Rear,0,2,3,0,1,1,Daylight,1,Clear,No,0,0,0,None,None,None,1,2,Non-Interstate,3,"Principal arterial, other",1,Daytime,1,Weekday,2,Other Crash,1,Speeding Involved Crash,2,Other Crash,2,Other Crash,2,Other Crash,2,Other Crash,2,Other Crash,3,Unknown BAC Crash,2,Other Crash,2,Other Crash,0,Not Tribal Lands
2016040060,40060,1,1,0,1,13,MARICOPA,322,MORRISTOWN,29,2,2016,11,27,1,3,Principal Arterial - Other,,.,1,State Highway Agency,US-60,,33.871638890,-112.642719440,0,No Special Jurisdiction,1,Rollover/Overturn,0,Not a Collision with Motor Vehicle In-Transport,0,1,1,0,2,1,Daylight,1,Clear,No,0,0,0,None,None,None,1,2,Non-Interstate,3,"Principal arterial, other",1,Daytime,1,Weekday,2,Other Crash,2,Other Crash,2,Other Crash,2,Other Crash,2,Other Crash,2,Other Crash,2,Other Crash,3,Unknown BAC Crash,2,Other Crash,2,Other Crash,0,Not Tribal Lands
2016040061,40061,1,1,0,6,1,APACHE,0,NONE LISTED,29,2,2016,19,7,1,3,Principal Arterial - Other,,.,1,State Highway Agency,US-160,,36.809627780,-109.903013890,3,Indian Reservation,1,Rollover/Overturn,0,Not a Collision with Motor Vehicle In-Transport,0,1,1,0,4,2,Dark - Not Lighted,1,Clear,No,0,0,0,None,None,None,1,2,Non-Interstate,3,"Principal arterial, other",2,Nighttime,1,Weekday,2,Other Crash,1,Speeding Involved Crash,2,Other Crash,2,Other Crash,2,Other Crash,2,Other Crash,2,Other Crash,3,Unknown BAC Crash,2,Other Crash,2,Other Crash,1,Tribal Lands
2016040062,40062,1,1,1,1,13,MARICOPA,80,CHANDLER,15,1,2016,6,9,0,4,Minor Arterial,,.,4,City or Municipal Highway Agency,MCQUEEN RD,ALAMOSA DR,33.243750000,-111.823869440,0,No Special Jurisdiction,8,Pedestrian,0,Not a Collision with Motor Vehicle In-Transport,0,3,3,0,4,3,Dark - Lighted,1,Clear,No,0,0,0,None,None,None,1,2,Non-Interstate,4,Minor arterial,1,Daytime,1,Weekday,2,Other Crash,2,Other Crash,1,Pedestrian Involved Crash,1,Involving a pedestrian fatality,2,Other Crash,2,Other Crash,2,Other Crash,3,Unknown BAC Crash,2,Other Crash,2,Other Crash,0,Not Tribal Lands
2016040063,40063,2,2,0,2,19,PIMA,530,TUCSON,22,2,2016,11,53,1,4,Minor Arterial,,.,4,City or Municipal Highway Agency,WETMORE RD,STONE AVE,32.286558330,-110.969950000,0,No Special Jurisdiction,12,Motor Vehicle In-Transport,7,Sideswipe - Same Direction,0,3,2,0,1,1,Daylight,1,Clear,No,0,0,0,None,None,None,1,2,Non-Interstate,4,Minor arterial,1,Daytime,1,Weekday,2,Other Crash,2,Other Crash,2,Other Crash,2,Other Crash,2,Other Crash,2,Other Crash,2,Other Crash,3,Unknown BAC Crash,2,Other Crash,2,Other Crash,0,Not Tribal Lands
2016040064,40064,1,1,1,1,13,MARICOPA,0,NONE LISTED,2,1,2016,19,10,0,7,Local,,.,98,Not Reported,HASTINGS WAY,HIDDENTREASURE WAY,33.849163890,-112.106658330,0,No Special Jurisdiction,8,Pedestrian,0,Not a Collision with Motor Vehicle In-Transport,0,3,2,0,1,3,Dark - Lighted,1,Clear,No,0,0,0,None,None,None,1,2,Non-Interstate,6,Local,2,Nighttime,2,Weekend,2,Other Crash,2,Other Crash,1,Pedestrian Involved Crash,1,Involving a pedestrian fatality,2,Other Crash,2,Other Crash,2,Other Crash,1,Driver With Positive BAC Testing Crash,2,Other Crash,2,Other Crash,0,Not Tribal Lands
2016040065,40065,2,2,0,2,7,GILA,0,NONE LISTED,3,1,2016,5,23,0,5,Major Collector,,.,62,Bureau of Indian Affairs,BIA 6- OLD SAN CARLOS RD,,33.357708330,-110.476891670,3,Indian Reservation,12,Motor Vehicle In-Transport,2,Front-to-Front,0,1,1,0,1,2,Dark - Not Lighted,1,Clear,No,0,0,0,None,None,None,1,2,Non-Interstate,5,Collector,2,Nighttime,2,Weekend,2,Other Crash,2,Other Crash,2,Other Crash,2,Other Crash,2,Other Crash,2,Other Crash,2,Other Crash,1,Driver With Positive BAC Testing Crash,2,Other Crash,2,Other Crash,1,Tribal Lands
2016040066,40066,1,1,0,1,13,MARICOPA,200,GLENDALE,4,1,2016,6,36,0,7,Local,,.,98,Not Reported,71ST AVE,,33.542780560,-112.211700000,0,No Special Jurisdiction,38,Fence,0,Not a Collision with Motor Vehicle In-Transport,0,1,1,0,5,2,Dark - Not Lighted,10,Cloudy,No,0,0,0,None,None,None,1,2,Non-Interstate,6,Local,1,Daytime,1,Weekday,2,Other Crash,1,Speeding Involved Crash,2,Other Crash,2,Other Crash,2,Other Crash,2,Other Crash,2,Other Crash,2,All Drivers With ZERO BAC Testing Crash,2,Other Crash,2,Other Crash,0,Not Tribal Lands
2016040067,40067,1,1,0,3,1,APACHE,0,NONE LISTED,5,1,2016,7,14,0,7,Local,,.,2,County Highway Agency,CR-317,,35.787461110,-109.892027780,3,Indian Reservation,35,Embankment,0,Not a Collision with Motor Vehicle In-Transport,0,1,1,0,4,6,Dark - Unknown Lighting,98,Not Reported,No,0,0,0,None,None,None,1,2,Non-Interstate,6,Local,1,Daytime,1,Weekday,2,Other Crash,1,Speeding Involved Crash,2,Other Crash,2,Other Crash,2,Other Crash,2,Other Crash,2,Other Crash,3,Unknown BAC Crash,2,Other Crash,2,Other Crash,1,Tribal Lands
2016040068,40068,1,1,1,1,13,MARICOPA,370,PHOENIX,6,1,2016,14,5,0,5,Major Collector,,.,4,City or Municipal Highway Agency,23RD AVE,,33.520597220,-112.108241670,0,No Special Jurisdiction,8,Pedestrian,0,Not a Collision with Motor Vehicle In-Transport,0,1,1,0,4,1,Daylight,98,Not Reported,No,0,0,0,None,None,None,1,2,Non-Interstate,5,Collector,1,Daytime,1,Weekday,2,Other Crash,2,Other Crash,1,Pedestrian Involved Crash,1,Involving a pedestrian fatality,2,Other Crash,2,Other Crash,2,Other Crash,2,All Drivers With ZERO BAC Testing Crash,2,Other Crash,2,Other Crash,0,Not Tribal Lands
2016040069,40069,1,1,1,1,13,MARICOPA,370,PHOENIX,7,1,2016,15,45,0,4,Minor Arterial,,.,4,City or Municipal Highway Agency,7TH AVE,,33.403297220,-112.081980560,0,No Special Jurisdiction,9,Pedalcyclist,0,Not a Collision with Motor Vehicle In-Transport,0,1,1,0,1,1,Daylight,98,Not Reported,No,0,0,0,None,None,None,1,2,Non-Interstate,4,Minor arterial,1,Daytime,1,Weekday,2,Other Crash,2,Other Crash,2,Other Crash,2,Other Crash,1,Pedalcyclist Involved Crash,1,Involving a pedacyclist fatality,2,Other Crash,3,Unknown BAC Crash,2,Other Crash,2,Other Crash,0,Not Tribal Lands
2016040070,40070,1,1,1,1,5,COCONINO,528,TUBA CITY,8,1,2016,18,31,1,3,Principal Arterial - Other,,.,1,State Highway Agency,US-160,SR-264,36.119319440,-111.229288890,3,Indian Reservation,8,Pedestrian,0,Not a Collision with Motor Vehicle In-Transport,0,3,2,0,1,8,Not Reported,98,Not Reported,No,0,0,0,None,None,None,1,2,Non-Interstate,3,"Principal arterial, other",2,Nighttime,2,Weekend,2,Other Crash,2,Other Crash,1,Pedestrian Involved Crash,1,Involving a pedestrian fatality,2,Other Crash,2,Other Crash,2,Other Crash,3,Unknown BAC Crash,2,Other Crash,2,Other Crash,1,Tribal Lands
2016040071,40071,1,1,1,2,13,MARICOPA,370,PHOENIX,8,1,2016,23,28,0,5,Major Collector,,.,4,City or Municipal Highway Agency,ROOSEVELT ST,,33.458638890,-112.042888890,0,No Special Jurisdiction,8,Pedestrian,0,Not a Collision with Motor Vehicle In-Transport,0,1,1,0,1,6,Dark - Unknown Lighting,99,Unknown,No,0,0,0,None,None,None,1,2,Non-Interstate,5,Collector,2,Nighttime,2,Weekend,2,Other Crash,2,Other Crash,1,Pedestrian Involved Crash,1,Involving a pedestrian fatality,2,Other Crash,2,Other Crash,2,Other Crash,3,Unknown BAC Crash,2,Other Crash,2,Other Crash,0,Not Tribal Lands
2016040072,40072,2,2,0,2,13,MARICOPA,290,MESA,9,1,2016,12,27,0,3,Principal Arterial - Other,,.,1,State Highway Agency,APACHE TRL,96TH ST,33.415213890,-111.624005560,0,No Special Jurisdiction,12,Motor Vehicle In-Transport,6,Angle,0,2,2,0,1,1,Daylight,10,Cloudy,No,0,0,0,None,None,None,1,2,Non-Interstate,3,"Principal arterial, other",1,Daytime,2,Weekend,2,Other Crash,2,Other Crash,2,Other Crash,2,Other Crash,2,Other Crash,2,Other Crash,2,Other Crash,3,Unknown BAC Crash,2,Other Crash,2,Other Crash,0,Not Tribal Lands
2016040073,40073,1,1,1,1,13,MARICOPA,200,GLENDALE,9,1,2016,20,56,0,4,Minor Arterial,,.,4,City or Municipal Highway Agency,PEORIA AVE,,33.581919440,-112.153505560,0,No Special Jurisdiction,8,Pedestrian,0,Not a Collision with Motor Vehicle In-Transport,0,1,1,0,1,3,Dark - Lighted,1,Clear,No,0,0,0,None,None,None,1,2,Non-Interstate,4,Minor arterial,2,Nighttime,2,Weekend,2,Other Crash,2,Other Crash,1,Pedestrian Involved Crash,1,Involving a pedestrian fatality,2,Other Crash,2,Other Crash,2,Other Crash,2,All Drivers With ZERO BAC Testing Crash,2,Other Crash,2,Other Crash,0,Not Tribal Lands
2016040074,40074,1,1,1,1,13,MARICOPA,370,PHOENIX,10,1,2016,0,28,0,4,Minor Arterial,,.,4,City or Municipal Highway Agency,27TH AVE,,33.524805560,-112.116919440,0,No Special Jurisdiction,8,Pedestrian,0,Not a Collision with Motor Vehicle In-Transport,0,99,99,0,1,6,Dark - Unknown Lighting,98,Not Reported,No,0,0,0,None,None,None,1,2,Non-Interstate,4,Minor arterial,2,Nighttime,2,Weekend,2,Other Crash,2,Other Crash,1,Pedestrian Involved Crash,1,Involving a pedestrian fatality,2,Other Crash,2,Other Crash,2,Other Crash,3,Unknown BAC Crash,2,Other Crash,2,Other Crash,0,Not Tribal Lands