accident_id,ST_CASE,VE_TOTAL,VE_FORMS,PEDS,PERSONS,COUNTY,county_name,CITY,city_name,DAY,MONTH,YEAR,HOUR,MINUTE,NHS,FUNC_SYS,func_sys_lit,ROAD_FNC,road_fnc_lit,RD_OWNER,rd_owner_lit,TWAY_ID,TWAY_ID2,LATITUDE,LONGITUD,SP_JUR,sp_jur_lit,HARM_EV,harm_ev_lit,MAN_COLL,man_coll_lit,RELJCT1,RELJCT2,TYP_INT,WRK_ZONE,REL_ROAD,LGT_COND,lgt_cond_lit,WEATHER,weather_lit,SCH_BUS,CF1,CF2,CF3,cf1_lit,cf2_lit,cf3_lit,FATALS,A_INTER,a_inter_lit,A_ROADFC,a_road_fc_lit,A_TOD,a_tod_lit,A_DOW,a_dow_lit,A_LT,a_lt_lit,A_SPCRA,a_spcra_lit,A_PED,a_ped_lit,A_PED_F,a_ped_f_lit,A_PEDAL,a_pedal_lit,A_PEDAL_F,a_pedal_f_lit,A_POLPUR,a_polour_lit,A_POSBAC,a_posbac_lit,A_DIST,a_dist_lit,A_DROWSY,a_drowsy_lit,INDIAN_RES,indian_res_lit
2016040075,40075,2,2,0,3,13,MARICOPA,370,PHOENIX,12,1,2016,14,25,1,3,Principal Arterial - Other,,.,4,City or Municipal Highway Agency,CAVE CREEK RD,,33.618255560,-112.031405560,0,No Special Jurisdiction,12,Motor Vehicle In-Transport,6,Angle,0,1,1,0,1,1,Daylight,1,Clear,No,0,0,0,None,None,None,1,2,Non-Interstate,3,"Principal arterial, other",1,Daytime,1,Weekday,2,Other Crash,1,Speeding Involved Crash,2,Other Crash,2,Other Crash,2,Other Crash,2,Other Crash,2,Other Crash,3,Unknown BAC Crash,1,Involving a Distracted Driver,2,Other Crash,0,Not Tribal Lands
2016040076,40076,1,1,1,1,13,MARICOPA,0,NONE LISTED,13,1,2016,12,58,0,5,Major Collector,,.,2,County Highway Agency,CR-MEEKER BLVD,,33.658927780,-112.369419440,0,No Special Jurisdiction,33,Curb,0,Not a Collision with Motor Vehicle In-Transport,0,1,1,0,4,1,Daylight,1,Clear,No,0,0,0,None,None,None,1,2,Non-Interstate,5,Collector,1,Daytime,1,Weekday,2,Other Crash,2,Other Crash,2,Other Crash,2,Other Crash,1,Pedalcyclist Involved Crash,1,Involving a pedacyclist fatality,2,Other Crash,3,Unknown BAC Crash,2,Other Crash,2,Other Crash,0,Not Tribal Lands
2016040077,40077,1,1,1,1,13,MARICOPA,80,CHANDLER,14,1,2016,10,10,0,5,Major Collector,,.,2,County Highway Agency,CR-QUEEN CREEK RD,,33.260919440,-111.910772220,3,Indian Reservation,9,Pedalcyclist,0,Not a Collision with Motor Vehicle In-Transport,0,1,1,0,4,1,Daylight,1,Clear,No,0,0,0,None,None,None,1,2,Non-Interstate,5,Collector,1,Daytime,1,Weekday,2,Other Crash,1,Speeding Involved Crash,2,Other Crash,2,Other Crash,1,Pedalcyclist Involved Crash,1,Involving a pedacyclist fatality,2,Other Crash,1,Driver With Positive BAC Testing Crash,2,Other Crash,2,Other Crash,1,Tribal Lands
2016040079,40079,1,1,2,1,13,MARICOPA,370,PHOENIX,20,1,2016,6,29,1,3,Principal Arterial - Other,,.,4,City or Municipal Highway Agency,INDIAN SCHOOL RD,63RD AVE,33.494886110,-112.194888890,0,No Special Jurisdiction,8,Pedestrian,0,Not a Collision with Motor Vehicle In-Transport,0,3,2,0,1,9,Unknown,98,Not Reported,No,0,0,0,None,None,None,1,2,Non-Interstate,3,"Principal arterial, other",1,Daytime,1,Weekday,2,Other Crash,2,Other Crash,1,Pedestrian Involved Crash,1,Involving a pedestrian fatality,2,Other Crash,2,Other Crash,2,Other Crash,3,Unknown BAC Crash,2,Other Crash,2,Other Crash,0,Not Tribal Lands
2016040080,40080,2,2,0,4,13,MARICOPA,80,CHANDLER,20,1,2016,7,51,0,3,Principal Arterial - Other,,.,4,City or Municipal Highway Agency,GILBERT RD,QUEEN CREEK RD,33.262897220,-111.789558330,0,No Special Jurisdiction,12,Motor Vehicle In-Transport,6,Angle,0,2,2,0,1,1,Daylight,1,Clear,No,0,0,0,None,None,None,1,2,Non-Interstate,3,"Principal arterial, other",1,Daytime,1,Weekday,2,Other Crash,2,Other Crash,2,Other Crash,2,Other Crash,2,Other Crash,2,Other Crash,2,Other Crash,3,Unknown BAC Crash,2,Other Crash,2,Other Crash,0,Not Tribal Lands
2016040081,40081,1,1,1,1,13,MARICOPA,370,PHOENIX,21,1,2016,19,15,0,3,Principal Arterial - Other,,.,4,City or Municipal Highway Agency,19TH AVE,,33.602600000,-112.099708330,0,No Special Jurisdiction,8,Pedestrian,0,Not a Collision with Motor Vehicle In-Transport,0,1,1,0,1,9,Unknown,98,Not Reported,No,0,0,0,None,None,None,1,2,Non-Interstate,3,"Principal arterial, other",2,Nighttime,1,Weekday,2,Other Crash,2,Other Crash,1,Pedestrian Involved Crash,1,Involving a pedestrian fatality,2,Other Crash,2,Other Crash,2,Other Crash,3,Unknown BAC Crash,2,Other Crash,2,Other Crash,0,Not Tribal Lands
2016040082,40082,1,1,1,3,19,PIMA,355,ORO VALLEY,22,1,2016,15,30,0,7,Local,,.,98,Not Reported,CROSS RD,,32.402600000,-111.016050000,0,No Special Jurisdiction,8,Pedestrian,0,Not a Collision with Motor Vehicle In-Transport,0,1,1,0,1,1,Daylight,1,Clear,Yes,21,0,0,Within Designated School Zone,None,None,1,2,Non-Interstate,6,Local,1,Daytime,1,Weekday,2,Other Crash,2,Other Crash,1,Pedestrian Involved Crash,1,Involving a pedestrian fatality,2,Other Crash,2,Other Crash,2,Other Crash,2,All Drivers With ZERO BAC Testing Crash,2,Other Crash,2,Other Crash,0,Not Tribal Lands
2016040083,40083,2,2,1,2,13,MARICOPA,370,PHOENIX,24,1,2016,20,33,0,4,Minor Arterial,,.,4,City or Municipal Highway Agency,32ND ST,,33.467511110,-112.012986110,0,No Special Jurisdiction,8,Pedestrian,0,Not a Collision with Motor Vehicle In-Transport,0,1,1,0,1,6,Dark - Unknown Lighting,98,Not Reported,No,14,0,0,"Motor Vehicle struck by falling cargo,or something",None,None,1,2,Non-Interstate,4,Minor arterial,2,Nighttime,2,Weekend,2,Other Crash,2,Other Crash,1,Pedestrian Involved Crash,1,Involving a pedestrian fatality,2,Other Crash,2,Other Crash,2,Other Crash,1,Driver With Positive BAC Testing Crash,2,Other Crash,2,Other Crash,0,Not Tribal Lands
2016040084,40084,1,1,1,1,13,MARICOPA,370,PHOENIX,24,1,2016,23,2,1,3,Principal Arterial - Other,,.,4,City or Municipal Highway Agency,BASELINE RD,,33.377688890,-112.126366670,0,No Special Jurisdiction,8,Pedestrian,0,Not a Collision with Motor Vehicle In-Transport,0,1,1,0,1,3,Dark - Lighted,1,Clear,No,0,0,0,None,None,None,1,2,Non-Interstate,3,"Principal arterial, other",2,Nighttime,2,Weekend,2,Other Crash,2,Other Crash,1,Pedestrian Involved Crash,1,Involving a pedestrian fatality,2,Other Crash,2,Other Crash,2,Other Crash,3,Unknown BAC Crash,2,Other Crash,2,Other Crash,0,Not Tribal Lands
2016040085,40085,2,2,1,2,13,MARICOPA,370,PHOENIX,25,1,2016,6,20,0,3,Principal Arterial - Other,,.,4,City or Municipal Highway Agency,THOMAS RD,44TH LN,33.480480560,-112.155633330,0,No Special Jurisdiction,8,Pedestrian,0,Not a Collision with Motor Vehicle In-Transport,0,3,3,0,1,4,Dawn,1,Clear,No,14,0,0,"Motor Vehicle struck by falling cargo,or something",None,None,1,2,Non-Interstate,3,"Principal arterial, other",1,Daytime,1,Weekday,2,Other Crash,2,Other Crash,1,Pedestrian Involved Crash,1,Involving a pedestrian fatality,2,Other Crash,2,Other Crash,2,Other Crash,3,Unknown BAC Crash,2,Other Crash,2,Other Crash,0,Not Tribal Lands
2016040086,40086,1,1,1,2,13,MARICOPA,370,PHOENIX,26,1,2016,7,2,0,4,Minor Arterial,,.,4,City or Municipal Highway Agency,SOUTHERN AVE,,33.392225000,-112.068122220,0,No Special Jurisdiction,8,Pedestrian,0,Not a Collision with Motor Vehicle In-Transport,0,1,1,0,1,1,Daylight,98,Not Reported,No,0,0,0,None,None,None,1,2,Non-Interstate,4,Minor arterial,1,Daytime,1,Weekday,2,Other Crash,2,Other Crash,1,Pedestrian Involved Crash,1,Involving a pedestrian fatality,2,Other Crash,2,Other Crash,2,Other Crash,3,Unknown BAC Crash,2,Other Crash,2,Other Crash,0,Not Tribal Lands
2016040087,40087,1,1,1,1,13,MARICOPA,370,PHOENIX,28,1,2016,99,99,9,99,Unknown,,.,99,Unknown,UNKNOWN RD,,99.999900000,999.999900000,9,Unknown,8,Pedestrian,0,Not a Collision with Motor Vehicle In-Transport,9,99,99,0,99,9,Unknown,98,Not Reported,No,0,0,0,None,None,None,1,3,Unknown,7,Unknown,3,Unknown,1,Weekday,2,Other Crash,2,Other Crash,1,Pedestrian Involved Crash,1,Involving a pedestrian fatality,2,Other Crash,2,Other Crash,2,Other Crash,3,Unknown BAC Crash,2,Other Crash,2,Other Crash,0,Not Tribal Lands
2016040088,40088,3,3,0,6,13,MARICOPA,475,SUN CITY,3,1,2016,11,23,0,7,Local,,.,98,Not Reported,108TH AVE,US-60 GRAND AVE,33.603502780,-112.293669440,0,No Special Jurisdiction,12,Motor Vehicle In-Transport,7,Sideswipe - Same Direction,0,3,3,0,1,1,Daylight,1,Clear,No,0,0,0,None,None,None,1,2,Non-Interstate,6,Local,1,Daytime,2,Weekend,2,Other Crash,2,Other Crash,2,Other Crash,2,Other Crash,2,Other Crash,2,Other Crash,2,Other Crash,3,Unknown BAC Crash,2,Other Crash,2,Other Crash,0,Not Tribal Lands
2016040089,40089,2,2,0,3,13,MARICOPA,370,PHOENIX,12,1,2016,99,99,0,4,Minor Arterial,,.,4,City or Municipal Highway Agency,CAMELBACK RD,107TH AVE,33.508216670,-112.289975000,0,No Special Jurisdiction,12,Motor Vehicle In-Transport,2,Front-to-Front,0,2,2,0,1,6,Dark - Unknown Lighting,98,Not Reported,No,0,0,0,None,None,None,1,2,Non-Interstate,4,Minor arterial,3,Unknown,1,Weekday,2,Other Crash,2,Other Crash,2,Other Crash,2,Other Crash,2,Other Crash,2,Other Crash,2,Other Crash,3,Unknown BAC Crash,2,Other Crash,2,Other Crash,0,Not Tribal Lands
2016040090,40090,1,1,0,3,17,NAVAJO,610,WINSLOW,28,1,2016,99,99,1,1,Interstate,,.,1,State Highway Agency,I-40 FRONTAGE RD,,35.038863890,-110.725544440,0,No Special Jurisdiction,1,Rollover/Overturn,0,Not a Collision with Motor Vehicle In-Transport,0,99,99,0,99,6,Dark - Unknown Lighting,98,Not Reported,No,0,0,0,None,None,None,1,1,Interstate,1,"Interstate, principal arterial",3,Unknown,1,Weekday,2,Other Crash,2,Other Crash,2,Other Crash,2,Other Crash,2,Other Crash,2,Other Crash,2,Other Crash,2,All Drivers With ZERO BAC Testing Crash,2,Other Crash,2,Other Crash,0,Not Tribal Lands
2016040091,40091,2,2,0,3,13,MARICOPA,0,NONE LISTED,11,2,2016,16,18,0,3,Principal Arterial - Other,,.,2,County Highway Agency,CR-MCKELLIPS RD,DOBSON RD,33.451333330,-111.874619440,3,Indian Reservation,12,Motor Vehicle In-Transport,6,Angle,0,2,3,0,1,1,Daylight,1,Clear,No,0,0,0,None,None,None,1,2,Non-Interstate,3,"Principal arterial, other",1,Daytime,1,Weekday,2,Other Crash,2,Other Crash,2,Other Crash,2,Other Crash,2,Other Crash,2,Other Crash,2,Other Crash,3,Unknown BAC Crash,2,Other Crash,2,Other Crash,1,Tribal Lands
2016040092,40092,1,1,0,1,3,COCHISE,0,NONE LISTED,12,2,2016,0,52,1,1,Interstate,,.,1,State Highway Agency,I-10,,32.037763890,-110.100019440,0,No Special Jurisdiction,52,Guardrail End,0,Not a Collision with Motor Vehicle In-Transport,0,1,1,0,4,2,Dark - Not Lighted,1,Clear,No,0,0,0,None,None,None,1,1,Interstate,1,"Interstate, principal arterial",2,Nighttime,1,Weekday,2,Other Crash,2,Other Crash,2,Other Crash,2,Other Crash,2,Other Crash,2,Other Crash,2,Other Crash,2,All Drivers With ZERO BAC Testing Crash,1,Involving a Distracted Driver,2,Other Crash,0,Not Tribal Lands
2016040093,40093,2,2,0,2,13,MARICOPA,370,PHOENIX,16,2,2016,0,15,1,1,Interstate,,.,1,State Highway Agency,I-17,,33.705050000,-112.116016670,0,No Special Jurisdiction,12,Motor Vehicle In-Transport,1,Front-to-Rear,0,1,1,0,1,3,Dark - Lighted,1,Clear,No,0,0,0,None,None,None,1,1,Interstate,1,"Interstate, principal arterial",2,Nighttime,1,Weekday,2,Other Crash,2,Other Crash,2,Other Crash,2,Other Crash,2,Other Crash,2,Other Crash,2,Other Crash,3,Unknown BAC Crash,2,Other Crash,2,Other Crash,0,Not Tribal Lands
2016040094,40094,3,3,0,9,21,PINAL,0,NONE LISTED,27,2,2016,12,28,0,4,Minor Arterial,,.,2,County Highway Agency,CR-HUNT HWY,,33.159369440,-111.561355560,0,No Special Jurisdiction,12,Motor Vehicle In-Transport,6,Angle,0,8,1,0,1,1,Daylight,1,Clear,No,14,0,0,"Motor Vehicle struck by falling cargo,or something",None,None,1,2,Non-Interstate,4,Minor arterial,1,Daytime,2,Weekend,2,Other Crash,2,Other Crash,2,Other Crash,2,Other Crash,2,Other Crash,2,Other Crash,2,Other Crash,3,Unknown BAC Crash,2,Other Crash,2,Other Crash,0,Not Tribal Lands
2016040095,40095,3,2,0,4,1,APACHE,0,NONE LISTED,28,2,2016,11,41,1,3,Principal Arterial - Other,,.,1,State Highway Agency,US-60,CR-3148,34.275238890,-109.777930560,0,No Special Jurisdiction,12,Motor Vehicle In-Transport,6,Angle,0,2,2,0,1,1,Daylight,1,Clear,No,14,0,0,"Motor Vehicle struck by falling cargo,or something",None,None,2,2,Non-Interstate,3,"Principal arterial, other",1,Daytime,2,Weekend,1,Large Truck Involved Crash,2,Other Crash,2,Other Crash,2,Other Crash,2,Other Crash,2,Other Crash,2,Other Crash,3,Unknown BAC Crash,2,Other Crash,2,Other Crash,0,Not Tribal Lands
2016040096,40096,1,1,0,2,5,COCONINO,0,NONE LISTED,29,1,2016,18,17,0,7,Local,,.,98,Not Reported,UNKNOWN RD,,99.999900000,999.999900000,3,Indian Reservation,99,Unknown,0,Not a Collision with Motor Vehicle In-Transport,0,99,99,0,99,9,Unknown,98,Not Reported,No,0,0,0,None,None,None,1,2,Non-Interstate,6,Local,2,Nighttime,2,Weekend,2,Other Crash,2,Other Crash,2,Other Crash,2,Other Crash,2,Other Crash,2,Other Crash,2,Other Crash,3,Unknown BAC Crash,2,Other Crash,2,Other Crash,1,Tribal Lands
2016040097,40097,1,1,0,2,13,MARICOPA,0,NONE LISTED,7,2,2016,1,8,0,4,Minor Arterial,,.,2,County Highway Agency,CR-BASELINE RD,,33.377280560,-112.229666670,3,Indian Reservation,34,Ditch,0,Not a Collision with Motor Vehicle In-Transport,0,1,1,0,4,2,Dark - Not Lighted,1,Clear,No,0,0,0,None,None,None,2,2,Non-Interstate,4,Minor arterial,2,Nighttime,2,Weekend,2,Other Crash,2,Other Crash,2,Other Crash,2,Other Crash,2,Other Crash,2,Other Crash,2,Other Crash,1,Driver With Positive BAC Testing Crash,2,Other Crash,2,Other Crash,1,Tribal Lands
2016040098,40098,2,2,0,3,19,PIMA,355,ORO VALLEY,22,2,2016,14,37,1,3,Principal Arterial - Other,,.,1,State Highway Agency,SR-77 ORACLE RD,,32.372908330,-110.966752780,0,No Special Jurisdiction,12,Motor Vehicle In-Transport,1,Front-to-Rear,0,1,1,0,1,1,Daylight,1,Clear,No,0,0,0,None,None,None,1,2,Non-Interstate,3,"Principal arterial, other",1,Daytime,1,Weekday,2,Other Crash,1,Speeding Involved Crash,2,Other Crash,2,Other Crash,2,Other Crash,2,Other Crash,2,Other Crash,3,Unknown BAC Crash,2,Other Crash,2,Other Crash,0,Not Tribal Lands
2016040099,40099,1,1,1,1,13,MARICOPA,370,PHOENIX,25,2,2016,20,1,0,4,Minor Arterial,,.,4,City or Municipal Highway Agency,27TH AVE,,33.534572220,-112.116913890,0,No Special Jurisdiction,8,Pedestrian,0,Not a Collision with Motor Vehicle In-Transport,0,1,1,0,1,3,Dark - Lighted,1,Clear,No,0,0,0,None,None,None,1,2,Non-Interstate,4,Minor arterial,2,Nighttime,1,Weekday,2,Other Crash,2,Other Crash,1,Pedestrian Involved Crash,1,Involving a pedestrian fatality,2,Other Crash,2,Other Crash,2,Other Crash,3,Unknown BAC Crash,2,Other Crash,2,Other Crash,0,Not Tribal Lands
2016040100,40100,2,2,0,2,13,MARICOPA,290,MESA,27,2,2016,6,43,0,3,Principal Arterial - Other,,.,4,City or Municipal Highway Agency,MCKELLIPS RD,,33.451483330,-111.807808330,0,No Special Jurisdiction,12,Motor Vehicle In-Transport,2,Front-to-Front,0,1,1,0,1,1,Daylight,1,Clear,No,0,0,0,None,None,None,1,2,Non-Interstate,3,"Principal arterial, other",1,Daytime,2,Weekend,2,Other Crash,2,Other Crash,2,Other Crash,2,Other Crash,2,Other Crash,2,Other Crash,2,Other Crash,3,Unknown BAC Crash,2,Other Crash,2,Other Crash,0,Not Tribal Lands
2016040101,40101,2,2,0,2,13,MARICOPA,190,GILBERT,4,3,2016,9,16,0,4,Minor Arterial,,.,3,Town or Township Highway Agency,QUEEN CREEK RD,,33.263797220,-111.708958330,0,No Special Jurisdiction,33,Curb,0,Not a Collision with Motor Vehicle In-Transport,0,1,1,0,4,1,Daylight,1,Clear,No,0,0,0,None,None,None,1,2,Non-Interstate,4,Minor arterial,1,Daytime,1,Weekday,2,Other Crash,2,Other Crash,2,Other Crash,2,Other Crash,2,Other Crash,2,Other Crash,2,Other Crash,2,All Drivers With ZERO BAC Testing Crash,2,Other Crash,2,Other Crash,0,Not Tribal Lands
2016040102,40102,1,1,1,3,1,APACHE,0,NONE LISTED,4,3,2016,20,34,0,5,Major Collector,,.,1,State Highway Agency,US-191,,36.186602780,-109.592608330,3,Indian Reservation,8,Pedestrian,0,Not a Collision with Motor Vehicle In-Transport,0,1,1,0,1,2,Dark - Not Lighted,1,Clear,No,0,0,0,None,None,None,1,2,Non-Interstate,5,Collector,2,Nighttime,2,Weekend,2,Other Crash,2,Other Crash,1,Pedestrian Involved Crash,1,Involving a pedestrian fatality,2,Other Crash,2,Other Crash,2,Other Crash,3,Unknown BAC Crash,2,Other Crash,2,Other Crash,1,Tribal Lands
2016040103,40103,1,1,1,1,13,MARICOPA,290,MESA,6,3,2016,21,55,0,3,Principal Arterial - Other,,.,4,City or Municipal Highway Agency,UNIVERSITY DR,,33.422158330,-111.860227780,0,No Special Jurisdiction,8,Pedestrian,0,Not a Collision with Motor Vehicle In-Transport,0,1,1,0,4,3,Dark - Lighted,1,Clear,No,0,0,0,None,None,None,1,2,Non-Interstate,3,"Principal arterial, other",2,Nighttime,2,Weekend,2,Other Crash,2,Other Crash,1,Pedestrian Involved Crash,1,Involving a pedestrian fatality,2,Other Crash,2,Other Crash,2,Other Crash,3,Unknown BAC Crash,2,Other Crash,2,Other Crash,0,Not Tribal Lands
2016040104,40104,1,1,0,2,19,PIMA,0,NONE LISTED,7,3,2016,23,8,0,7,Local,,.,98,Not Reported,SHARON RD,MOKES MILE TRL,31.997630560,-110.697691670,0,No Special Jurisdiction,42,Tree (Standing Only),0,Not a Collision with Motor Vehicle In-Transport,0,3,2,0,4,3,Dark - Lighted,10,Cloudy,No,0,0,0,None,None,None,1,2,Non-Interstate,6,Local,2,Nighttime,1,Weekday,2,Other Crash,1,Speeding Involved Crash,2,Other Crash,2,Other Crash,2,Other Crash,2,Other Crash,2,Other Crash,1,Driver With Positive BAC Testing Crash,2,Other Crash,2,Other Crash,0,Not Tribal Lands
2016040105,40105,2,2,0,3,17,NAVAJO,0,NONE LISTED,8,3,2016,18,51,0,4,Minor Arterial,,.,1,State Highway Agency,SR-73,,34.023000000,-109.905305560,3,Indian Reservation,12,Motor Vehicle In-Transport,2,Front-to-Front,0,1,1,0,1,5,Dusk,10,Cloudy,No,0,0,0,None,None,None,2,2,Non-Interstate,4,Minor arterial,2,Nighttime,1,Weekday,2,Other Crash,2,Other Crash,2,Other Crash,2,Other Crash,2,Other Crash,2,Other Crash,2,Other Crash,3,Unknown BAC Crash,2,Other Crash,2,Other Crash,1,Tribal Lands
2016040106,40106,1,1,1,1,21,PINAL,297,MARICOPA WELLS,10,3,2016,19,22,0,4,Minor Arterial,,.,4,City or Municipal Highway Agency,MARICOPA CASA GRANDE HWY,,33.044544440,-112.028347220,0,No Special Jurisdiction,8,Pedestrian,0,Not a Collision with Motor Vehicle In-Transport,0,1,1,0,1,2,Dark - Not Lighted,1,Clear,No,0,0,0,None,None,None,1,2,Non-Interstate,4,Minor arterial,2,Nighttime,1,Weekday,2,Other Crash,2,Other Crash,1,Pedestrian Involved Crash,1,Involving a pedestrian fatality,2,Other Crash,2,Other Crash,2,Other Crash,3,Unknown BAC Crash,2,Other Crash,2,Other Crash,0,Not Tribal Lands
2016040107,40107,2,2,0,5,21,PINAL,0,NONE LISTED,11,3,2016,16,45,0,5,Major Collector,,.,2,County Highway Agency,CR-ARIZONA FARMS RD,APOLLO DR,33.118302780,-111.503627780,0,No Special Jurisdiction,12,Motor Vehicle In-Transport,1,Front-to-Rear,0,3,3,0,1,1,Daylight,7,"Blowing Sand, Soil, Dirt",No,0,0,0,None,None,None,1,2,Non-Interstate,5,Collector,1,Daytime,1,Weekday,2,Other Crash,2,Other Crash,2,Other Crash,2,Other Crash,2,Other Crash,2,Other Crash,2,Other Crash,3,Unknown BAC Crash,2,Other Crash,2,Other Crash,0,Not Tribal Lands
2016040108,40108,1,1,0,1,13,MARICOPA,290,MESA,11,3,2016,22,10,0,3,Principal Arterial - Other,,.,1,State Highway Agency,GILBERT RD,US-60 RAMP,33.385375000,-111.788430560,0,No Special Jurisdiction,33,Curb,0,Not a Collision with Motor Vehicle In-Transport,1,3,2,0,3,3,Dark - Lighted,10,Cloudy,No,0,0,0,None,None,None,1,2,Non-Interstate,3,"Principal arterial, other",2,Nighttime,2,Weekend,2,Other Crash,2,Other Crash,2,Other Crash,2,Other Crash,2,Other Crash,2,Other Crash,2,Other Crash,1,Driver With Positive BAC Testing Crash,2,Other Crash,2,Other Crash,0,Not Tribal Lands
2016040109,40109,2,2,0,4,21,PINAL,0,NONE LISTED,12,3,2016,15,0,0,5,Major Collector,,.,1,State Highway Agency,SR-177,BATTLE AXE RD,33.179458330,-111.039597220,0,No Special Jurisdiction,1,Rollover/Overturn,0,Not a Collision with Motor Vehicle In-Transport,0,3,3,0,1,1,Daylight,1,Clear,No,0,0,0,None,None,None,1,2,Non-Interstate,5,Collector,1,Daytime,2,Weekend,2,Other Crash,1,Speeding Involved Crash,2,Other Crash,2,Other Crash,2,Other Crash,2,Other Crash,2,Other Crash,3,Unknown BAC Crash,2,Other Crash,2,Other Crash,0,Not Tribal Lands
2016040110,40110,1,1,1,1,13,MARICOPA,220,GOODYEAR,16,3,2016,5,12,1,1,Interstate,,.,1,State Highway Agency,I-10 RAMP,,33.460838890,-112.395216670,0,No Special Jurisdiction,8,Pedestrian,0,Not a Collision with Motor Vehicle In-Transport,1,20,1,0,1,3,Dark - Lighted,1,Clear,No,0,0,0,None,None,None,1,1,Interstate,1,"Interstate, principal arterial",2,Nighttime,1,Weekday,2,Other Crash,2,Other Crash,1,Pedestrian Involved Crash,1,Involving a pedestrian fatality,2,Other Crash,2,Other Crash,2,Other Crash,3,Unknown BAC Crash,2,Other Crash,2,Other Crash,0,Not Tribal Lands
2016040111,40111,2,2,0,2,19,PIMA,295,MARANA,19,3,2016,4,16,1,1,Interstate,,.,1,State Highway Agency,I-10,,32.394538890,-111.123052780,0,No Special Jurisdiction,12,Motor Vehicle In-Transport,2,Front-to-Front,0,1,1,0,1,2,Dark - Not Lighted,1,Clear,No,0,0,0,None,None,None,2,1,Interstate,1,"Interstate, principal arterial",2,Nighttime,2,Weekend,2,Other Crash,2,Other Crash,2,Other Crash,2,Other Crash,2,Other Crash,2,Other Crash,2,Other Crash,1,Driver With Positive BAC Testing Crash,2,Other Crash,2,Other Crash,0,Not Tribal Lands
2016040112,40112,2,2,0,3,13,MARICOPA,368,PEORIA,20,3,2016,13,52,0,4,Minor Arterial,,.,4,City or Municipal Highway Agency,83RD AVE,BEARDSLEY RD,33.667136110,-112.237877780,0,No Special Jurisdiction,12,Motor Vehicle In-Transport,6,Angle,0,2,2,0,1,1,Daylight,1,Clear,No,0,0,0,None,None,None,1,2,Non-Interstate,4,Minor arterial,1,Daytime,2,Weekend,2,Other Crash,2,Other Crash,2,Other Crash,2,Other Crash,2,Other Crash,2,Other Crash,2,Other Crash,3,Unknown BAC Crash,2,Other Crash,2,Other Crash,0,Not Tribal Lands
2016040113,40113,1,1,0,1,19,PIMA,0,NONE LISTED,20,3,2016,17,55,0,7,Local,,.,98,Not Reported,OLD NOGALES HWY,,32.065000000,-110.953058330,0,No Special Jurisdiction,38,Fence,0,Not a Collision with Motor Vehicle In-Transport,0,1,1,0,4,5,Dusk,1,Clear,No,0,0,0,None,None,None,1,2,Non-Interstate,6,Local,1,Daytime,2,Weekend,2,Other Crash,1,Speeding Involved Crash,2,Other Crash,2,Other Crash,2,Other Crash,2,Other Crash,2,Other Crash,1,Driver With Positive BAC Testing Crash,2,Other Crash,2,Other Crash,0,Not Tribal Lands
2016040114,40114,1,1,1,5,13,MARICOPA,200,GLENDALE,20,3,2016,20,30,0,4,Minor Arterial,,.,4,City or Municipal Highway Agency,67TH AVE,MONTEBELLO AVE,33.520738890,-112.203208330,0,No Special Jurisdiction,8,Pedestrian,0,Not a Collision with Motor Vehicle In-Transport,0,2,3,0,1,3,Dark - Lighted,1,Clear,No,0,0,0,None,None,None,1,2,Non-Interstate,4,Minor arterial,2,Nighttime,2,Weekend,2,Other Crash,2,Other Crash,1,Pedestrian Involved Crash,1,Involving a pedestrian fatality,2,Other Crash,2,Other Crash,2,Other Crash,3,Unknown BAC Crash,2,Other Crash,2,Other Crash,0,Not Tribal Lands
2016040116,40116,1,1,0,1,13,MARICOPA,370,PHOENIX,21,3,2016,15,43,0,7,Local,,.,98,Not Reported,CENTRAL AVE,MOUNTAIN VIEW RD,33.575094440,-112.073938890,0,No Special Jurisdiction,33,Curb,0,Not a Collision with Motor Vehicle In-Transport,0,3,5,0,4,1,Daylight,1,Clear,No,0,0,0,None,None,None,1,2,Non-Interstate,6,Local,1,Daytime,1,Weekday,2,Other Crash,1,Speeding Involved Crash,2,Other Crash,2,Other Crash,2,Other Crash,2,Other Crash,2,Other Crash,3,Unknown BAC Crash,2,Other Crash,2,Other Crash,0,Not Tribal Lands
2016040117,40117,1,1,1,2,13,MARICOPA,190,GILBERT,21,3,2016,19,54,0,4,Minor Arterial,,.,3,Town or Township Highway Agency,QUEEN CREEK RD,RANCH HOUSE PKWY,33.264155560,-111.695069440,0,No Special Jurisdiction,9,Pedalcyclist,0,Not a Collision with Motor Vehicle In-Transport,0,2,2,0,1,3,Dark - Lighted,1,Clear,No,0,0,0,None,None,None,1,2,Non-Interstate,4,Minor arterial,2,Nighttime,1,Weekday,2,Other Crash,2,Other Crash,2,Other Crash,2,Other Crash,1,Pedalcyclist Involved Crash,1,Involving a pedacyclist fatality,2,Other Crash,3,Unknown BAC Crash,2,Other Crash,2,Other Crash,0,Not Tribal Lands