accident_id,ST_CASE,VE_TOTAL,VE_FORMS,PEDS,PERSONS,COUNTY,county_name,CITY,city_name,DAY,MONTH,YEAR,HOUR,MINUTE,NHS,FUNC_SYS,func_sys_lit,ROAD_FNC,road_fnc_lit,RD_OWNER,rd_owner_lit,TWAY_ID,TWAY_ID2,LATITUDE,LONGITUD,SP_JUR,sp_jur_lit,HARM_EV,harm_ev_lit,MAN_COLL,man_coll_lit,RELJCT1,RELJCT2,TYP_INT,WRK_ZONE,REL_ROAD,LGT_COND,lgt_cond_lit,WEATHER,weather_lit,SCH_BUS,CF1,CF2,CF3,cf1_lit,cf2_lit,cf3_lit,FATALS,A_INTER,a_inter_lit,A_ROADFC,a_road_fc_lit,A_TOD,a_tod_lit,A_DOW,a_dow_lit,A_LT,a_lt_lit,A_SPCRA,a_spcra_lit,A_PED,a_ped_lit,A_PED_F,a_ped_f_lit,A_PEDAL,a_pedal_lit,A_PEDAL_F,a_pedal_f_lit,A_POLPUR,a_polour_lit,A_POSBAC,a_posbac_lit,A_DIST,a_dist_lit,A_DROWSY,a_drowsy_lit,INDIAN_RES,indian_res_lit
2016040163,40163,1,1,1,1,13,MARICOPA,420,SCOTTSDALE,1,4,2016,20,55,1,3,Principal Arterial - Other,,.,4,City or Municipal Highway Agency,SCOTTSDALE RD,,33.462800000,-111.926369440,0,No Special Jurisdiction,8,Pedestrian,0,Not a Collision with Motor Vehicle In-Transport,0,1,1,0,1,3,Dark - Lighted,1,Clear,No,0,0,0,None,None,None,1,2,Non-Interstate,3,"Principal arterial, other",2,Nighttime,2,Weekend,2,Other Crash,2,Other Crash,1,Pedestrian Involved Crash,1,Involving a pedestrian fatality,2,Other Crash,2,Other Crash,2,Other Crash,3,Unknown BAC Crash,2,Other Crash,2,Other Crash,0,Not Tribal Lands
2016040164,40164,2,2,0,3,21,PINAL,22,APACHE JUNCTION,1,4,2016,21,31,0,4,Minor Arterial,,.,4,City or Municipal Highway Agency,IRONWOOD DR,ROUNDUP ST,33.425983330,-111.563433330,0,No Special Jurisdiction,12,Motor Vehicle In-Transport,6,Angle,0,2,2,0,1,3,Dark - Lighted,1,Clear,No,0,0,0,None,None,None,1,2,Non-Interstate,4,Minor arterial,2,Nighttime,2,Weekend,2,Other Crash,2,Other Crash,2,Other Crash,2,Other Crash,2,Other Crash,2,Other Crash,2,Other Crash,2,All Drivers With ZERO BAC Testing Crash,2,Other Crash,2,Other Crash,0,Not Tribal Lands
2016040166,40166,2,2,0,2,17,NAVAJO,0,NONE LISTED,2,4,2016,1,24,0,5,Major Collector,,.,1,State Highway Agency,SR-277,,34.438055560,-110.535316670,0,No Special Jurisdiction,12,Motor Vehicle In-Transport,2,Front-to-Front,0,1,1,0,1,2,Dark - Not Lighted,1,Clear,No,0,0,0,None,None,None,1,2,Non-Interstate,5,Collector,2,Nighttime,2,Weekend,1,Large Truck Involved Crash,2,Other Crash,2,Other Crash,2,Other Crash,2,Other Crash,2,Other Crash,2,Other Crash,3,Unknown BAC Crash,2,Other Crash,2,Other Crash,0,Not Tribal Lands
2016040167,40167,1,1,1,1,13,MARICOPA,420,SCOTTSDALE,2,4,2016,3,22,0,3,Principal Arterial - Other,,.,4,City or Municipal Highway Agency,HAYDEN RD,,33.482486110,-111.909027780,0,No Special Jurisdiction,8,Pedestrian,0,Not a Collision with Motor Vehicle In-Transport,0,1,1,0,1,3,Dark - Lighted,1,Clear,No,0,0,0,None,None,None,1,2,Non-Interstate,3,"Principal arterial, other",2,Nighttime,2,Weekend,2,Other Crash,2,Other Crash,1,Pedestrian Involved Crash,1,Involving a pedestrian fatality,2,Other Crash,2,Other Crash,2,Other Crash,3,Unknown BAC Crash,2,Other Crash,2,Other Crash,0,Not Tribal Lands
2016040168,40168,2,2,0,2,25,YAVAPAI,373,PRESCOTT VALLEY,2,4,2016,12,31,1,3,Principal Arterial - Other,,.,1,State Highway Agency,SR-69,,34.577566670,-112.292230560,0,No Special Jurisdiction,12,Motor Vehicle In-Transport,1,Front-to-Rear,0,1,1,0,1,1,Daylight,1,Clear,No,0,0,0,None,None,None,1,2,Non-Interstate,3,"Principal arterial, other",1,Daytime,2,Weekend,2,Other Crash,1,Speeding Involved Crash,2,Other Crash,2,Other Crash,2,Other Crash,2,Other Crash,2,Other Crash,2,All Drivers With ZERO BAC Testing Crash,1,Involving a Distracted Driver,2,Other Crash,0,Not Tribal Lands
2016040169,40169,2,2,0,3,13,MARICOPA,190,GILBERT,4,4,2016,14,0,0,3,Principal Arterial - Other,,.,3,Town or Township Highway Agency,VAL VISTA DR,,33.321250000,-111.757727780,0,No Special Jurisdiction,12,Motor Vehicle In-Transport,6,Angle,0,8,1,0,1,1,Daylight,1,Clear,No,0,0,0,None,None,None,1,2,Non-Interstate,3,"Principal arterial, other",1,Daytime,1,Weekday,2,Other Crash,2,Other Crash,2,Other Crash,2,Other Crash,2,Other Crash,2,Other Crash,2,Other Crash,3,Unknown BAC Crash,2,Other Crash,2,Other Crash,0,Not Tribal Lands
2016040170,40170,2,2,0,2,13,MARICOPA,420,SCOTTSDALE,4,4,2016,16,6,0,4,Minor Arterial,,.,4,City or Municipal Highway Agency,INDIAN BEND RD,,33.538450000,-111.906438890,0,No Special Jurisdiction,12,Motor Vehicle In-Transport,99,Unknown,0,8,1,0,1,1,Daylight,1,Clear,No,0,0,0,None,None,None,1,2,Non-Interstate,4,Minor arterial,1,Daytime,1,Weekday,2,Other Crash,2,Other Crash,2,Other Crash,2,Other Crash,2,Other Crash,2,Other Crash,2,Other Crash,2,All Drivers With ZERO BAC Testing Crash,2,Other Crash,2,Other Crash,0,Not Tribal Lands
2016040171,40171,1,1,0,2,17,NAVAJO,0,NONE LISTED,6,4,2016,13,0,0,4,Minor Arterial,,.,1,State Highway Agency,SR-264,,35.839105560,-110.307244440,3,Indian Reservation,38,Fence,0,Not a Collision with Motor Vehicle In-Transport,0,1,1,0,4,1,Daylight,1,Clear,No,0,0,0,None,None,None,1,2,Non-Interstate,4,Minor arterial,1,Daytime,1,Weekday,2,Other Crash,2,Other Crash,2,Other Crash,2,Other Crash,2,Other Crash,2,Other Crash,2,Other Crash,3,Unknown BAC Crash,2,Other Crash,2,Other Crash,1,Tribal Lands
2016040172,40172,4,4,0,6,19,PIMA,295,MARANA,6,4,2016,13,35,0,3,Principal Arterial - Other,,.,3,Town or Township Highway Agency,THORNYDALE RD,COSTCO DR,32.326025000,-111.045894440,0,No Special Jurisdiction,59,Traffic Sign Support,0,Not a Collision with Motor Vehicle In-Transport,0,1,1,0,4,1,Daylight,1,Clear,No,0,0,0,None,None,None,1,2,Non-Interstate,3,"Principal arterial, other",1,Daytime,1,Weekday,2,Other Crash,1,Speeding Involved Crash,2,Other Crash,2,Other Crash,2,Other Crash,2,Other Crash,2,Other Crash,3,Unknown BAC Crash,2,Other Crash,2,Other Crash,0,Not Tribal Lands
2016040173,40173,1,1,1,1,13,MARICOPA,290,MESA,6,4,2016,23,48,0,3,Principal Arterial - Other,,.,4,City or Municipal Highway Agency,ALMA SCHOOL RD,UNIVERSITY DR,33.421966670,-111.856397220,0,No Special Jurisdiction,8,Pedestrian,0,Not a Collision with Motor Vehicle In-Transport,0,3,2,0,1,3,Dark - Lighted,10,Cloudy,No,0,0,0,None,None,None,1,2,Non-Interstate,3,"Principal arterial, other",2,Nighttime,1,Weekday,2,Other Crash,2,Other Crash,1,Pedestrian Involved Crash,1,Involving a pedestrian fatality,2,Other Crash,2,Other Crash,2,Other Crash,3,Unknown BAC Crash,2,Other Crash,2,Other Crash,0,Not Tribal Lands
2016040174,40174,1,1,1,1,21,PINAL,297,MARICOPA WELLS,8,4,2016,19,27,1,3,Principal Arterial - Other,,.,1,State Highway Agency,SR-347 JOHN WAYNE PKWY,MARICOPA CASA GRANDE HWY,33.057194440,-112.047983330,0,No Special Jurisdiction,8,Pedestrian,0,Not a Collision with Motor Vehicle In-Transport,0,3,3,0,1,3,Dark - Lighted,10,Cloudy,No,0,0,0,None,None,None,1,2,Non-Interstate,3,"Principal arterial, other",2,Nighttime,2,Weekend,2,Other Crash,2,Other Crash,1,Pedestrian Involved Crash,1,Involving a pedestrian fatality,2,Other Crash,2,Other Crash,2,Other Crash,3,Unknown BAC Crash,2,Other Crash,2,Other Crash,0,Not Tribal Lands
2016040176,40176,2,2,0,2,13,MARICOPA,190,GILBERT,9,4,2016,9,27,0,4,Minor Arterial,,.,3,Town or Township Highway Agency,GERMANN RD,RESEDA ST,33.277580560,-111.731683330,0,No Special Jurisdiction,12,Motor Vehicle In-Transport,1,Front-to-Rear,0,3,3,0,1,1,Daylight,1,Clear,No,0,0,0,None,None,None,1,2,Non-Interstate,4,Minor arterial,1,Daytime,2,Weekend,2,Other Crash,2,Other Crash,2,Other Crash,2,Other Crash,2,Other Crash,2,Other Crash,2,Other Crash,3,Unknown BAC Crash,2,Other Crash,2,Other Crash,0,Not Tribal Lands
2016040177,40177,1,1,0,3,13,MARICOPA,368,PEORIA,9,4,2016,18,2,0,7,Local,,.,98,Not Reported,FIRE SERVICE RD,,33.832797220,-112.236830560,0,No Special Jurisdiction,1,Rollover/Overturn,0,Not a Collision with Motor Vehicle In-Transport,0,1,1,0,1,1,Daylight,1,Clear,No,0,0,0,None,None,None,1,2,Non-Interstate,6,Local,2,Nighttime,2,Weekend,2,Other Crash,1,Speeding Involved Crash,2,Other Crash,2,Other Crash,2,Other Crash,2,Other Crash,2,Other Crash,1,Driver With Positive BAC Testing Crash,2,Other Crash,2,Other Crash,0,Not Tribal Lands
2016040178,40178,2,2,0,2,19,PIMA,530,TUCSON,9,4,2016,22,18,0,4,Minor Arterial,,.,4,City or Municipal Highway Agency,HARRISON RD,PIKES PEAK DR,32.203313890,-110.789808330,0,No Special Jurisdiction,12,Motor Vehicle In-Transport,6,Angle,0,2,3,0,1,3,Dark - Lighted,10,Cloudy,No,0,0,0,None,None,None,2,2,Non-Interstate,4,Minor arterial,2,Nighttime,2,Weekend,2,Other Crash,1,Speeding Involved Crash,2,Other Crash,2,Other Crash,2,Other Crash,2,Other Crash,2,Other Crash,1,Driver With Positive BAC Testing Crash,2,Other Crash,2,Other Crash,0,Not Tribal Lands
2016040180,40180,3,1,0,2,25,YAVAPAI,386,PRESCOTT,10,4,2016,17,13,0,4,Minor Arterial,,.,4,City or Municipal Highway Agency,SR-89 SHELDON ST,GURLEY ST,34.544677780,-112.453244440,0,No Special Jurisdiction,33,Curb,0,Not a Collision with Motor Vehicle In-Transport,0,3,3,0,4,1,Daylight,10,Cloudy,No,14,0,0,"Motor Vehicle struck by falling cargo,or something",None,None,1,2,Non-Interstate,4,Minor arterial,1,Daytime,2,Weekend,2,Other Crash,2,Other Crash,2,Other Crash,2,Other Crash,2,Other Crash,2,Other Crash,2,Other Crash,2,All Drivers With ZERO BAC Testing Crash,2,Other Crash,2,Other Crash,0,Not Tribal Lands
2016040181,40181,1,1,1,1,13,MARICOPA,290,MESA,11,4,2016,14,26,0,3,Principal Arterial - Other,,.,4,City or Municipal Highway Agency,MAIN ST,DOBSON RD,33.414730560,-111.874541670,0,No Special Jurisdiction,15,Non-Motorist on Personal Conveyance,0,Not a Collision with Motor Vehicle In-Transport,0,3,2,0,1,1,Daylight,1,Clear,No,0,0,0,None,None,None,1,2,Non-Interstate,3,"Principal arterial, other",1,Daytime,1,Weekday,2,Other Crash,2,Other Crash,2,Other Crash,2,Other Crash,2,Other Crash,2,Other Crash,2,Other Crash,3,Unknown BAC Crash,2,Other Crash,2,Other Crash,0,Not Tribal Lands
2016040182,40182,1,1,0,1,3,COCHISE,431,SIERRA VISTA,11,4,2016,16,52,0,4,Minor Arterial,,.,4,City or Municipal Highway Agency,MARTIN LUTHER KING PKWY,,31.558527780,-110.269927780,0,No Special Jurisdiction,33,Curb,0,Not a Collision with Motor Vehicle In-Transport,0,1,1,0,4,9,Unknown,10,Cloudy,No,0,0,0,None,None,None,1,2,Non-Interstate,4,Minor arterial,1,Daytime,1,Weekday,2,Other Crash,1,Speeding Involved Crash,2,Other Crash,2,Other Crash,2,Other Crash,2,Other Crash,2,Other Crash,1,Driver With Positive BAC Testing Crash,2,Other Crash,2,Other Crash,0,Not Tribal Lands
2016040183,40183,1,1,0,1,13,MARICOPA,420,SCOTTSDALE,17,4,2016,11,6,0,7,Local,,.,98,Not Reported,100TH ST,VOGEL AVE,33.574963890,-111.868619440,0,No Special Jurisdiction,33,Curb,0,Not a Collision with Motor Vehicle In-Transport,0,3,3,0,4,1,Daylight,1,Clear,No,0,0,0,None,None,None,1,2,Non-Interstate,6,Local,1,Daytime,2,Weekend,2,Other Crash,1,Speeding Involved Crash,2,Other Crash,2,Other Crash,2,Other Crash,2,Other Crash,2,Other Crash,2,All Drivers With ZERO BAC Testing Crash,2,Other Crash,2,Other Crash,0,Not Tribal Lands
2016040184,40184,2,2,0,2,19,PIMA,530,TUCSON,19,4,2016,7,38,1,2,Principal Arterial - Other Freeways,,.,1,State Highway Agency,SR-210 AVIATION PKWY,,32.212100000,-110.949552780,0,No Special Jurisdiction,12,Motor Vehicle In-Transport,1,Front-to-Rear,1,18,1,0,1,1,Daylight,1,Clear,No,23,0,0,Indication of a Stalled/Disabled Vehicle,None,None,1,2,Non-Interstate,2,"Freeway and expressway, principal arterial",1,Daytime,1,Weekday,2,Other Crash,1,Speeding Involved Crash,2,Other Crash,2,Other Crash,2,Other Crash,2,Other Crash,2,Other Crash,3,Unknown BAC Crash,2,Other Crash,2,Other Crash,0,Not Tribal Lands
2016040185,40185,1,1,0,1,13,MARICOPA,420,SCOTTSDALE,20,4,2016,2,47,0,5,Major Collector,,.,4,City or Municipal Highway Agency,THUNDERBIRD RD,,33.611583330,-111.883466670,0,No Special Jurisdiction,42,Tree (Standing Only),0,Not a Collision with Motor Vehicle In-Transport,0,1,1,0,3,3,Dark - Lighted,1,Clear,No,0,0,0,None,None,None,1,2,Non-Interstate,5,Collector,2,Nighttime,1,Weekday,2,Other Crash,1,Speeding Involved Crash,2,Other Crash,2,Other Crash,2,Other Crash,2,Other Crash,2,Other Crash,1,Driver With Positive BAC Testing Crash,2,Other Crash,2,Other Crash,0,Not Tribal Lands
2016040186,40186,2,2,0,8,17,NAVAJO,0,NONE LISTED,22,4,2016,19,13,1,1,Interstate,,.,1,State Highway Agency,I-40,,34.993369440,-109.940586110,0,No Special Jurisdiction,1,Rollover/Overturn,0,Not a Collision with Motor Vehicle In-Transport,0,1,1,0,1,2,Dark - Not Lighted,1,Clear,No,0,0,0,None,None,None,2,1,Interstate,1,"Interstate, principal arterial",2,Nighttime,2,Weekend,1,Large Truck Involved Crash,2,Other Crash,2,Other Crash,2,Other Crash,2,Other Crash,2,Other Crash,2,Other Crash,3,Unknown BAC Crash,2,Other Crash,2,Other Crash,0,Not Tribal Lands
2016040187,40187,1,1,0,5,7,GILA,0,NONE LISTED,25,4,2016,21,51,0,4,Minor Arterial,,.,1,State Highway Agency,SR-87,,34.372041670,-111.445022220,0,No Special Jurisdiction,42,Tree (Standing Only),0,Not a Collision with Motor Vehicle In-Transport,0,1,1,0,4,2,Dark - Not Lighted,1,Clear,No,0,0,0,None,None,None,4,2,Non-Interstate,4,Minor arterial,2,Nighttime,1,Weekday,2,Other Crash,1,Speeding Involved Crash,2,Other Crash,2,Other Crash,2,Other Crash,2,Other Crash,2,Other Crash,3,Unknown BAC Crash,2,Other Crash,1,Involving a Drowsy Driver,0,Not Tribal Lands
2016040188,40188,1,1,0,1,13,MARICOPA,368,PEORIA,26,4,2016,22,55,1,3,Principal Arterial - Other,,.,1,State Highway Agency,US-60 GRAND AVE,,33.561761110,-112.212411110,0,No Special Jurisdiction,1,Rollover/Overturn,0,Not a Collision with Motor Vehicle In-Transport,0,1,1,0,3,3,Dark - Lighted,1,Clear,No,0,0,0,None,None,None,1,2,Non-Interstate,3,"Principal arterial, other",2,Nighttime,1,Weekday,2,Other Crash,1,Speeding Involved Crash,2,Other Crash,2,Other Crash,2,Other Crash,2,Other Crash,2,Other Crash,1,Driver With Positive BAC Testing Crash,2,Other Crash,2,Other Crash,0,Not Tribal Lands
2016040189,40189,1,1,0,2,13,MARICOPA,0,NONE LISTED,27,4,2016,18,47,1,1,Interstate,,.,1,State Highway Agency,I-10,,33.520916670,-113.073422220,0,No Special Jurisdiction,1,Rollover/Overturn,0,Not a Collision with Motor Vehicle In-Transport,1,19,1,0,4,5,Dusk,1,Clear,No,0,0,0,None,None,None,1,1,Interstate,1,"Interstate, principal arterial",2,Nighttime,1,Weekday,2,Other Crash,1,Speeding Involved Crash,2,Other Crash,2,Other Crash,2,Other Crash,2,Other Crash,2,Other Crash,3,Unknown BAC Crash,2,Other Crash,1,Involving a Drowsy Driver,0,Not Tribal Lands
2016040190,40190,1,1,0,1,19,PIMA,295,MARANA,29,4,2016,19,14,0,7,Local,,.,98,Not Reported,SILVERBELL RD,JACKSON FLATS TRL,32.395375000,-111.150761110,0,No Special Jurisdiction,17,Boulder,0,Not a Collision with Motor Vehicle In-Transport,0,1,1,0,4,5,Dusk,1,Clear,No,0,0,0,None,None,None,1,2,Non-Interstate,6,Local,2,Nighttime,2,Weekend,2,Other Crash,2,Other Crash,2,Other Crash,2,Other Crash,2,Other Crash,2,Other Crash,2,Other Crash,3,Unknown BAC Crash,2,Other Crash,2,Other Crash,0,Not Tribal Lands
2016040192,40192,1,1,1,1,13,MARICOPA,370,PHOENIX,9,3,2016,19,36,0,3,Principal Arterial - Other,,.,4,City or Municipal Highway Agency,35TH AVE,SHERMAN ST,33.440575000,-112.134558330,0,No Special Jurisdiction,8,Pedestrian,0,Not a Collision with Motor Vehicle In-Transport,0,2,2,0,1,3,Dark - Lighted,1,Clear,No,0,0,0,None,None,None,1,2,Non-Interstate,3,"Principal arterial, other",2,Nighttime,1,Weekday,2,Other Crash,2,Other Crash,1,Pedestrian Involved Crash,1,Involving a pedestrian fatality,2,Other Crash,2,Other Crash,2,Other Crash,3,Unknown BAC Crash,2,Other Crash,2,Other Crash,0,Not Tribal Lands
2016040193,40193,1,1,1,1,13,MARICOPA,420,SCOTTSDALE,13,3,2016,22,21,0,3,Principal Arterial - Other,,.,4,City or Municipal Highway Agency,HAYDEN RD,,33.503288890,-111.908616670,0,No Special Jurisdiction,8,Pedestrian,0,Not a Collision with Motor Vehicle In-Transport,0,1,1,0,1,3,Dark - Lighted,1,Clear,No,0,0,0,None,None,None,1,2,Non-Interstate,3,"Principal arterial, other",2,Nighttime,2,Weekend,2,Other Crash,2,Other Crash,1,Pedestrian Involved Crash,1,Involving a pedestrian fatality,2,Other Crash,2,Other Crash,2,Other Crash,3,Unknown BAC Crash,2,Other Crash,2,Other Crash,0,Not Tribal Lands
2016040194,40194,1,1,0,4,21,PINAL,256,KEARNY,27,3,2016,10,48,0,5,Major Collector,,.,1,State Highway Agency,SR-177,UPTON DR,33.058563890,-110.903794440,0,No Special Jurisdiction,33,Curb,0,Not a Collision with Motor Vehicle In-Transport,0,3,2,0,4,1,Daylight,1,Clear,No,0,0,0,None,None,None,1,2,Non-Interstate,5,Collector,1,Daytime,2,Weekend,2,Other Crash,2,Other Crash,2,Other Crash,2,Other Crash,2,Other Crash,2,Other Crash,2,Other Crash,2,All Drivers With ZERO BAC Testing Crash,2,Other Crash,2,Other Crash,0,Not Tribal Lands
2016040195,40195,1,1,0,1,13,MARICOPA,490,TEMPE,17,4,2016,10,6,0,3,Principal Arterial - Other,,.,4,City or Municipal Highway Agency,BROADWAY RD,,33.407455560,-111.901766670,0,No Special Jurisdiction,33,Curb,0,Not a Collision with Motor Vehicle In-Transport,0,1,1,0,3,1,Daylight,1,Clear,No,0,0,0,None,None,None,1,2,Non-Interstate,3,"Principal arterial, other",1,Daytime,2,Weekend,2,Other Crash,1,Speeding Involved Crash,2,Other Crash,2,Other Crash,2,Other Crash,2,Other Crash,2,Other Crash,2,All Drivers With ZERO BAC Testing Crash,2,Other Crash,2,Other Crash,0,Not Tribal Lands
2016040198,40198,1,1,0,1,19,PIMA,0,NONE LISTED,1,3,2016,10,6,0,5,Major Collector,,.,1,State Highway Agency,SR-386,,31.955836110,-111.626894440,3,Indian Reservation,1,Rollover/Overturn,0,Not a Collision with Motor Vehicle In-Transport,0,1,1,0,4,9,Unknown,99,Unknown,No,0,0,0,None,None,None,1,2,Non-Interstate,5,Collector,1,Daytime,1,Weekday,2,Other Crash,2,Other Crash,2,Other Crash,2,Other Crash,2,Other Crash,2,Other Crash,2,Other Crash,3,Unknown BAC Crash,2,Other Crash,2,Other Crash,1,Tribal Lands
2016040199,40199,1,1,5,1,19,PIMA,0,NONE LISTED,3,3,2016,12,30,0,4,Minor Arterial,,.,2,County Highway Agency,CR-LA CANADA DR,CR-HARDY RD,32.366447220,-110.995844440,0,No Special Jurisdiction,9,Pedalcyclist,0,Not a Collision with Motor Vehicle In-Transport,0,3,2,0,4,1,Daylight,1,Clear,No,0,0,0,None,None,None,2,2,Non-Interstate,4,Minor arterial,1,Daytime,1,Weekday,2,Other Crash,2,Other Crash,2,Other Crash,2,Other Crash,1,Pedalcyclist Involved Crash,1,Involving a pedacyclist fatality,2,Other Crash,2,All Drivers With ZERO BAC Testing Crash,2,Other Crash,2,Other Crash,0,Not Tribal Lands
2016040200,40200,2,2,0,5,13,MARICOPA,80,CHANDLER,3,3,2016,15,19,0,3,Principal Arterial - Other,,.,4,City or Municipal Highway Agency,DOBSON RD,RAY RD,33.320569440,-111.876408330,0,No Special Jurisdiction,12,Motor Vehicle In-Transport,6,Angle,0,2,2,0,1,1,Daylight,1,Clear,No,0,0,0,None,None,None,1,2,Non-Interstate,3,"Principal arterial, other",1,Daytime,1,Weekday,2,Other Crash,2,Other Crash,2,Other Crash,2,Other Crash,2,Other Crash,2,Other Crash,2,Other Crash,3,Unknown BAC Crash,2,Other Crash,2,Other Crash,0,Not Tribal Lands
2016040201,40201,3,3,0,3,13,MARICOPA,0,NONE LISTED,8,3,2016,7,30,0,4,Minor Arterial,,.,2,County Highway Agency,CR-ELLIOT RD,51ST AVE,33.348919440,-111.975716670,0,No Special Jurisdiction,12,Motor Vehicle In-Transport,7,Sideswipe - Same Direction,0,3,2,0,1,1,Daylight,1,Clear,No,14,0,0,"Motor Vehicle struck by falling cargo,or something",None,None,1,2,Non-Interstate,4,Minor arterial,1,Daytime,1,Weekday,1,Large Truck Involved Crash,1,Speeding Involved Crash,2,Other Crash,2,Other Crash,2,Other Crash,2,Other Crash,2,Other Crash,1,Driver With Positive BAC Testing Crash,2,Other Crash,2,Other Crash,0,Not Tribal Lands
2016040202,40202,1,1,1,1,17,NAVAJO,565,WHITERIVER,11,3,2016,19,18,0,4,Minor Arterial,,.,1,State Highway Agency,SR-73,,33.856222220,-109.964247220,3,Indian Reservation,8,Pedestrian,0,Not a Collision with Motor Vehicle In-Transport,0,1,1,0,1,9,Unknown,98,Not Reported,No,0,0,0,None,None,None,1,2,Non-Interstate,4,Minor arterial,2,Nighttime,2,Weekend,2,Other Crash,2,Other Crash,1,Pedestrian Involved Crash,1,Involving a pedestrian fatality,2,Other Crash,2,Other Crash,2,Other Crash,3,Unknown BAC Crash,2,Other Crash,2,Other Crash,1,Tribal Lands
2016040203,40203,1,1,0,1,5,COCONINO,0,NONE LISTED,12,3,2016,99,99,0,6,Minor Collector,,.,62,Bureau of Indian Affairs,BIA 21,,36.433088890,-111.036272220,3,Indian Reservation,59,Traffic Sign Support,0,Not a Collision with Motor Vehicle In-Transport,0,1,1,0,4,6,Dark - Unknown Lighting,1,Clear,No,0,0,0,None,None,None,1,2,Non-Interstate,5,Collector,3,Unknown,2,Weekend,2,Other Crash,2,Other Crash,2,Other Crash,2,Other Crash,2,Other Crash,2,Other Crash,2,Other Crash,1,Driver With Positive BAC Testing Crash,1,Involving a Distracted Driver,1,Involving a Drowsy Driver,1,Tribal Lands
2016040204,40204,2,2,0,2,13,MARICOPA,0,NONE LISTED,14,3,2016,5,21,0,7,Local,,.,98,Not Reported,378TH AVE,,33.430233330,-112.867788890,0,No Special Jurisdiction,12,Motor Vehicle In-Transport,2,Front-to-Front,0,1,1,0,1,2,Dark - Not Lighted,1,Clear,No,0,0,0,None,None,None,1,2,Non-Interstate,6,Local,2,Nighttime,2,Weekend,2,Other Crash,2,Other Crash,2,Other Crash,2,Other Crash,2,Other Crash,2,Other Crash,2,Other Crash,2,All Drivers With ZERO BAC Testing Crash,1,Involving a Distracted Driver,2,Other Crash,0,Not Tribal Lands
2016040205,40205,1,1,1,1,13,MARICOPA,200,GLENDALE,15,3,2016,16,30,0,4,Minor Arterial,,.,4,City or Municipal Highway Agency,OLIVE AVE,61ST AVE,33.567502780,-112.190530560,0,No Special Jurisdiction,15,Non-Motorist on Personal Conveyance,0,Not a Collision with Motor Vehicle In-Transport,0,3,3,0,1,1,Daylight,1,Clear,No,0,0,0,None,None,None,1,2,Non-Interstate,4,Minor arterial,1,Daytime,1,Weekday,2,Other Crash,2,Other Crash,2,Other Crash,2,Other Crash,2,Other Crash,2,Other Crash,2,Other Crash,3,Unknown BAC Crash,2,Other Crash,2,Other Crash,0,Not Tribal Lands
2016040207,40207,3,3,0,3,13,MARICOPA,80,CHANDLER,25,3,2016,20,14,0,3,Principal Arterial - Other,,.,4,City or Municipal Highway Agency,WARNER RD,BULLMOOSE DR,33.334944440,-111.884697220,0,No Special Jurisdiction,1,Rollover/Overturn,0,Not a Collision with Motor Vehicle In-Transport,0,2,3,0,1,3,Dark - Lighted,1,Clear,No,0,0,0,None,None,None,1,2,Non-Interstate,3,"Principal arterial, other",2,Nighttime,2,Weekend,2,Other Crash,1,Speeding Involved Crash,2,Other Crash,2,Other Crash,2,Other Crash,2,Other Crash,2,Other Crash,3,Unknown BAC Crash,2,Other Crash,2,Other Crash,0,Not Tribal Lands
2016040208,40208,2,2,0,2,13,MARICOPA,0,NONE LISTED,28,3,2016,6,58,0,7,Local,,.,98,Not Reported,TUTHILL RD,RAINBOW TRL,33.322950000,-112.487061110,0,No Special Jurisdiction,12,Motor Vehicle In-Transport,6,Angle,0,2,3,0,1,1,Daylight,1,Clear,No,0,0,0,None,None,None,1,2,Non-Interstate,6,Local,1,Daytime,1,Weekday,1,Large Truck Involved Crash,2,Other Crash,2,Other Crash,2,Other Crash,2,Other Crash,2,Other Crash,2,Other Crash,2,All Drivers With ZERO BAC Testing Crash,2,Other Crash,2,Other Crash,0,Not Tribal Lands
2016040209,40209,1,1,1,1,13,MARICOPA,0,NONE LISTED,28,3,2016,11,27,0,4,Minor Arterial,,.,2,County Highway Agency,CR-DEL WEBB BLVD,WHITE MOUNTAIN RD,33.624397220,-112.288191670,0,No Special Jurisdiction,9,Pedalcyclist,0,Not a Collision with Motor Vehicle In-Transport,0,3,2,0,1,1,Daylight,1,Clear,No,0,0,0,None,None,None,1,2,Non-Interstate,4,Minor arterial,1,Daytime,1,Weekday,2,Other Crash,2,Other Crash,2,Other Crash,2,Other Crash,1,Pedalcyclist Involved Crash,1,Involving a pedacyclist fatality,2,Other Crash,2,All Drivers With ZERO BAC Testing Crash,2,Other Crash,2,Other Crash,0,Not Tribal Lands
2016040210,40210,2,2,0,2,13,MARICOPA,200,GLENDALE,31,3,2016,7,27,1,3,Principal Arterial - Other,,.,1,State Highway Agency,US-60 GRAND AVE,57TH DR,33.536163890,-112.182983330,0,No Special Jurisdiction,12,Motor Vehicle In-Transport,6,Angle,0,2,3,0,1,1,Daylight,1,Clear,No,0,0,0,None,None,None,1,2,Non-Interstate,3,"Principal arterial, other",1,Daytime,1,Weekday,2,Other Crash,2,Other Crash,2,Other Crash,2,Other Crash,2,Other Crash,2,Other Crash,2,Other Crash,3,Unknown BAC Crash,2,Other Crash,2,Other Crash,0,Not Tribal Lands