accident_id,ST_CASE,VE_TOTAL,VE_FORMS,PEDS,PERSONS,COUNTY,county_name,CITY,city_name,DAY,MONTH,YEAR,HOUR,MINUTE,NHS,FUNC_SYS,func_sys_lit,ROAD_FNC,road_fnc_lit,RD_OWNER,rd_owner_lit,TWAY_ID,TWAY_ID2,LATITUDE,LONGITUD,SP_JUR,sp_jur_lit,HARM_EV,harm_ev_lit,MAN_COLL,man_coll_lit,RELJCT1,RELJCT2,TYP_INT,WRK_ZONE,REL_ROAD,LGT_COND,lgt_cond_lit,WEATHER,weather_lit,SCH_BUS,CF1,CF2,CF3,cf1_lit,cf2_lit,cf3_lit,FATALS,A_INTER,a_inter_lit,A_ROADFC,a_road_fc_lit,A_TOD,a_tod_lit,A_DOW,a_dow_lit,A_LT,a_lt_lit,A_SPCRA,a_spcra_lit,A_PED,a_ped_lit,A_PED_F,a_ped_f_lit,A_PEDAL,a_pedal_lit,A_PEDAL_F,a_pedal_f_lit,A_POLPUR,a_polour_lit,A_POSBAC,a_posbac_lit,A_DIST,a_dist_lit,A_DROWSY,a_drowsy_lit,INDIAN_RES,indian_res_lit
2016040255,40255,1,1,0,1,13,MARICOPA,341,NEW RIVER,7,4,2016,13,14,0,6,Minor Collector,,.,2,County Highway Agency,CR-NEW RIVER RD,,33.901852780,-112.080825000,0,No Special Jurisdiction,35,Embankment,0,Not a Collision with Motor Vehicle In-Transport,0,1,1,0,4,1,Daylight,1,Clear,No,0,0,0,None,None,None,1,2,Non-Interstate,5,Collector,1,Daytime,1,Weekday,2,Other Crash,2,Other Crash,2,Other Crash,2,Other Crash,2,Other Crash,2,Other Crash,2,Other Crash,2,All Drivers With ZERO BAC Testing Crash,2,Other Crash,2,Other Crash,0,Not Tribal Lands
2016040256,40256,1,1,0,1,1,APACHE,0,NONE LISTED,8,4,2016,21,50,0,7,Local,,.,62,Bureau of Indian Affairs,BIA 251,,99.999900000,999.999900000,3,Indian Reservation,1,Rollover/Overturn,0,Not a Collision with Motor Vehicle In-Transport,0,99,99,0,4,6,Dark - Unknown Lighting,98,Not Reported,No,0,0,0,None,None,None,1,2,Non-Interstate,6,Local,2,Nighttime,2,Weekend,2,Other Crash,2,Other Crash,2,Other Crash,2,Other Crash,2,Other Crash,2,Other Crash,2,Other Crash,3,Unknown BAC Crash,2,Other Crash,2,Other Crash,1,Tribal Lands
2016040257,40257,1,1,1,1,21,PINAL,70,CASA GRANDE,9,4,2016,18,53,0,7,Local,,.,4,City or Municipal Highway Agency,KADOTA AVE,SAGUARO ST,32.893163890,-111.744263890,0,No Special Jurisdiction,9,Pedalcyclist,0,Not a Collision with Motor Vehicle In-Transport,0,3,3,0,1,1,Daylight,1,Clear,No,0,0,0,None,None,None,1,2,Non-Interstate,6,Local,2,Nighttime,2,Weekend,2,Other Crash,1,Speeding Involved Crash,2,Other Crash,2,Other Crash,1,Pedalcyclist Involved Crash,1,Involving a pedacyclist fatality,2,Other Crash,1,Driver With Positive BAC Testing Crash,2,Other Crash,2,Other Crash,0,Not Tribal Lands
2016040258,40258,2,2,0,2,13,MARICOPA,0,NONE LISTED,11,4,2016,19,6,0,4,Minor Arterial,,.,2,County Highway Agency,CR-DEL WEBB BLVD,CR-THUNDERBIRD BLVD,33.605600000,-112.289550000,0,No Special Jurisdiction,12,Motor Vehicle In-Transport,6,Angle,0,2,2,0,1,3,Dark - Lighted,1,Clear,No,0,0,0,None,None,None,1,2,Non-Interstate,4,Minor arterial,2,Nighttime,1,Weekday,2,Other Crash,1,Speeding Involved Crash,2,Other Crash,2,Other Crash,2,Other Crash,2,Other Crash,2,Other Crash,1,Driver With Positive BAC Testing Crash,2,Other Crash,2,Other Crash,0,Not Tribal Lands
2016040259,40259,1,1,0,4,21,PINAL,110,COOLIDGE,12,4,2016,0,30,0,7,Local,,.,4,City or Municipal Highway Agency,MACRAE RD,,32.988505560,-111.575911110,0,No Special Jurisdiction,1,Rollover/Overturn,0,Not a Collision with Motor Vehicle In-Transport,0,1,1,0,4,2,Dark - Not Lighted,1,Clear,No,0,0,0,None,None,None,1,2,Non-Interstate,6,Local,2,Nighttime,1,Weekday,2,Other Crash,1,Speeding Involved Crash,2,Other Crash,2,Other Crash,2,Other Crash,2,Other Crash,2,Other Crash,1,Driver With Positive BAC Testing Crash,2,Other Crash,2,Other Crash,0,Not Tribal Lands
2016040260,40260,3,2,0,3,13,MARICOPA,200,GLENDALE,21,4,2016,10,51,1,3,Principal Arterial - Other,,.,4,City or Municipal Highway Agency,BELL RD,63RD AVE,33.638608330,-112.195138890,0,No Special Jurisdiction,12,Motor Vehicle In-Transport,6,Angle,0,2,2,0,1,1,Daylight,1,Clear,No,0,0,0,None,None,None,1,2,Non-Interstate,3,"Principal arterial, other",1,Daytime,1,Weekday,2,Other Crash,2,Other Crash,2,Other Crash,2,Other Crash,2,Other Crash,2,Other Crash,2,Other Crash,3,Unknown BAC Crash,2,Other Crash,2,Other Crash,0,Not Tribal Lands
2016040261,40261,2,2,0,2,13,MARICOPA,200,GLENDALE,22,4,2016,20,32,0,4,Minor Arterial,,.,4,City or Municipal Highway Agency,NORTHERN AVE,,99.999900000,999.999900000,0,No Special Jurisdiction,1,Rollover/Overturn,0,Not a Collision with Motor Vehicle In-Transport,0,8,1,0,1,6,Dark - Unknown Lighting,98,Not Reported,No,0,0,0,None,None,None,1,2,Non-Interstate,4,Minor arterial,2,Nighttime,2,Weekend,2,Other Crash,2,Other Crash,2,Other Crash,2,Other Crash,2,Other Crash,2,Other Crash,2,Other Crash,3,Unknown BAC Crash,2,Other Crash,2,Other Crash,0,Not Tribal Lands
2016040262,40262,2,2,0,6,13,MARICOPA,0,NONE LISTED,24,4,2016,4,11,1,3,Principal Arterial - Other,,.,1,State Highway Agency,SR-347,,33.247891670,-111.979161110,3,Indian Reservation,12,Motor Vehicle In-Transport,2,Front-to-Front,0,1,1,0,1,2,Dark - Not Lighted,1,Clear,No,0,0,0,None,None,None,3,2,Non-Interstate,3,"Principal arterial, other",2,Nighttime,2,Weekend,1,Large Truck Involved Crash,2,Other Crash,2,Other Crash,2,Other Crash,2,Other Crash,2,Other Crash,2,Other Crash,1,Driver With Positive BAC Testing Crash,2,Other Crash,2,Other Crash,1,Tribal Lands
2016040263,40263,1,1,0,1,13,MARICOPA,0,NONE LISTED,26,4,2016,16,35,0,5,Major Collector,,.,2,County Highway Agency,CR-SALOME HWY,,33.367047220,-112.750694440,0,No Special Jurisdiction,35,Embankment,0,Not a Collision with Motor Vehicle In-Transport,0,1,1,0,4,1,Daylight,1,Clear,No,0,0,0,None,None,None,1,2,Non-Interstate,5,Collector,1,Daytime,1,Weekday,2,Other Crash,2,Other Crash,2,Other Crash,2,Other Crash,2,Other Crash,2,Other Crash,2,Other Crash,1,Driver With Positive BAC Testing Crash,2,Other Crash,2,Other Crash,0,Not Tribal Lands
2016040264,40264,2,2,0,2,13,MARICOPA,290,MESA,5,4,2016,8,1,1,2,Principal Arterial - Other Freeways,,.,1,State Highway Agency,US-60,,33.385875000,-111.846361110,0,No Special Jurisdiction,39,Wall,0,Not a Collision with Motor Vehicle In-Transport,0,1,1,0,4,1,Daylight,1,Clear,No,0,0,0,None,None,None,1,2,Non-Interstate,2,"Freeway and expressway, principal arterial",1,Daytime,1,Weekday,2,Other Crash,2,Other Crash,2,Other Crash,2,Other Crash,2,Other Crash,2,Other Crash,2,Other Crash,3,Unknown BAC Crash,2,Other Crash,2,Other Crash,0,Not Tribal Lands
2016040265,40265,2,2,0,3,21,PINAL,0,NONE LISTED,21,4,2016,0,52,1,3,Principal Arterial - Other,,.,1,State Highway Agency,SR-347,,33.184488890,-112.000427780,3,Indian Reservation,12,Motor Vehicle In-Transport,8,Sideswipe - Opposite Direction,0,1,1,0,1,2,Dark - Not Lighted,1,Clear,No,0,0,0,None,None,None,1,2,Non-Interstate,3,"Principal arterial, other",2,Nighttime,1,Weekday,1,Large Truck Involved Crash,2,Other Crash,2,Other Crash,2,Other Crash,2,Other Crash,2,Other Crash,2,Other Crash,3,Unknown BAC Crash,2,Other Crash,2,Other Crash,1,Tribal Lands
2016040266,40266,1,1,1,3,13,MARICOPA,370,PHOENIX,1,4,2016,21,1,0,3,Principal Arterial - Other,,.,4,City or Municipal Highway Agency,19TH AVE,TUCKEY LN,33.534575000,-112.099661110,0,No Special Jurisdiction,8,Pedestrian,0,Not a Collision with Motor Vehicle In-Transport,0,2,2,0,1,3,Dark - Lighted,1,Clear,No,0,0,0,None,None,None,1,2,Non-Interstate,3,"Principal arterial, other",2,Nighttime,2,Weekend,2,Other Crash,2,Other Crash,1,Pedestrian Involved Crash,1,Involving a pedestrian fatality,2,Other Crash,2,Other Crash,2,Other Crash,3,Unknown BAC Crash,2,Other Crash,2,Other Crash,0,Not Tribal Lands
2016040267,40267,1,1,1,1,13,MARICOPA,370,PHOENIX,2,4,2016,3,21,0,4,Minor Arterial,,.,4,City or Municipal Highway Agency,27TH AVE,,99.999900000,999.999900000,0,No Special Jurisdiction,9,Pedalcyclist,0,Not a Collision with Motor Vehicle In-Transport,0,1,1,0,1,6,Dark - Unknown Lighting,98,Not Reported,No,0,0,0,None,None,None,1,2,Non-Interstate,4,Minor arterial,2,Nighttime,2,Weekend,2,Other Crash,2,Other Crash,2,Other Crash,2,Other Crash,1,Pedalcyclist Involved Crash,1,Involving a pedacyclist fatality,2,Other Crash,3,Unknown BAC Crash,2,Other Crash,2,Other Crash,0,Not Tribal Lands
2016040268,40268,3,3,0,5,13,MARICOPA,370,PHOENIX,2,4,2016,17,40,0,5,Major Collector,,.,4,City or Municipal Highway Agency,HATCHER RD,8TH ST,33.571366670,-112.063211110,0,No Special Jurisdiction,12,Motor Vehicle In-Transport,1,Front-to-Rear,0,3,3,0,1,1,Daylight,1,Clear,No,0,0,0,None,None,None,1,2,Non-Interstate,5,Collector,1,Daytime,2,Weekend,2,Other Crash,1,Speeding Involved Crash,2,Other Crash,2,Other Crash,2,Other Crash,2,Other Crash,2,Other Crash,3,Unknown BAC Crash,2,Other Crash,2,Other Crash,0,Not Tribal Lands
2016040269,40269,2,2,0,4,13,MARICOPA,370,PHOENIX,7,4,2016,18,24,0,4,Minor Arterial,,.,4,City or Municipal Highway Agency,NORTHERN AVE,19TH DR,33.553169440,-112.101444440,0,No Special Jurisdiction,12,Motor Vehicle In-Transport,6,Angle,0,2,3,0,1,9,Unknown,98,Not Reported,No,0,0,0,None,None,None,1,2,Non-Interstate,4,Minor arterial,2,Nighttime,1,Weekday,2,Other Crash,2,Other Crash,2,Other Crash,2,Other Crash,2,Other Crash,2,Other Crash,2,Other Crash,1,Driver With Positive BAC Testing Crash,2,Other Crash,2,Other Crash,0,Not Tribal Lands
2016040270,40270,1,1,1,1,13,MARICOPA,370,PHOENIX,8,4,2016,2,4,0,4,Minor Arterial,,.,4,City or Municipal Highway Agency,MCDOWELL RD,,99.999900000,999.999900000,0,No Special Jurisdiction,8,Pedestrian,0,Not a Collision with Motor Vehicle In-Transport,0,1,1,0,1,6,Dark - Unknown Lighting,98,Not Reported,No,0,0,0,None,None,None,1,2,Non-Interstate,4,Minor arterial,2,Nighttime,1,Weekday,2,Other Crash,2,Other Crash,1,Pedestrian Involved Crash,1,Involving a pedestrian fatality,2,Other Crash,2,Other Crash,2,Other Crash,3,Unknown BAC Crash,2,Other Crash,2,Other Crash,0,Not Tribal Lands
2016040271,40271,1,1,1,1,13,MARICOPA,370,PHOENIX,12,4,2016,20,25,0,4,Minor Arterial,,.,4,City or Municipal Highway Agency,CENTRAL AVE,,99.999900000,999.999900000,0,No Special Jurisdiction,8,Pedestrian,0,Not a Collision with Motor Vehicle In-Transport,0,1,1,0,1,6,Dark - Unknown Lighting,98,Not Reported,No,0,0,0,None,None,None,1,2,Non-Interstate,4,Minor arterial,2,Nighttime,1,Weekday,2,Other Crash,2,Other Crash,1,Pedestrian Involved Crash,1,Involving a pedestrian fatality,2,Other Crash,2,Other Crash,2,Other Crash,3,Unknown BAC Crash,2,Other Crash,2,Other Crash,0,Not Tribal Lands
2016040272,40272,2,2,0,3,13,MARICOPA,370,PHOENIX,17,4,2016,17,14,0,3,Principal Arterial - Other,,.,4,City or Municipal Highway Agency,35TH AVE,,33.683147220,-112.134850000,0,No Special Jurisdiction,12,Motor Vehicle In-Transport,6,Angle,0,8,1,0,1,9,Unknown,98,Not Reported,No,0,0,0,None,None,None,1,2,Non-Interstate,3,"Principal arterial, other",1,Daytime,2,Weekend,2,Other Crash,2,Other Crash,2,Other Crash,2,Other Crash,2,Other Crash,2,Other Crash,2,Other Crash,3,Unknown BAC Crash,2,Other Crash,2,Other Crash,0,Not Tribal Lands
2016040273,40273,2,2,0,3,13,MARICOPA,370,PHOENIX,18,4,2016,15,4,0,4,Minor Arterial,,.,4,City or Municipal Highway Agency,GREENWAY RD,47TH AVE,33.625186110,-112.159508330,0,No Special Jurisdiction,12,Motor Vehicle In-Transport,2,Front-to-Front,0,3,2,0,1,1,Daylight,98,Not Reported,No,0,0,0,None,None,None,1,2,Non-Interstate,4,Minor arterial,1,Daytime,1,Weekday,2,Other Crash,2,Other Crash,2,Other Crash,2,Other Crash,2,Other Crash,2,Other Crash,2,Other Crash,3,Unknown BAC Crash,2,Other Crash,2,Other Crash,0,Not Tribal Lands
2016040274,40274,1,1,0,3,13,MARICOPA,370,PHOENIX,19,4,2016,23,4,1,1,Interstate,,.,1,State Highway Agency,I-17 FRONTAGE RD,,33.552063890,-112.111933330,0,No Special Jurisdiction,33,Curb,0,Not a Collision with Motor Vehicle In-Transport,1,19,1,0,4,6,Dark - Unknown Lighting,98,Not Reported,No,0,0,0,None,None,None,1,1,Interstate,1,"Interstate, principal arterial",2,Nighttime,1,Weekday,2,Other Crash,2,Other Crash,2,Other Crash,2,Other Crash,2,Other Crash,2,Other Crash,2,Other Crash,3,Unknown BAC Crash,2,Other Crash,2,Other Crash,0,Not Tribal Lands
2016040275,40275,2,2,0,3,13,MARICOPA,370,PHOENIX,23,4,2016,9,39,1,3,Principal Arterial - Other,,.,4,City or Municipal Highway Agency,BASELINE RD,42ND PL,33.378138890,-111.992513890,0,No Special Jurisdiction,1,Rollover/Overturn,0,Not a Collision with Motor Vehicle In-Transport,0,3,3,0,1,1,Daylight,1,Clear,No,0,0,0,None,None,None,1,2,Non-Interstate,3,"Principal arterial, other",1,Daytime,2,Weekend,1,Large Truck Involved Crash,2,Other Crash,2,Other Crash,2,Other Crash,2,Other Crash,2,Other Crash,2,Other Crash,3,Unknown BAC Crash,2,Other Crash,2,Other Crash,0,Not Tribal Lands
2016040276,40276,1,1,1,1,13,MARICOPA,370,PHOENIX,24,4,2016,1,25,0,3,Principal Arterial - Other,,.,4,City or Municipal Highway Agency,35TH AVE,,99.999900000,999.999900000,0,No Special Jurisdiction,9,Pedalcyclist,0,Not a Collision with Motor Vehicle In-Transport,0,1,1,0,1,6,Dark - Unknown Lighting,98,Not Reported,No,0,0,0,None,None,None,1,2,Non-Interstate,3,"Principal arterial, other",2,Nighttime,2,Weekend,2,Other Crash,2,Other Crash,2,Other Crash,2,Other Crash,1,Pedalcyclist Involved Crash,1,Involving a pedacyclist fatality,2,Other Crash,3,Unknown BAC Crash,2,Other Crash,2,Other Crash,0,Not Tribal Lands
2016040277,40277,1,1,0,3,5,COCONINO,0,NONE LISTED,24,4,2016,15,32,1,1,Interstate,,.,1,State Highway Agency,I-17,,34.893236110,-111.641283330,0,No Special Jurisdiction,42,Tree (Standing Only),0,Not a Collision with Motor Vehicle In-Transport,0,1,1,0,4,1,Daylight,10,Cloudy,No,0,0,0,None,None,None,1,1,Interstate,1,"Interstate, principal arterial",1,Daytime,2,Weekend,2,Other Crash,2,Other Crash,2,Other Crash,2,Other Crash,2,Other Crash,2,Other Crash,2,Other Crash,3,Unknown BAC Crash,2,Other Crash,1,Involving a Drowsy Driver,0,Not Tribal Lands
2016040278,40278,1,1,0,1,13,MARICOPA,370,PHOENIX,27,4,2016,3,39,0,3,Principal Arterial - Other,,.,4,City or Municipal Highway Agency,HAPPY VALLEY RD,,33.712255560,-112.186719440,0,No Special Jurisdiction,46,Traffic Signal Support,0,Not a Collision with Motor Vehicle In-Transport,0,8,1,0,4,6,Dark - Unknown Lighting,98,Not Reported,No,0,0,0,None,None,None,1,2,Non-Interstate,3,"Principal arterial, other",2,Nighttime,1,Weekday,2,Other Crash,2,Other Crash,2,Other Crash,2,Other Crash,2,Other Crash,2,Other Crash,2,Other Crash,1,Driver With Positive BAC Testing Crash,2,Other Crash,2,Other Crash,0,Not Tribal Lands
2016040279,40279,3,3,0,6,13,MARICOPA,370,PHOENIX,29,4,2016,23,4,0,3,Principal Arterial - Other,,.,4,City or Municipal Highway Agency,THOMAS RD,,33.480522220,-112.163919440,0,No Special Jurisdiction,1,Rollover/Overturn,0,Not a Collision with Motor Vehicle In-Transport,0,1,1,0,1,3,Dark - Lighted,1,Clear,No,0,0,0,None,None,None,1,2,Non-Interstate,3,"Principal arterial, other",2,Nighttime,2,Weekend,2,Other Crash,1,Speeding Involved Crash,2,Other Crash,2,Other Crash,2,Other Crash,2,Other Crash,2,Other Crash,3,Unknown BAC Crash,2,Other Crash,2,Other Crash,0,Not Tribal Lands
2016040280,40280,1,1,0,2,13,MARICOPA,370,PHOENIX,30,4,2016,6,20,0,7,Local,,.,98,Not Reported,JOMAX RD,52ND ST,33.726627780,-111.969513890,0,No Special Jurisdiction,1,Rollover/Overturn,0,Not a Collision with Motor Vehicle In-Transport,0,3,10,0,4,4,Dawn,1,Clear,No,0,0,0,None,None,None,2,2,Non-Interstate,6,Local,1,Daytime,2,Weekend,2,Other Crash,1,Speeding Involved Crash,2,Other Crash,2,Other Crash,2,Other Crash,2,Other Crash,2,Other Crash,1,Driver With Positive BAC Testing Crash,2,Other Crash,2,Other Crash,0,Not Tribal Lands
2016040281,40281,1,1,1,1,13,MARICOPA,370,PHOENIX,30,4,2016,19,34,0,3,Principal Arterial - Other,,.,4,City or Municipal Highway Agency,19TH AVE,,99.999900000,999.999900000,0,No Special Jurisdiction,8,Pedestrian,0,Not a Collision with Motor Vehicle In-Transport,0,1,1,0,1,9,Unknown,98,Not Reported,No,0,0,0,None,None,None,1,2,Non-Interstate,3,"Principal arterial, other",2,Nighttime,2,Weekend,2,Other Crash,2,Other Crash,1,Pedestrian Involved Crash,1,Involving a pedestrian fatality,2,Other Crash,2,Other Crash,2,Other Crash,3,Unknown BAC Crash,2,Other Crash,2,Other Crash,0,Not Tribal Lands
2016040282,40282,3,3,0,5,13,MARICOPA,60,BUCKEYE,1,5,2016,17,5,1,1,Interstate,,.,1,State Highway Agency,I-10,,33.450322220,-112.726013890,0,No Special Jurisdiction,12,Motor Vehicle In-Transport,7,Sideswipe - Same Direction,0,1,1,0,1,1,Daylight,1,Clear,No,0,0,0,None,None,None,1,1,Interstate,1,"Interstate, principal arterial",1,Daytime,2,Weekend,2,Other Crash,2,Other Crash,2,Other Crash,2,Other Crash,2,Other Crash,2,Other Crash,2,Other Crash,3,Unknown BAC Crash,2,Other Crash,2,Other Crash,0,Not Tribal Lands
2016040283,40283,1,1,1,1,19,PIMA,530,TUCSON,2,5,2016,21,25,0,3,Principal Arterial - Other,,.,4,City or Municipal Highway Agency,SR-19B NOGALES HWY,,32.138913890,-110.961602780,0,No Special Jurisdiction,8,Pedestrian,0,Not a Collision with Motor Vehicle In-Transport,0,1,1,0,1,2,Dark - Not Lighted,1,Clear,No,0,0,0,None,None,None,1,2,Non-Interstate,3,"Principal arterial, other",2,Nighttime,1,Weekday,2,Other Crash,2,Other Crash,1,Pedestrian Involved Crash,1,Involving a pedestrian fatality,2,Other Crash,2,Other Crash,2,Other Crash,2,All Drivers With ZERO BAC Testing Crash,2,Other Crash,2,Other Crash,0,Not Tribal Lands
2016040284,40284,1,1,0,1,5,COCONINO,0,NONE LISTED,5,5,2016,6,38,0,5,Major Collector,,.,1,State Highway Agency,US-180,,35.633316670,-112.120133330,0,No Special Jurisdiction,1,Rollover/Overturn,0,Not a Collision with Motor Vehicle In-Transport,0,1,1,0,4,1,Daylight,1,Clear,No,0,0,0,None,None,None,1,2,Non-Interstate,5,Collector,1,Daytime,1,Weekday,2,Other Crash,2,Other Crash,2,Other Crash,2,Other Crash,2,Other Crash,2,Other Crash,2,Other Crash,3,Unknown BAC Crash,2,Other Crash,2,Other Crash,0,Not Tribal Lands
2016040286,40286,1,1,0,1,13,MARICOPA,190,GILBERT,7,5,2016,19,28,0,3,Principal Arterial - Other,,.,3,Town or Township Highway Agency,WARNER RD,,33.335694440,-111.747350000,0,No Special Jurisdiction,33,Curb,0,Not a Collision with Motor Vehicle In-Transport,0,1,1,0,3,3,Dark - Lighted,1,Clear,No,0,0,0,None,None,None,1,2,Non-Interstate,3,"Principal arterial, other",2,Nighttime,2,Weekend,2,Other Crash,2,Other Crash,2,Other Crash,2,Other Crash,2,Other Crash,2,Other Crash,2,Other Crash,2,All Drivers With ZERO BAC Testing Crash,2,Other Crash,2,Other Crash,0,Not Tribal Lands
2016040289,40289,3,3,0,4,19,PIMA,530,TUCSON,14,5,2016,7,3,1,2,Principal Arterial - Other Freeways,,.,4,City or Municipal Highway Agency,GOLF LINKS RD,,32.192277780,-110.870605560,0,No Special Jurisdiction,12,Motor Vehicle In-Transport,2,Front-to-Front,0,1,1,0,1,4,Dawn,10,Cloudy,No,0,0,0,None,None,None,2,2,Non-Interstate,2,"Freeway and expressway, principal arterial",1,Daytime,2,Weekend,1,Large Truck Involved Crash,2,Other Crash,2,Other Crash,2,Other Crash,2,Other Crash,2,Other Crash,2,Other Crash,3,Unknown BAC Crash,2,Other Crash,2,Other Crash,0,Not Tribal Lands
2016040290,40290,1,1,0,1,1,APACHE,0,NONE LISTED,16,5,2016,5,59,0,5,Major Collector,,.,1,State Highway Agency,SR-61,,34.506413890,-109.478050000,0,No Special Jurisdiction,52,Guardrail End,0,Not a Collision with Motor Vehicle In-Transport,0,1,1,0,4,1,Daylight,1,Clear,No,0,0,0,None,None,None,1,2,Non-Interstate,5,Collector,2,Nighttime,2,Weekend,2,Other Crash,1,Speeding Involved Crash,2,Other Crash,2,Other Crash,2,Other Crash,2,Other Crash,2,Other Crash,3,Unknown BAC Crash,2,Other Crash,2,Other Crash,0,Not Tribal Lands
2016040291,40291,1,1,0,3,25,YAVAPAI,0,NONE LISTED,17,5,2016,5,38,1,1,Interstate,,.,1,State Highway Agency,I-40,,35.279544440,-113.128963890,0,No Special Jurisdiction,1,Rollover/Overturn,0,Not a Collision with Motor Vehicle In-Transport,0,1,1,0,1,4,Dawn,1,Clear,No,0,0,0,None,None,None,1,1,Interstate,1,"Interstate, principal arterial",2,Nighttime,1,Weekday,2,Other Crash,2,Other Crash,2,Other Crash,2,Other Crash,2,Other Crash,2,Other Crash,2,Other Crash,3,Unknown BAC Crash,2,Other Crash,1,Involving a Drowsy Driver,0,Not Tribal Lands
2016040292,40292,2,2,0,2,19,PIMA,530,TUCSON,18,5,2016,10,36,0,3,Principal Arterial - Other,,.,4,City or Municipal Highway Agency,1ST AVE,RIVER RD,32.295458330,-110.961191670,0,No Special Jurisdiction,12,Motor Vehicle In-Transport,2,Front-to-Front,0,2,2,0,1,1,Daylight,10,Cloudy,No,0,0,0,None,None,None,1,2,Non-Interstate,3,"Principal arterial, other",1,Daytime,1,Weekday,2,Other Crash,2,Other Crash,2,Other Crash,2,Other Crash,2,Other Crash,2,Other Crash,2,Other Crash,2,All Drivers With ZERO BAC Testing Crash,2,Other Crash,2,Other Crash,0,Not Tribal Lands
2016040293,40293,1,1,1,1,19,PIMA,295,MARANA,19,5,2016,2,43,1,1,Interstate,,.,1,State Highway Agency,I-10,,32.408133330,-111.141280560,0,No Special Jurisdiction,8,Pedestrian,0,Not a Collision with Motor Vehicle In-Transport,0,1,1,0,1,2,Dark - Not Lighted,1,Clear,No,0,0,0,None,None,None,1,1,Interstate,1,"Interstate, principal arterial",2,Nighttime,1,Weekday,1,Large Truck Involved Crash,2,Other Crash,1,Pedestrian Involved Crash,1,Involving a pedestrian fatality,2,Other Crash,2,Other Crash,2,Other Crash,3,Unknown BAC Crash,2,Other Crash,2,Other Crash,0,Not Tribal Lands
2016040294,40294,2,2,0,3,13,MARICOPA,60,BUCKEYE,20,5,2016,3,39,1,1,Interstate,,.,1,State Highway Agency,I-10,,33.428280560,-112.608169440,0,No Special Jurisdiction,12,Motor Vehicle In-Transport,2,Front-to-Front,0,1,1,0,1,2,Dark - Not Lighted,1,Clear,No,0,0,0,None,None,None,1,1,Interstate,1,"Interstate, principal arterial",2,Nighttime,1,Weekday,1,Large Truck Involved Crash,1,Speeding Involved Crash,2,Other Crash,2,Other Crash,2,Other Crash,2,Other Crash,2,Other Crash,1,Driver With Positive BAC Testing Crash,2,Other Crash,2,Other Crash,0,Not Tribal Lands
2016040295,40295,1,1,0,1,15,MOHAVE,0,NONE LISTED,20,5,2016,8,45,0,7,Local,,.,98,Not Reported,OLD HIGHWAY 93,,35.135430560,-113.725200000,0,No Special Jurisdiction,34,Ditch,0,Not a Collision with Motor Vehicle In-Transport,0,1,1,0,4,2,Dark - Not Lighted,1,Clear,No,0,0,0,None,None,None,1,2,Non-Interstate,6,Local,1,Daytime,1,Weekday,2,Other Crash,1,Speeding Involved Crash,2,Other Crash,2,Other Crash,2,Other Crash,2,Other Crash,2,Other Crash,1,Driver With Positive BAC Testing Crash,2,Other Crash,2,Other Crash,0,Not Tribal Lands
2016040296,40296,1,1,0,2,1,APACHE,0,NONE LISTED,21,5,2016,19,23,1,3,Principal Arterial - Other,,.,1,State Highway Agency,US-160,,36.793766670,-109.941488890,3,Indian Reservation,1,Rollover/Overturn,0,Not a Collision with Motor Vehicle In-Transport,0,1,1,0,4,2,Dark - Not Lighted,1,Clear,No,0,0,0,None,None,None,1,2,Non-Interstate,3,"Principal arterial, other",2,Nighttime,2,Weekend,2,Other Crash,2,Other Crash,2,Other Crash,2,Other Crash,2,Other Crash,2,Other Crash,2,Other Crash,3,Unknown BAC Crash,2,Other Crash,2,Other Crash,1,Tribal Lands
2016040297,40297,1,1,0,2,13,MARICOPA,0,NONE LISTED,22,5,2016,6,8,0,5,Major Collector,,.,1,State Highway Agency,SR-74,,33.838411110,-112.481683330,0,No Special Jurisdiction,1,Rollover/Overturn,0,Not a Collision with Motor Vehicle In-Transport,0,1,1,0,4,4,Dawn,1,Clear,No,0,0,0,None,None,None,1,2,Non-Interstate,5,Collector,1,Daytime,2,Weekend,2,Other Crash,1,Speeding Involved Crash,2,Other Crash,2,Other Crash,2,Other Crash,2,Other Crash,2,Other Crash,2,All Drivers With ZERO BAC Testing Crash,2,Other Crash,1,Involving a Drowsy Driver,0,Not Tribal Lands
2016040298,40298,1,1,0,1,21,PINAL,70,CASA GRANDE,23,5,2016,3,46,0,7,Local,,.,4,City or Municipal Highway Agency,MIDWAY RD,,32.875197220,-111.877613890,0,No Special Jurisdiction,1,Rollover/Overturn,0,Not a Collision with Motor Vehicle In-Transport,0,1,1,0,4,2,Dark - Not Lighted,1,Clear,No,0,0,0,None,None,None,1,2,Non-Interstate,6,Local,2,Nighttime,2,Weekend,1,Large Truck Involved Crash,2,Other Crash,2,Other Crash,2,Other Crash,2,Other Crash,2,Other Crash,2,Other Crash,2,All Drivers With ZERO BAC Testing Crash,1,Involving a Distracted Driver,2,Other Crash,0,Not Tribal Lands